grb_name,ep_type,model_name,flux,flux_lower,flux_upper,fluence,fluence_lower,fluence_upper
GRB080916009,T90,SBPL_BB,5.864834316348836,0.04549501277082779,0.047757958149737156,1.1897479517351507e-06,1.7478707945618043e-08,1.9916815121806007e-08
GRB080916009,EX0,BAND_BB,11.954959875643382,0.20116109735522159,0.22513650986893907,3.246978892337526e-06,7.913352696936745e-08,9.468470459082678e-08
GRB080916009,TR1,BAND_BB,13.399775881288477,0.24033756795629557,0.28471283527116675,3.699605811051785e-06,9.316016966732183e-08,1.1532358095702946e-07
GRB080916009,TR2,BAND,8.224657725568028,0.11334086135584975,0.12071736265831312,1.7434946710443805e-06,3.7702150036034096e-08,4.4699190846987204e-08
GRB080916009,TR3,SBPL,5.173580084773989,0.05355433009116606,0.052087592270295247,1.001048689619999e-06,1.5885859598323936e-08,1.851101693339945e-08
GRB080916009,TR4,SBPL,3.5677991704574668,0.17895618348122966,0.15925274459429994,5.993576655251814e-07,3.42932738439005e-08,3.140002492943391e-08
GRB080916009,EX1,SBPL,2.634304135798144,0.1570587530672194,0.12056556327285772,,,
GRB080916009,TR5,SBPL,,,,,,
