GRB,episode,model,z,Gamma_min_A,Gamma_min_A_err_lower,Gamma_min_A_err_upper,seed
GRB131014A,T90,BAND_BB,1.0,243.77990553357765,1.9269293169164712,2.0552475598587705,1051076921
GRB131014A,T90,BAND_BB,1.0335314476204913,248.35733694623173,1.9681255766087702,2.097993071390732,1051076921
GRB131014A,T90,BAND_BB,1.0681872532205086,253.05522386882598,2.009260743535407,2.1419827039296138,1051076921
GRB131014A,T90,BAND_BB,1.1040051181507486,257.8768335532084,2.05081865992247,2.1865767683799504,1051076921
GRB131014A,T90,BAND_BB,1.1410240079427747,262.82551269074594,2.0930479092601217,2.2323505499838916,1051076921
GRB131014A,T90,BAND_BB,1.179284194698831,267.90468957892523,2.1359275830366755,2.2798422491453607,1051076921
GRB131014A,T90,BAND_BB,1.2188273009030484,273.1178763655587,2.180210945777162,2.327429998692594,1051076921
GRB131014A,T90,BAND_BB,1.2596963447017038,278.4686713687508,2.225838672545194,2.3754237083171574,1051076921
GRB131014A,T90,BAND_BB,1.3019357867017933,283.9607614704002,2.271845749455906,2.4240844558823937,1051076921
GRB131014A,T90,BAND_BB,1.345591578338828,289.5979245807357,2.318945512440223,2.4741506821197845,1051076921
GRB131014A,T90,BAND_BB,1.3907112118664706,295.38403217115473,2.367116627273731,2.525413186921128,1051076921
GRB131014A,T90,BAND_BB,1.4373437720224012,301.3230518725002,2.416223924973224,2.5776953434380516,1051076921
GRB131014A,T90,BAND_BB,1.48553998942661,307.41905013585443,2.466253068030767,2.6310126422954454,1051076921
GRB131014A,T90,BAND_BB,1.5353522957702137,313.67619495295844,2.51715966722179,2.6855944983503264,1051076921
GRB131014A,T90,BAND_BB,1.5868348808548336,320.09875863347605,2.5690900592765047,2.7411829133176866,1051076921
GRB131014A,T90,BAND_BB,1.6400437515445863,326.69112063651215,2.62206044293157,2.797729906518782,1051076921
GRB131014A,T90,BAND_BB,1.6950367926948178,333.457770454057,2.6760871299141513,2.85524365179333,1051076921
GRB131014A,T90,BAND_BB,1.7518738301238697,340.40331054435586,2.7311865458856914,2.9137320777600735,1051076921
GRB131014A,T90,BAND_BB,1.8106166956963778,347.5324593135883,2.787297932884428,2.9735290354441304,1051076921
GRB131014A,T90,BAND_BB,1.8713292945889082,354.85005414466934,2.844370070387413,3.0345308255324426,1051076921
GRB131014A,T90,BAND_BB,1.9340776748111073,362.36105447245177,2.902497062864086,3.0966937088980444,1051076921
GRB131014A,T90,BAND_BB,1.9989300990579977,370.0705449050962,2.9616920053794615,3.1600336652972487,1051076921
GRB131014A,T90,BAND_BB,2.0,370.19728896426454,2.962661262644872,3.1610710873095513,1051076921
GRB131014A,T90,BAND_BB,2.0659571189715846,377.9837383918793,3.0222717162177446,3.2253375952150236,1051076921
GRB131014A,T90,BAND_BB,2.135231651892562,386.1059794382173,3.0839665206480618,3.2915712755893765,1051076921
GRB131014A,T90,BAND_BB,2.2068290601856124,394.4427473691729,3.1462761140630278,3.3589479091062344,1051076921
GRB131014A,T90,BAND_BB,2.2808272332246045,402.99965964320756,3.211089945290837,3.425618003250179,1051076921
GRB131014A,T90,BAND_BB,2.3573066721268656,411.78247521838625,3.27693478365552,3.49385440367638,1051076921
GRB131014A,T90,BAND_BB,2.436350577328722,420.7970979736776,3.343507701605688,3.5650425039412426,1051076921
GRB131014A,T90,BAND_BB,2.518044939097574,430.04958018838363,3.411252663621781,3.636478487188583,1051076921
GRB131014A,T90,BAND_BB,2.6024786310789683,439.54612608308395,3.4793334528318383,3.7094316354308035,1051076921
GRB131014A,T90,BAND_BB,2.6897435069804407,449.2930954257913,3.547243353222086,3.783983937294977,1051076921
GRB131014A,T90,BAND_BB,2.779934500497312,459.2970072072872,3.6190534995278085,3.8572597592754505,1051076921
GRB131014A,T90,BAND_BB,2.8731497285891345,469.5645433898288,3.6919446016042343,3.93291299466523,1051076921
GRB131014A,T90,BAND_BB,2.96949059821915,480.1025527336053,3.7669571585995527,4.007490551257035,1051076921
GRB131014A,T90,BAND_BB,3.0,483.42456249212506,3.790449106937672,4.030978399420576,1051076921
GRB131014A,T90,BAND_BB,3.069061916672877,490.918054705463,3.8413515601682207,4.084899306734883,1051076921
GRB131014A,T90,BAND_BB,3.1719720055758387,502.01824347453197,3.9167819197653557,4.162291519927237,1051076921
GRB131014A,T90,BAND_BB,3.2783328187344702,513.4104919994521,3.9987273440259514,4.239379024821687,1051076921
GRB131014A,T90,BAND_BB,3.3882600639284024,525.1023562119472,4.078921479572045,4.323089463511337,1051076921
GRB131014A,T90,BAND_BB,3.501873328786621,537.1015793015039,4.156017016831129,4.407887388343056,1051076921
GRB131014A,T90,BAND_BB,3.6192962108844253,549.4160961059144,4.235685586972409,4.492408311209374,1051076921
GRB131014A,T90,BAND_BB,3.7406564522027392,562.0540376124054,4.315441504830233,4.578355686648706,1051076921
GRB131014A,T90,BAND_BB,3.866086078096029,575.0237355740452,4.398501196733832,4.665766210595507,1051076921
GRB131014A,T90,BAND_BB,3.995721540920016,588.3337272460641,4.483622738558779,4.753110564755616,1051076921
GRB131014A,T90,BAND_BB,4.1297038684754455,601.992760246662,4.567834211362765,4.847027304030576,1051076921
GRB131014A,T90,BAND_BB,4.268178817429369,616.0097975468184,4.652309179858776,4.937026035847225,1051076921
GRB131014A,T90,BAND_BB,4.411297031880894,630.3940225935498,4.736971007499164,5.0325998026750085,1051076921
GRB131014A,T90,BAND_BB,4.559214207243838,645.1548445709935,4.82151138488382,5.128436247611376,1051076921
GRB131014A,T90,BAND_BB,4.712091259624634,660.3019038036424,4.909961525757126,5.224731732056853,1051076921
GRB131014A,T90,BAND_BB,4.870094500879713,675.8450773059909,5.0000065572841095,5.322597384829351,1051076921
GRB131014A,T90,BAND_BB,5.0,688.5420537850857,5.070793271414345,5.406366775466267,1051076921
GRB131014A,T90,BAND_BB,5.033395819542804,691.7944844828058,5.08826684996518,5.426111942654984,1051076921
GRB131014A,T90,BAND_BB,5.202172867819004,708.1604929841936,5.1803439713753505,5.535759205270324,1051076921
GRB131014A,T90,BAND_BB,5.376609254849018,724.953724719605,5.2709402318076854,5.644945288630993,1051076921
GRB131014A,T90,BAND_BB,5.556894746453837,742.1850620348918,5.363944613533704,5.756569284829425,1051076921
GRB131014A,T90,BAND_BB,5.743225471577138,759.8656540565172,5.467429276674352,5.867721487706376,1051076921
GRB131014A,T90,BAND_BB,5.935804135649998,778.0069232070293,5.562609611348876,5.977711206339222,1051076921
GRB131014A,T90,BAND_BB,6.134840241110043,796.6205718959009,5.66441840232244,6.088559942013603,1051076921
GRB131014A,T90,BAND_BB,6.340550315314906,815.7185893898716,5.7699531179117685,6.197049490495942,1051076921
GRB131014A,T90,BAND_BB,6.553158146097979,835.3132588669595,5.87711411337807,6.312929519315048,1051076921
GRB131014A,T90,BAND_BB,6.7728950252226605,855.417164658338,5.983340902716577,6.431129672274324,1051076921
GRB131014A,T90,BAND_BB,7.0,876.043199682346,6.09326021557024,6.550774767498069,1051076921
GRB131014A,EX0,BAND_BB,1.0,318.65517546384206,3.838149612991856,4.096271206647202,1051076921
GRB131014A,EX0,BAND_BB,1.0335314476204913,324.63233260187997,3.91790695411197,4.180216762826831,1051076921
GRB131014A,EX0,BAND_BB,1.0681872532205086,330.7671410156349,3.998555842123949,4.265056354262867,1051076921
GRB131014A,EX0,BAND_BB,1.1040051181507486,337.0638900740047,4.083241904424085,4.351674797557621,1051076921
GRB131014A,EX0,BAND_BB,1.1410240079427747,343.52697391168044,4.168363204910747,4.440944319176822,1051076921
GRB131014A,EX0,BAND_BB,1.179284194698831,350.1608942885176,4.255035224982407,4.531606852619859,1051076921
GRB131014A,EX0,BAND_BB,1.2188273009030484,356.97026355070176,4.343125795787785,4.625140217226317,1051076921
GRB131014A,EX0,BAND_BB,1.2596963447017038,363.95980769137424,4.431950978495365,4.720745545246814,1051076921
GRB131014A,EX0,BAND_BB,1.3019357867017933,371.1343695079037,4.522018944865749,4.82020142248075,1051076921
GRB131014A,EX0,BAND_BB,1.345591578338828,378.4989118526249,4.614765810505446,4.9201851010236055,1051076921
GRB131014A,EX0,BAND_BB,1.3907112118664706,386.0585209735837,4.709512848371787,5.021884580853225,1051076921
GRB131014A,EX0,BAND_BB,1.4373437720224012,393.8184099416487,4.8065865352429,5.125504149669041,1051076921
GRB131014A,EX0,BAND_BB,1.48553998942661,401.78392216028465,4.905898734032121,5.231216942096523,1051076921
GRB131014A,EX0,BAND_BB,1.5353522957702137,409.9605349543225,5.007200334076401,5.339104113630981,1051076921
GRB131014A,EX0,BAND_BB,1.5868348808548336,418.35386323420653,5.110522382217027,5.449202139526051,1051076921
GRB131014A,EX0,BAND_BB,1.6400437515445863,426.9696632324467,5.215896102915508,5.561547829539222,1051076921
GRB131014A,EX0,BAND_BB,1.6950367926948178,435.8138363093448,5.32335289945172,5.676178333883001,1051076921
GRB131014A,EX0,BAND_BB,1.7518738301238697,444.8924328254913,5.432924354089096,5.793131148265388,1051076921
GRB131014A,EX0,BAND_BB,1.8106166956963778,454.21165607902293,5.544642227054567,5.9124441178695974,1051076921
GRB131014A,EX0,BAND_BB,1.8713292945889082,463.77786630619215,5.658604942807472,6.034155440136146,1051076921
GRB131014A,EX0,BAND_BB,1.9340776748111073,473.59758474439894,5.775502015201766,6.1580772334068,1051076921
GRB131014A,EX0,BAND_BB,1.9989300990579977,483.6774977574687,5.894840399472287,6.284372724488378,1051076921
GRB131014A,EX0,BAND_BB,2.0,483.8432173592868,5.896796914780623,6.286441808665359,1051076921
GRB131014A,EX0,BAND_BB,2.0659571189715846,494.02446102361284,6.017226390933729,6.411305177936015,1051076921
GRB131014A,EX0,BAND_BB,2.135231651892562,504.6455037871615,6.142045258536484,6.5408792721053715,1051076921
GRB131014A,EX0,BAND_BB,2.2068290601856124,515.5478331757964,6.268295175462754,6.675975091757664,1051076921
GRB131014A,EX0,BAND_BB,2.2808272332246045,526.7388385856475,6.395593663014324,6.811935978249494,1051076921
GRB131014A,EX0,BAND_BB,2.3573066721268656,538.2260961371973,6.525048339694763,6.953110883898944,1051076921
GRB131014A,EX0,BAND_BB,2.436350577328722,550.0173732054963,6.655705021339145,7.096206519678844,1051076921
GRB131014A,EX0,BAND_BB,2.518044939097574,562.1206330287034,6.789484160335292,7.243015293448138,1051076921
GRB131014A,EX0,BAND_BB,2.6024786310789683,574.5440393994156,6.927255951267625,7.393576108261527,1051076921
GRB131014A,EX0,BAND_BB,2.6897435069804407,587.2959614436605,7.066775639518937,7.545071638995523,1051076921
GRB131014A,EX0,BAND_BB,2.779934500497312,600.3849784927735,7.209034392461376,7.702507058256174,1051076921
GRB131014A,EX0,BAND_BB,2.8731497285891345,613.819885053672,7.355971373790908,7.856734614592597,1051076921
GRB131014A,EX0,BAND_BB,2.96949059821915,627.6096958832828,7.507001935010635,8.01251923340476,1051076921
GRB131014A,EX0,BAND_BB,3.0,631.9570110915673,7.554218790655568,8.062347435422907,1051076921
GRB131014A,EX0,BAND_BB,3.069061916672877,641.7636511730632,7.658119719671504,8.178349743594708,1051076921
GRB131014A,EX0,BAND_BB,3.1719720055758387,656.2912218497027,7.812613968165806,8.34781175205444,1051076921
GRB131014A,EX0,BAND_BB,3.2783328187344702,671.2021149981828,7.9724635021494805,8.515235106006457,1051076921
GRB131014A,EX0,BAND_BB,3.3882600639284024,686.506279413434,8.135804063681576,8.682399630292139,1051076921
GRB131014A,EX0,BAND_BB,3.501873328786621,702.213911286852,8.305632122727843,8.848182910582636,1051076921
GRB131014A,EX0,BAND_BB,3.6192962108844253,718.3354600339252,8.47121057856782,9.018358243049647,1051076921
GRB131014A,EX0,BAND_BB,3.7406564522027392,734.881634269203,8.64102152601015,9.196022804080144,1051076921
GRB131014A,EX0,BAND_BB,3.866086078096029,751.863407934774,8.818526935175214,9.376412784240415,1051076921
GRB131014A,EX0,BAND_BB,3.995721540920016,769.292026588373,8.996165771600204,9.560112375933727,1051076921
GRB131014A,EX0,BAND_BB,4.1297038684754455,787.1790138571475,9.175090034266077,9.74287973503715,1051076921
GRB131014A,EX0,BAND_BB,4.268178817429369,805.5361780630484,9.359746242467395,9.936439674729854,1051076921
GRB131014A,EX0,BAND_BB,4.411297031880894,824.3756190257193,9.543509543125879,10.131853332109017,1051076921
GRB131014A,EX0,BAND_BB,4.559214207243838,843.7097350486804,9.734631020980487,10.325605084905646,1051076921
GRB131014A,EX0,BAND_BB,4.712091259624634,863.5512300945322,9.926105881042645,10.527681972179607,1051076921
GRB131014A,EX0,BAND_BB,4.870094500879713,883.9131211548304,10.11958257496633,10.7352702452921,1051076921
GRB131014A,EX0,BAND_BB,5.0,900.547547570411,10.279012244996238,10.900493459991026,1051076921
GRB131014A,EX0,BAND_BB,5.033395819542804,904.8087458202215,10.321787665393686,10.942090192340629,1051076921
GRB131014A,EX0,BAND_BB,5.202172867819004,926.2517700563869,10.533779463121164,11.154678585284614,1051076921
GRB131014A,EX0,BAND_BB,5.376609254849018,948.2561961912959,10.754002360511095,11.368170774121381,1051076921
GRB131014A,EX0,BAND_BB,5.556894746453837,970.836371119254,10.97357245988644,11.583707160305835,1051076921
GRB131014A,EX0,BAND_BB,5.743225471577138,994.006994727205,11.207092037325538,11.807647943124039,1051076921
GRB131014A,EX0,BAND_BB,5.935804135649998,1017.783128548772,11.430944928061194,12.036529863362603,1051076921
GRB131014A,EX0,BAND_BB,6.134840241110043,1042.1802046515133,11.666447856541026,12.275433395104756,1051076921
GRB131014A,EX0,BAND_BB,6.340550315314906,1067.2140347629233,11.891125022360939,12.513851515124088,1051076921
GRB131014A,EX0,BAND_BB,6.553158146097979,1092.9008196407349,12.12425044815609,12.764929336545947,1051076921
GRB131014A,EX0,BAND_BB,6.7728950252226605,1119.2571586931576,12.370034186341172,13.015638052552049,1051076921
GRB131014A,EX0,BAND_BB,7.0,1146.300059854742,12.614442765448985,13.258291965941908,1051076921
GRB131014A,TR1,BAND_BB,1.0,340.5482013166658,4.053716770583719,4.300358272753101,1051076921
GRB131014A,TR1,BAND_BB,1.0335314476204913,346.9345380839201,4.136878148756409,4.388205694716248,1051076921
GRB131014A,TR1,BAND_BB,1.0681872532205086,353.4894048596991,4.22217461423503,4.477076723078483,1051076921
GRB131014A,TR1,BAND_BB,1.1040051181507486,360.2173901403257,4.3083152602804375,4.568669263870731,1051076921
GRB131014A,TR1,BAND_BB,1.1410240079427747,367.1231946067487,4.395282843465225,4.662458240433182,1051076921
GRB131014A,TR1,BAND_BB,1.179284194698831,374.21163418690895,4.483530782300534,4.761056742627375,1051076921
GRB131014A,TR1,BAND_BB,1.2188273009030484,381.4876432269785,4.574724298017202,4.860114576400349,1051076921
GRB131014A,TR1,BAND_BB,1.2596963447017038,388.95627776899994,4.668818065728942,4.961380515639576,1051076921
GRB131014A,TR1,BAND_BB,1.3019357867017933,396.62271893193787,4.765154836774855,5.0642438183242575,1051076921
GRB131014A,TR1,BAND_BB,1.345591578338828,404.4922763927693,4.863294579288606,5.168501471731531,1051076921
GRB131014A,TR1,BAND_BB,1.3907112118664706,412.57039196393947,4.962440075617337,5.275757201835688,1051076921
GRB131014A,TR1,BAND_BB,1.4373437720224012,420.86264326331695,5.063706247005484,5.384701596617276,1051076921
GRB131014A,TR1,BAND_BB,1.48553998942661,429.3747474727191,5.1670120331703515,5.495546183613726,1051076921
GRB131014A,TR1,BAND_BB,1.5353522957702137,438.112565181115,5.273334431712499,5.608428667473277,1051076921
GRB131014A,TR1,BAND_BB,1.5868348808548336,447.0821043087729,5.382140667578199,5.723796717110304,1051076921
GRB131014A,TR1,BAND_BB,1.6400437515445863,456.2895241088834,5.4931137317371395,5.841759786207717,1051076921
GRB131014A,TR1,BAND_BB,1.6950367926948178,465.7411392435523,5.606287070102951,5.962371198726487,1051076921
GRB131014A,TR1,BAND_BB,1.7518738301238697,475.44342393151294,5.72170136741255,6.085685214356715,1051076921
GRB131014A,TR1,BAND_BB,1.8106166956963778,485.40301616543644,5.840643403360787,6.2114616654396855,1051076921
GRB131014A,TR1,BAND_BB,1.8713292945889082,495.6267219973157,5.962322034286444,6.339254449227553,1051076921
GRB131014A,TR1,BAND_BB,1.9340776748111073,506.121519891035,6.086267598706229,6.469069565354857,1051076921
GRB131014A,TR1,BAND_BB,1.9989300990579977,516.8945651419201,6.212083381986133,6.601796413820921,1051076921
GRB131014A,TR1,BAND_BB,2.0,517.0716816168411,6.21413887662419,6.603977130404246,1051076921
GRB131014A,TR1,BAND_BB,2.0659571189715846,527.9531943637497,6.339490704049126,6.737385342744233,1051076921
GRB131014A,TR1,BAND_BB,2.135231651892562,539.3049300444137,6.470132240282055,6.87398910602974,1051076921
GRB131014A,TR1,BAND_BB,2.2068290601856124,550.9574851720827,6.603502865174619,7.014271655696689,1051076921
GRB131014A,TR1,BAND_BB,2.2808272332246045,562.918767934424,6.741874924087256,7.154546732845915,1051076921
GRB131014A,TR1,BAND_BB,2.3573066721268656,575.1968864940313,6.882950326764899,7.299444281398905,1051076921
GRB131014A,TR1,BAND_BB,2.436350577328722,587.8001538438186,7.025907467776278,7.449491120725611,1051076921
GRB131014A,TR1,BAND_BB,2.518044939097574,600.737092746682,7.1690300661896345,7.603091539756633,1051076921
GRB131014A,TR1,BAND_BB,2.6024786310789683,614.0164407642084,7.315495618185537,7.760116313687945,1051076921
GRB131014A,TR1,BAND_BB,2.6897435069804407,627.6471553796524,7.465571090524577,7.919262144053505,1051076921
GRB131014A,TR1,BAND_BB,2.779934500497312,641.6384192207665,7.614963080376583,8.081230122667193,1051076921
GRB131014A,TR1,BAND_BB,2.8731497285891345,655.9996453883867,7.771305436712737,8.242644291108036,1051076921
GRB131014A,TR1,BAND_BB,2.96949059821915,670.7404828969308,7.9343985570200175,8.408702735006614,1051076921
GRB131014A,TR1,BAND_BB,3.0,675.3876634704269,7.983861449589654,8.460495883821977,1051076921
GRB131014A,TR1,BAND_BB,3.069061916672877,685.870822233169,8.09752842151795,8.578005531411577,1051076921
GRB131014A,TR1,BAND_BB,3.1719720055758387,701.4008010397778,8.26913179696885,8.749892264341952,1051076921
GRB131014A,TR1,BAND_BB,3.2783328187344702,717.3408099302878,8.44286267721293,8.928517372966553,1051076921
GRB131014A,TR1,BAND_BB,3.3882600639284024,733.7014984421016,8.617503749697903,9.105440141053691,1051076921
GRB131014A,TR1,BAND_BB,3.501873328786621,750.4937811342833,8.79399132077981,9.286464488207457,1051076921
GRB131014A,TR1,BAND_BB,3.6192962108844253,767.7288438368143,8.975401383741655,9.474692619075313,1051076921
GRB131014A,TR1,BAND_BB,3.7406564522027392,785.4181500579771,9.162965456837469,9.659812996188407,1051076921
GRB131014A,TR1,BAND_BB,3.866086078096029,803.573447556479,9.352530788936633,9.854457268107808,1051076921
GRB131014A,TR1,BAND_BB,3.995721540920016,822.2067750848609,9.546498536159561,10.05837222201194,1051076921
GRB131014A,TR1,BAND_BB,4.1297038684754455,841.3304693106575,9.733082404382685,10.266054654414802,1051076921
GRB131014A,TR1,BAND_BB,4.268178817429369,860.9571719216885,9.93099354852859,10.47445202873007,1051076921
GRB131014A,TR1,BAND_BB,4.411297031880894,881.0998369217846,10.131620961912404,10.686412760953203,1051076921
GRB131014A,TR1,BAND_BB,4.559214207243838,901.7717381231514,10.33391592555995,10.897094783430134,1051076921
GRB131014A,TR1,BAND_BB,4.712091259624634,922.9864768415138,10.53808266558974,11.10976969097851,1051076921
GRB131014A,TR1,BAND_BB,4.870094500879713,944.7579898000952,10.750458608956137,11.33934318169895,1051076921
GRB131014A,TR1,BAND_BB,5.0,962.5442570820632,10.922450393290092,11.520781806227319,1051076921
GRB131014A,TR1,BAND_BB,5.033395819542804,967.1005572484298,10.964399183006208,11.565920554049058,1051076921
GRB131014A,TR1,BAND_BB,5.202172867819004,990.0288113019546,11.177197756094529,11.789893416388395,1051076921
GRB131014A,TR1,BAND_BB,5.376609254849018,1013.5577445082857,11.406491204099098,12.017002971949069,1051076921
GRB131014A,TR1,BAND_BB,5.556894746453837,1037.7027186460637,11.627353677247584,12.269505015371124,1051076921
GRB131014A,TR1,BAND_BB,5.743225471577138,1062.47947376223,11.863810248211166,12.523268818687939,1051076921
GRB131014A,TR1,BAND_BB,5.935804135649998,1087.904137453618,12.099292632812649,12.76814480553162,1051076921
GRB131014A,TR1,BAND_BB,6.134840241110043,1113.9932343987427,12.342196681528776,13.006792347315468,1051076921
GRB131014A,TR1,BAND_BB,6.340550315314906,1140.7636961457258,12.591706477755906,13.259238932310382,1051076921
GRB131014A,TR1,BAND_BB,6.553158146097979,1168.2328711623254,12.840162627323252,13.511609614355848,1051076921
GRB131014A,TR1,BAND_BB,6.7728950252226605,1196.4185351541198,13.08843097581871,13.782889057862121,1051076921
GRB131014A,TR1,BAND_BB,7.0,1225.3389016569633,13.333408450771913,14.053349395951955,1051076921
GRB131014A,EX1,BAND_BB,1.0,268.4962515819378,4.6333177368045995,4.9932859470012545,1051076921
GRB131014A,EX1,BAND_BB,1.0335314476204913,273.5524074492542,4.727104018541354,5.095553562774171,1051076921
GRB131014A,EX1,BAND_BB,1.0681872532205086,278.7407637003679,4.824525632064933,5.1989023299900055,1051076921
GRB131014A,EX1,BAND_BB,1.1040051181507486,284.0648747963981,4.923630450162534,5.304480110959844,1051076921
GRB131014A,EX1,BAND_BB,1.1410240079427747,289.52838050592914,5.025249457680559,5.413666874193439,1051076921
GRB131014A,EX1,BAND_BB,1.179284194698831,295.1350082278383,5.127987624385071,5.526636349698094,1051076921
GRB131014A,EX1,BAND_BB,1.2188273009030484,300.88857539884566,5.233469454568933,5.63972352942767,1051076921
GRB131014A,EX1,BAND_BB,1.2596963447017038,306.79299198356347,5.341548807976267,5.7527836622528525,1051076921
GRB131014A,EX1,BAND_BB,1.3019357867017933,312.8522630443861,5.4510419535069445,5.868830266868827,1051076921
GRB131014A,EX1,BAND_BB,1.345591578338828,319.0704913882323,5.5623052443338565,5.98876630309644,1051076921
GRB131014A,EX1,BAND_BB,1.3907112118664706,325.4518802868921,5.676468187342607,6.1122441112831325,1051076921
GRB131014A,EX1,BAND_BB,1.4373437720224012,332.0007362675631,5.7930933934138125,6.238284945395776,1051076921
GRB131014A,EX1,BAND_BB,1.48553998942661,338.72147197009645,5.912227058625376,6.366932590110139,1051076921
GRB131014A,EX1,BAND_BB,1.5353522957702137,345.61860906749416,6.03391599202979,6.498231248113598,1051076921
GRB131014A,EX1,BAND_BB,1.5868348808548336,352.69678124632696,6.158207631799257,6.632225551351951,1051076921
GRB131014A,EX1,BAND_BB,1.6400437515445863,359.96073724394427,6.285150061017077,6.7689605716738015,1051076921
GRB131014A,EX1,BAND_BB,1.6950367926948178,367.41534393964787,6.414792022950564,6.908481830664925,1051076921
GRB131014A,EX1,BAND_BB,1.7518738301238697,375.0655894973686,6.547182935640478,7.050835308478781,1051076921
GRB131014A,EX1,BAND_BB,1.8106166956963778,382.9165865578134,6.682372905662021,7.196067451481099,1051076921
GRB131014A,EX1,BAND_BB,1.8713292945889082,390.9735754785423,6.820412740922279,7.3442251785439225,1051076921
GRB131014A,EX1,BAND_BB,1.9340776748111073,399.2419276209547,6.961353962374744,7.495355885841377,1051076921
GRB131014A,EX1,BAND_BB,1.9989300990579977,407.7271486837229,7.105672330062021,7.649958398329147,1051076921
GRB131014A,EX1,BAND_BB,2.0,407.8666321073003,7.108049460132349,7.652510928688741,1051076921
GRB131014A,EX1,BAND_BB,2.0659571189715846,416.43488208277614,7.252768784406783,7.809985470571121,1051076921
GRB131014A,EX1,BAND_BB,2.135231651892562,425.37091237851456,7.401909276557831,7.974638898788442,1051076921
GRB131014A,EX1,BAND_BB,2.2068290601856124,434.5411687514927,7.553400500329417,8.141058867363824,1051076921
GRB131014A,EX1,BAND_BB,2.2808272332246045,443.95172852836123,7.709153003796644,8.306533750596884,1051076921
GRB131014A,EX1,BAND_BB,2.3573066721268656,453.60882076037416,7.867327008309189,8.475027591487105,1051076921
GRB131014A,EX1,BAND_BB,2.436350577328722,463.51882985725047,8.02761961464904,8.650110189232805,1051076921
GRB131014A,EX1,BAND_BB,2.518044939097574,473.6882992796286,8.192173207017106,8.829171195359322,1051076921
GRB131014A,EX1,BAND_BB,2.6024786310789683,484.1239352937423,8.359608342882439,9.010444248296324,1051076921
GRB131014A,EX1,BAND_BB,2.6897435069804407,494.83261079231073,8.5335709762266,9.194987523500686,1051076921
GRB131014A,EX1,BAND_BB,2.779934500497312,505.8213691859243,8.711775955244548,9.38000062727366,1051076921
GRB131014A,EX1,BAND_BB,2.8731497285891345,517.0974283694743,8.889854871195496,9.573061398605205,1051076921
GRB131014A,EX1,BAND_BB,2.96949059821915,528.6681847683687,9.069363065895573,9.77259101043137,1051076921
GRB131014A,EX1,BAND_BB,3.0,532.3152751361192,9.12562134318216,9.835115285225243,1051076921
GRB131014A,EX1,BAND_BB,3.069061916672877,540.541217469449,9.252430907893313,9.974326848009582,1051076921
GRB131014A,EX1,BAND_BB,3.1719720055758387,552.7242924416273,9.439610583249987,10.180668641643706,1051076921
GRB131014A,EX1,BAND_BB,3.2783328187344702,565.225366851354,9.628832250430037,10.391924866056229,1051076921
GRB131014A,EX1,BAND_BB,3.3882600639284024,578.0525934780575,9.825775845247335,10.604324802692304,1051076921
GRB131014A,EX1,BAND_BB,3.501873328786621,591.2143252347205,10.022090904259358,10.821992100036255,1051076921
GRB131014A,EX1,BAND_BB,3.6192962108844253,604.7191197987352,10.222415067963993,11.04563088662519,1051076921
GRB131014A,EX1,BAND_BB,3.7406564522027392,618.5757443581485,10.430195991839014,11.27122988934616,1051076921
GRB131014A,EX1,BAND_BB,3.866086078096029,632.7931804783531,10.640063378801187,11.504003349210393,1051076921
GRB131014A,EX1,BAND_BB,3.995721540920016,647.3806290942164,10.855785376438575,11.737633672342554,1051076921
GRB131014A,EX1,BAND_BB,4.1297038684754455,662.3475156325594,11.077383885544236,11.970973959093953,1051076921
GRB131014A,EX1,BAND_BB,4.268178817429369,677.7034952698201,11.303004221934088,12.206059860464052,1051076921
GRB131014A,EX1,BAND_BB,4.411297031880894,693.4584583296562,11.541161173686987,12.440348497191962,1051076921
GRB131014A,EX1,BAND_BB,4.559214207243838,709.6225358251439,11.771951889243951,12.688753257948747,1051076921
GRB131014A,EX1,BAND_BB,4.712091259624634,726.2061051501757,12.00659771848018,12.949938779280615,1051076921
GRB131014A,EX1,BAND_BB,4.870094500879713,743.2197959245615,12.249396903372826,13.221519742737883,1051076921
GRB131014A,EX1,BAND_BB,5.0,757.1153997350027,12.451257151626464,13.429170474475768,1051076921
GRB131014A,EX1,BAND_BB,5.033395819542804,760.6744959972864,12.500680268597648,13.483948682522282,1051076921
GRB131014A,EX1,BAND_BB,5.202172867819004,778.581357612315,12.749612533086179,13.749493316503504,1051076921
GRB131014A,EX1,BAND_BB,5.376609254849018,796.9518037412877,13.00076339833231,14.031089233839566,1051076921
GRB131014A,EX1,BAND_BB,5.556894746453837,815.7975345874167,13.23848721102172,14.32270667691023,1051076921
GRB131014A,EX1,BAND_BB,5.743225471577138,835.1305342648602,13.516228416022841,14.589713314725486,1051076921
GRB131014A,EX1,BAND_BB,5.935804135649998,854.9630776578517,13.800520684207868,14.876659175193936,1051076921
GRB131014A,EX1,BAND_BB,6.134840241110043,875.3077374638475,14.076073119522448,15.169573662293828,1051076921
GRB131014A,EX1,BAND_BB,6.340550315314906,896.1773914249767,14.34896673317985,15.474083965148793,1051076921
GRB131014A,EX1,BAND_BB,6.553158146097979,917.5852297520976,14.633634189022587,15.784271069642955,1051076921
GRB131014A,EX1,BAND_BB,6.7728950252226605,939.5447627457988,14.91338778833483,16.10171743177375,1051076921
GRB131014A,EX1,BAND_BB,7.0,962.0698286187372,15.215419837656782,16.414179597462407,1051076921
GRB131014A,TR2,SBPL_BB,1.0,268.2862420985256,5.631387268086769,6.244752473943322,1051076921
GRB131014A,TR2,SBPL_BB,1.0335314476204913,273.2969138984269,5.746298869729117,6.37403474265858,1051076921
GRB131014A,TR2,SBPL_BB,1.0681872532205086,278.4410147014477,5.862444501790151,6.506910014043967,1051076921
GRB131014A,TR2,SBPL_BB,1.1040051181507486,283.72222064517,5.981952009971849,6.641587451887801,1051076921
GRB131014A,TR2,SBPL_BB,1.1410240079427747,289.14429931823724,6.105064305222527,6.778882688126089,1051076921
GRB131014A,TR2,SBPL_BB,1.179284194698831,294.7111122653418,6.231180182700712,6.918630001575423,1051076921
GRB131014A,TR2,SBPL_BB,1.2188273009030484,300.42661757930273,6.359509274290019,7.061178002028498,1051076921
GRB131014A,TR2,SBPL_BB,1.2596963447017038,306.2948725785527,6.48954989732681,7.206570328039561,1051076921
GRB131014A,TR2,SBPL_BB,1.3019357867017933,312.3200365679785,6.622257104496327,7.354874583538333,1051076921
GRB131014A,TR2,SBPL_BB,1.345591578338828,318.5063736807781,6.75773290691626,7.506853165923815,1051076921
GRB131014A,TR2,SBPL_BB,1.3907112118664706,324.8582557987826,6.896536164675183,7.661957696732998,1051076921
GRB131014A,TR2,SBPL_BB,1.4373437720224012,331.3801655485578,7.038158947780403,7.820226456577188,1051076921
GRB131014A,TR2,SBPL_BB,1.48553998942661,338.0766993705585,7.182887816178152,7.9816171146799775,1051076921
GRB131014A,TR2,SBPL_BB,1.5353522957702137,344.95257065864877,7.330680644958477,8.146297319540167,1051076921
GRB131014A,TR2,SBPL_BB,1.5868348808548336,352.0126129674273,7.481568257453432,8.314321004996202,1051076921
GRB131014A,TR2,SBPL_BB,1.6400437515445863,359.26178328500424,7.635771380718381,8.485742514361164,1051076921
GRB131014A,TR2,SBPL_BB,1.6950367926948178,366.70516536915403,7.7933584920425005,8.660616604425968,1051076921
GRB131014A,TR2,SBPL_BB,1.7518738301238697,374.3479731451203,7.954365208224374,8.83899844786447,1051076921
GRB131014A,TR2,SBPL_BB,1.8106166956963778,382.19555416375016,8.1184488762093,9.020943633803142,1051076921
GRB131014A,TR2,SBPL_BB,1.8713292945889082,390.2533931190893,8.28637417864769,9.206444250814513,1051076921
GRB131014A,TR2,SBPL_BB,1.9340776748111073,398.527115425054,8.457497184227691,9.39552096246473,1051076921
GRB131014A,TR2,SBPL_BB,1.9989300990579977,407.0224908513124,8.63251279606311,9.588011523562557,1051076921
GRB131014A,TR2,SBPL_BB,2.0,407.1621799648024,8.635384781001676,9.591181654297884,1051076921
GRB131014A,TR2,SBPL_BB,2.0659571189715846,415.74543721902836,8.811365952746996,9.785333967540339,1051076921
GRB131014A,TR2,SBPL_BB,2.135231651892562,424.7020241576526,8.993599694134446,9.986612430701939,1051076921
GRB131014A,TR2,SBPL_BB,2.2068290601856124,433.8984769244624,9.179009955518097,10.191309175273034,1051076921
GRB131014A,TR2,SBPL_BB,2.2808272332246045,443.34118028905937,9.366282970764075,10.400395414759544,1051076921
GRB131014A,TR2,SBPL_BB,2.3573066721268656,453.03668248550815,9.558062302405062,10.612456067400728,1051076921
GRB131014A,TR2,SBPL_BB,2.436350577328722,462.9916992352511,9.753883945494522,10.828799173562857,1051076921
GRB131014A,TR2,SBPL_BB,2.518044939097574,473.21311784434334,9.956346351560796,11.047386186855988,1051076921
GRB131014A,TR2,SBPL_BB,2.6024786310789683,483.7080013789227,10.162089084251306,11.270167675726384,1051076921
GRB131014A,TR2,SBPL_BB,2.6897435069804407,494.48359292316155,10.370306677777307,11.501894126394461,1051076921
GRB131014A,TR2,SBPL_BB,2.779934500497312,505.54731992422717,10.585183958759103,11.742537163531097,1051076921
GRB131014A,TR2,SBPL_BB,2.8731497285891345,516.9067986290243,10.802964307628486,11.988087138339665,1051076921
GRB131014A,TR2,SBPL_BB,2.96949059821915,528.5698386176863,11.026646093730733,12.240230594018499,1051076921
GRB131014A,TR2,SBPL_BB,3.0,532.2473960332582,11.097147859327947,12.319162881251032,1051076921
GRB131014A,TR2,SBPL_BB,3.069061916672877,540.5444474389465,11.253664839731414,12.497718061373234,1051076921
GRB131014A,TR2,SBPL_BB,3.1719720055758387,552.838835352634,11.485492607330457,12.759119587243049,1051076921
GRB131014A,TR2,SBPL_BB,3.2783328187344702,565.4614201846329,11.721649199106196,13.023086566967095,1051076921
GRB131014A,TR2,SBPL_BB,3.3882600639284024,578.42083229969,11.965906712101855,13.290140285025018,1051076921
GRB131014A,TR2,SBPL_BB,3.501873328786621,591.7259196974904,12.217529672801447,13.559208025908674,1051076921
GRB131014A,TR2,SBPL_BB,3.6192962108844253,605.385753237426,12.467609659199297,13.838121342418503,1051076921
GRB131014A,TR2,SBPL_BB,3.7406564522027392,619.409631997459,12.726184027867248,14.127853062484633,1051076921
GRB131014A,TR2,SBPL_BB,3.866086078096029,633.8070887724713,12.988702583893428,14.41882998971289,1051076921
GRB131014A,TR2,SBPL_BB,3.995721540920016,648.587895717433,13.259410539460646,14.718356479314252,1051076921
GRB131014A,TR2,SBPL_BB,4.1297038684754455,663.7620701406901,13.535366857267036,15.012292152003738,1051076921
GRB131014A,TR2,SBPL_BB,4.268178817429369,679.3398804526136,13.809327425005677,15.317186606256314,1051076921
GRB131014A,TR2,SBPL_BB,4.411297031880894,695.3318522748056,14.096862336230174,15.621379014085392,1051076921
GRB131014A,TR2,SBPL_BB,4.559214207243838,711.7487747149996,14.387983008137667,15.921540729872618,1051076921
GRB131014A,TR2,SBPL_BB,4.712091259624634,728.6017068127582,14.673423117826019,16.252744992077623,1051076921
GRB131014A,TR2,SBPL_BB,4.870094500879713,745.9019841610202,14.964232846720506,16.586207807298138,1051076921
GRB131014A,TR2,SBPL_BB,5.0,760.0391786786066,15.202592139403691,16.85107554800959,1051076921
GRB131014A,TR2,SBPL_BB,5.033395819542804,763.6612257085186,15.261721931121997,16.922776113735722,1051076921
GRB131014A,TR2,SBPL_BB,5.202172867819004,781.8913407480738,15.565586813636855,17.280047923575125,1051076921
GRB131014A,TR2,SBPL_BB,5.376609254849018,800.6045360957411,15.878893451264958,17.6224433300099,1051076921
GRB131014A,TR2,SBPL_BB,5.556894746453837,819.8133234658003,16.19035884603727,17.987723296106424,1051076921
GRB131014A,TR2,SBPL_BB,5.743225471577138,839.5305270465702,16.516586918841085,18.34990038394494,1051076921
GRB131014A,TR2,SBPL_BB,5.935804135649998,859.769291282065,16.833944162158673,18.736279502387447,1051076921
GRB131014A,TR2,SBPL_BB,6.134840241110043,880.5430888645247,17.164266734797593,19.11365643561544,1051076921
GRB131014A,TR2,SBPL_BB,6.340550315314906,901.8657289429152,17.50842398261159,19.484769228433265,1051076921
GRB131014A,TR2,SBPL_BB,6.553158146097979,923.7513655525261,17.855386483501547,19.863266368940344,1051076921
GRB131014A,TR2,SBPL_BB,6.7728950252226605,946.2145062708825,18.2071408240256,20.2506415493375,1051076921
GRB131014A,TR2,SBPL_BB,7.0,969.2700211052518,18.577378140009614,20.657753368453655,1051076921
GRB140206B,T90,BAND,1.0,77.43126035896167,0.5042675744824408,0.4503663052213085,1051076921
GRB140206B,T90,BAND,1.0335314476204913,78.89826160427862,0.5141514978425903,0.4577079386213114,1051076921
GRB140206B,T90,BAND,1.0681872532205086,80.40310579126441,0.5230817473332934,0.4657686806548753,1051076921
GRB140206B,T90,BAND,1.1040051181507486,81.94679107773334,0.5322981191809788,0.4748346627799407,1051076921
GRB140206B,T90,BAND,1.1410240079427747,83.53033889962924,0.5422671156702137,0.4832862781909313,1051076921
GRB140206B,T90,BAND,1.179284194698831,85.15479460386692,0.5516026384738382,0.4926180095185799,1051076921
GRB140206B,T90,BAND,1.2188273009030484,86.82122810525962,0.5609516061259967,0.5016506423058473,1051076921
GRB140206B,T90,BAND,1.2596963447017038,88.53073456677686,0.5713771760035087,0.5115710406118552,1051076921
GRB140206B,T90,BAND,1.3019357867017933,90.28443510223876,0.5827353107039102,0.5209881297753327,1051076921
GRB140206B,T90,BAND,1.345591578338828,92.08347750044574,0.5947397491473083,0.5296986059736071,1051076921
GRB140206B,T90,BAND,1.3907112118664706,93.92903696965922,0.6065659031639541,0.5396599107559723,1051076921
GRB140206B,T90,BAND,1.4373437720224012,95.82231690129153,0.6184246298359142,0.5505289179884443,1051076921
GRB140206B,T90,BAND,1.48553998942661,97.76454965164055,0.6310073179894715,0.5618044182826196,1051076921
GRB140206B,T90,BAND,1.5353522957702137,99.75699734050707,0.6437427846560411,0.5733075804336352,1051076921
GRB140206B,T90,BAND,1.5868348808548336,101.80095266556765,0.6569391723140967,0.5847706066177665,1051076921
GRB140206B,T90,BAND,1.6400437515445863,103.89773973143619,0.6704396249084965,0.5968382936023033,1051076921
GRB140206B,T90,BAND,1.6950367926948178,106.0487148924367,0.6843475946194815,0.6093801327233308,1051076921
GRB140206B,T90,BAND,1.7518738301238697,108.25526760821904,0.6986236551482676,0.6221519568456131,1051076921
GRB140206B,T90,BAND,1.8106166956963778,110.51882131148173,0.7133378884784207,0.6349866443741092,1051076921
GRB140206B,T90,BAND,1.8713292945889082,112.84083428721286,0.7286576191605718,0.6482167582847183,1051076921
GRB140206B,T90,BAND,1.9340776748111073,115.2228005630205,0.7442223675383985,0.6624236235002883,1051076921
GRB140206B,T90,BAND,1.9989300990579977,117.66625081029359,0.7593889285410853,0.6782511838594871,1051076921
GRB140206B,T90,BAND,2.0,117.70640893096106,0.759656466104687,0.6785413781884984,1051076921
GRB140206B,T90,BAND,2.0659571189715846,120.1727532561079,0.7755604653072794,0.6941325489364942,1051076921
GRB140206B,T90,BAND,2.135231651892562,122.74391460596728,0.7926165327359058,0.7095856690773701,1051076921
GRB140206B,T90,BAND,2.2068290601856124,125.38138097764262,0.8111250401142769,0.7248822668360901,1051076921
GRB140206B,T90,BAND,2.2808272332246045,128.08683884653925,0.830419600478649,0.7415261345131796,1051076921
GRB140206B,T90,BAND,2.3573066721268656,130.8620160031812,0.8490109927010678,0.7574971543274671,1051076921
GRB140206B,T90,BAND,2.436350577328722,133.70868252354984,0.8700375948582177,0.7739350739449833,1051076921
GRB140206B,T90,BAND,2.518044939097574,136.6286517531499,0.8891598272117847,0.7912568372784392,1051076921
GRB140206B,T90,BAND,2.6024786310789683,139.62378130579765,0.9098199642699853,0.8106789784021657,1051076921
GRB140206B,T90,BAND,2.6897435069804407,142.6959740782325,0.9288164679622639,0.8301309433084327,1051076921
GRB140206B,T90,BAND,2.779934500497312,145.8471792817466,0.9505166119759281,0.8487564884018752,1051076921
GRB140206B,T90,BAND,2.8731497285891345,149.07939349210176,0.9725856531356385,0.8693095404451867,1051076921
GRB140206B,T90,BAND,2.96949059821915,152.39466171906497,0.9961446950738946,0.8889901292750153,1051076921
GRB140206B,T90,BAND,3.0,153.4393381096033,1.003255330892955,0.895238958680352,1051076921
GRB140206B,T90,BAND,3.069061916672877,155.7950784969423,1.019123840706726,0.910735339452998,1051076921
GRB140206B,T90,BAND,3.1719720055758387,159.28278899752337,1.0421459238671957,0.9329817352353871,1051076921
GRB140206B,T90,BAND,3.2783328187344702,162.85999016687006,1.0662081544462012,0.9570182642935663,1051076921
GRB140206B,T90,BAND,3.3882600639284024,166.52893188739495,1.0926122339059816,0.9831492998995373,1051076921
GRB140206B,T90,BAND,3.501873328786621,170.2919181666741,1.1197735971726672,1.0087915639180665,1051076921
GRB140206B,T90,BAND,3.6192962108844253,174.15130835443213,1.1481652824435002,1.0320194678253927,1051076921
GRB140206B,T90,BAND,3.7406564522027392,178.10951838912237,1.1737469005309151,1.0619616690044609,1051076921
GRB140206B,T90,BAND,3.866086078096029,182.1690220755051,1.201179804048138,1.0908690590389938,1051076921
GRB140206B,T90,BAND,3.995721540920016,186.33235239460254,1.230942240516157,1.1187817128778477,1051076921
GRB140206B,T90,BAND,4.1297038684754455,190.60210284738002,1.2628346317751777,1.1472238945224262,1051076921
GRB140206B,T90,BAND,4.268178817429369,194.9809288334773,1.2974549734313712,1.1767854031104434,1051076921
GRB140206B,T90,BAND,4.411297031880894,199.4715490662785,1.328077374406746,1.2073571072789377,1051076921
GRB140206B,T90,BAND,4.559214207243838,204.07674702558327,1.3605643145496344,1.2392451829060178,1051076921
GRB140206B,T90,BAND,4.712091259624634,208.7993724491101,1.3912045787039347,1.272135975854411,1051076921
GRB140206B,T90,BAND,4.870094500879713,213.64234286403556,1.4261783677036703,1.3052674162099152,1051076921
GRB140206B,T90,BAND,5.0,217.5961709213037,1.4576451396284824,1.332486753012887,1051076921
GRB140206B,T90,BAND,5.033395819542804,218.6086451597471,1.4651516257019637,1.338981799229316,1051076921
GRB140206B,T90,BAND,5.202172867819004,223.70133720296454,1.5028411255466096,1.377193180320205,1051076921
GRB140206B,T90,BAND,5.376609254849018,228.9235494963639,1.542515368704784,1.4164570939746568,1051076921
GRB140206B,T90,BAND,5.556894746453837,234.27848688182223,1.5840674787916953,1.4550530108398618,1051076921
GRB140206B,T90,BAND,5.743225471577138,239.76943028938572,1.627881857550932,1.4926859682687166,1051076921
GRB140206B,T90,BAND,5.935804135649998,245.3997385330557,1.6762871900986909,1.5316365530051712,1051076921
GRB140206B,T90,BAND,6.134840241110043,251.17285015448013,1.7179638997707514,1.5756470243775311,1051076921
GRB140206B,T90,BAND,6.340550315314906,257.0922853156334,1.7684896531801542,1.616051250179055,1051076921
GRB140206B,T90,BAND,6.553158146097979,263.1616477415716,1.819192413966448,1.662332701687376,1051076921
GRB140206B,T90,BAND,6.7728950252226605,269.3846267143506,1.8686368204246833,1.7093902821291636,1051076921
GRB140206B,T90,BAND,7.0,275.76499911920575,1.919148487211146,1.762162926331655,1051076921
GRB140206B,EX0,BAND_BB,1.0,110.51060658426645,3.096975765879847,3.5205983011802715,1051076921
GRB140206B,EX0,BAND_BB,1.0335314476204913,112.58652207095732,3.161527183623022,3.594341828345449,1051076921
GRB140206B,EX0,BAND_BB,1.0681872532205086,114.71701477821235,3.227829414678169,3.6702217427233137,1051076921
GRB140206B,EX0,BAND_BB,1.1040051181507486,116.9035632106879,3.2949810657211316,3.748066041701847,1051076921
GRB140206B,EX0,BAND_BB,1.1410240079427747,119.14768175480246,3.3648425148371075,3.8271970190467073,1051076921
GRB140206B,EX0,BAND_BB,1.179284194698831,121.45092165709758,3.4360036278811634,3.9068494608940654,1051076921
GRB140206B,EX0,BAND_BB,1.2188273009030484,123.81487203773199,3.5085256003468146,3.988621733554851,1051076921
GRB140206B,EX0,BAND_BB,1.2596963447017038,126.24116093825964,3.5814755138929826,4.071719210264376,1051076921
GRB140206B,EX0,BAND_BB,1.3019357867017933,128.731456402673,3.6562130750766926,4.157071542366566,1051076921
GRB140206B,EX0,BAND_BB,1.345591578338828,131.28746759056082,3.7324881425238203,4.244058545847395,1051076921
GRB140206B,EX0,BAND_BB,1.3907112118664706,133.91094592113132,3.810383958965957,4.332504875358637,1051076921
GRB140206B,EX0,BAND_BB,1.4373437720224012,136.60368624678375,3.8894340887644887,4.422915868610772,1051076921
GRB140206B,EX0,BAND_BB,1.48553998942661,139.36752805489078,3.9699170984570458,4.515051578144579,1051076921
GRB140206B,EX0,BAND_BB,1.5353522957702137,142.2043566964634,4.052087083649042,4.60870810368985,1051076921
GRB140206B,EX0,BAND_BB,1.5868348808548336,145.11610464042235,4.13602698730071,4.703852312586349,1051076921
GRB140206B,EX0,BAND_BB,1.6400437515445863,148.10475275228555,4.221358116328247,4.800847867942139,1051076921
GRB140206B,EX0,BAND_BB,1.6950367926948178,151.1723315961999,4.308089437841488,4.899721405688865,1051076921
GRB140206B,EX0,BAND_BB,1.7518738301238697,154.32092275939584,4.396431046160245,5.000325755863713,1051076921
GRB140206B,EX0,BAND_BB,1.8106166956963778,157.55266019831683,4.486715071736597,5.102399831773283,1051076921
GRB140206B,EX0,BAND_BB,1.8713292945889082,160.8697316058717,4.5787135536661765,5.206178474929942,1051076921
GRB140206B,EX0,BAND_BB,1.9340776748111073,164.2743797994694,4.6719784171913545,5.3121456271694285,1051076921
GRB140206B,EX0,BAND_BB,1.9989300990579977,167.7689041297187,4.766806078278108,5.420040295959467,1051076921
GRB140206B,EX0,BAND_BB,2.0,167.82635331574443,4.768363167533778,5.421801148916302,1051076921
GRB140206B,EX0,BAND_BB,2.0659571189715846,171.35566190990326,4.863621762113155,5.5294722026117995,1051076921
GRB140206B,EX0,BAND_BB,2.135231651892562,175.03706986657383,4.962987262335162,5.641594260427354,1051076921
GRB140206B,EX0,BAND_BB,2.2068290601856124,178.81560561182397,5.0621937261671235,5.7559081712070395,1051076921
GRB140206B,EX0,BAND_BB,2.2808272332246045,182.69380913803727,5.163722814315065,5.872102221270495,1051076921
GRB140206B,EX0,BAND_BB,2.3573066721268656,186.67428433610095,5.26579280882595,5.989910868394787,1051076921
GRB140206B,EX0,BAND_BB,2.436350577328722,190.75970053827547,5.371740590144299,6.109306011116672,1051076921
GRB140206B,EX0,BAND_BB,2.518044939097574,194.95279408708979,5.4804223984662315,6.229789405450447,1051076921
GRB140206B,EX0,BAND_BB,2.6024786310789683,199.25636993178986,5.589807983841553,6.354964222290306,1051076921
GRB140206B,EX0,BAND_BB,2.6897435069804407,203.67330325401312,5.70168483599943,6.481666856634121,1051076921
GRB140206B,EX0,BAND_BB,2.779934500497312,208.2065411244812,5.814080598935732,6.614677998314221,1051076921
GRB140206B,EX0,BAND_BB,2.8731497285891345,212.85910419260654,5.928092708466323,6.749063866977565,1051076921
GRB140206B,EX0,BAND_BB,2.96949059821915,217.63408841099354,6.044596600907312,6.883253699367515,1051076921
GRB140206B,EX0,BAND_BB,3.0,219.1393291920674,6.080364265247027,6.927570535139353,1051076921
GRB140206B,EX0,BAND_BB,3.069061916672877,222.5346667968791,6.164229719607533,7.02298314407588,1051076921
GRB140206B,EX0,BAND_BB,3.1719720055758387,227.56409123260593,6.284070877474562,7.157905068076985,1051076921
GRB140206B,EX0,BAND_BB,3.2783328187344702,232.72569430725684,6.402370252840882,7.30011214585025,1051076921
GRB140206B,EX0,BAND_BB,3.3882600639284024,238.02289120159455,6.525218202129082,7.442884858187284,1051076921
GRB140206B,EX0,BAND_BB,3.501873328786621,243.4591816184612,6.653497638584355,7.582037335533272,1051076921
GRB140206B,EX0,BAND_BB,3.6192962108844253,249.0381517607859,6.784321704491191,7.7310318416834605,1051076921
GRB140206B,EX0,BAND_BB,3.7406564522027392,254.7634763593389,6.916838900156847,7.883945112271107,1051076921
GRB140206B,EX0,BAND_BB,3.866086078096029,260.63892075234986,7.049607212004105,8.03624288690554,1051076921
GRB140206B,EX0,BAND_BB,3.995721540920016,266.66834301908483,7.179264729439296,8.191460284917923,1051076921
GRB140206B,EX0,BAND_BB,4.1297038684754455,272.855696169449,7.313763778253417,8.357309432724094,1051076921
GRB140206B,EX0,BAND_BB,4.268178817429369,279.2050303916522,7.457770796979332,8.515023099991652,1051076921
GRB140206B,EX0,BAND_BB,4.411297031880894,285.7204953599438,7.607470845911735,8.678852062678573,1051076921
GRB140206B,EX0,BAND_BB,4.559214207243838,292.40634260439276,7.753941498708343,8.84493723600849,1051076921
GRB140206B,EX0,BAND_BB,4.712091259624634,299.2669279446622,7.8939537373461235,9.019851199661218,1051076921
GRB140206B,EX0,BAND_BB,4.870094500879713,306.3067139896995,8.032359403748558,9.196351536552129,1051076921
GRB140206B,EX0,BAND_BB,5.0,312.05724978023176,8.148318624305091,9.338632547792827,1051076921
GRB140206B,EX0,BAND_BB,5.033395819542804,313.5302727052392,8.180154028861523,9.373206650322857,1051076921
GRB140206B,EX0,BAND_BB,5.202172867819004,320.942288050999,8.328610181911131,9.552897646704253,1051076921
GRB140206B,EX0,BAND_BB,5.376609254849018,328.54755868943164,8.482352917468745,9.730688142482961,1051076921
GRB140206B,EX0,BAND_BB,5.556894746453837,336.35100076788416,8.64417992512739,9.91301888579244,1051076921
GRB140206B,EX0,BAND_BB,5.743225471577138,344.3576507760113,8.806691728875478,10.094669576392164,1051076921
GRB140206B,EX0,BAND_BB,5.935804135649998,352.5726684802877,8.958871012218083,10.28722199174058,1051076921
GRB140206B,EX0,BAND_BB,6.134840241110043,361.0013399374657,9.112961647643942,10.486008648705138,1051076921
GRB140206B,EX0,BAND_BB,6.340550315314906,369.64908058883753,9.29095329184264,10.677973355104541,1051076921
GRB140206B,EX0,BAND_BB,6.553158146097979,378.5214384371708,9.462774439154202,10.871572800372292,1051076921
GRB140206B,EX0,BAND_BB,6.7728950252226605,387.62409730820485,9.629260146166189,11.067138813719737,1051076921
GRB140206B,EX0,BAND_BB,7.0,396.96288019862385,9.800127037289997,11.243828468137906,1051076921
GRB140206B,TR1,BAND_BB,1.0,129.42542516555443,4.27452972975766,4.683562954686323,1051076921
GRB140206B,TR1,BAND_BB,1.0335314476204913,131.86488781204713,4.366108988873364,4.777989850185037,1051076921
GRB140206B,TR1,BAND_BB,1.0681872532205086,134.36800576750406,4.457274829483055,4.875473769803278,1051076921
GRB140206B,TR1,BAND_BB,1.1040051181507486,136.93648576121925,4.550600580814489,4.9755513229960115,1051076921
GRB140206B,TR1,BAND_BB,1.1410240079427747,139.5720753148303,4.645777281293164,5.077752853785,1051076921
GRB140206B,TR1,BAND_BB,1.179284194698831,142.27656385260352,4.741507630924957,5.182519004952525,1051076921
GRB140206B,TR1,BAND_BB,1.2188273009030484,145.05178385245705,4.840005807669172,5.288481812789172,1051076921
GRB140206B,TR1,BAND_BB,1.2596963447017038,147.89961203662057,4.940781922045062,5.396165603251774,1051076921
GRB140206B,TR1,BAND_BB,1.3019357867017933,150.82197060062032,5.042560251950192,5.507054357220994,1051076921
GRB140206B,TR1,BAND_BB,1.345591578338828,153.82082847911258,5.146168114086834,5.621428909651826,1051076921
GRB140206B,TR1,BAND_BB,1.3907112118664706,156.8982026469643,5.252491871690353,5.737396288685176,1051076921
GRB140206B,TR1,BAND_BB,1.4373437720224012,160.05615945389587,5.36085722401387,5.855886122272892,1051076921
GRB140206B,TR1,BAND_BB,1.48553998942661,163.29681599096804,5.471459266495316,5.976779035334999,1051076921
GRB140206B,TR1,BAND_BB,1.5353522957702137,166.62234148720594,5.584325706827514,6.10009894985663,1051076921
GRB140206B,TR1,BAND_BB,1.5868348808548336,170.0349587347131,5.6994940320674345,6.225870342180542,1051076921
GRB140206B,TR1,BAND_BB,1.6400437515445863,173.5369455407263,5.817002067114458,6.354225564007862,1051076921
GRB140206B,TR1,BAND_BB,1.6950367926948178,177.1306362052086,5.936887981674175,6.4852080200691375,1051076921
GRB140206B,TR1,BAND_BB,1.7518738301238697,180.81842302275376,6.059190296299278,6.618814753285875,1051076921
GRB140206B,TR1,BAND_BB,1.8106166956963778,184.602757807787,6.183947887348012,6.7550174251749695,1051076921
GRB140206B,TR1,BAND_BB,1.8713292945889082,188.4861534422815,6.311199990715124,6.893913978947097,1051076921
GRB140206B,TR1,BAND_BB,1.9340776748111073,192.47118544546697,6.44101936223862,7.0355128354044325,1051076921
GRB140206B,TR1,BAND_BB,1.9989300990579977,196.5604935652752,6.57349098651062,7.179810905697991,1051076921
GRB140206B,TR1,BAND_BB,2.0,196.62771317370053,6.575671912729604,7.182164874139829,1051076921
GRB140206B,TR1,BAND_BB,2.0659571189715846,200.75678339154413,6.7088227271213725,7.327117182515707,1051076921
GRB140206B,TR1,BAND_BB,2.135231651892562,205.06282799128132,6.846191151140999,7.478274478170476,1051076921
GRB140206B,TR1,BAND_BB,2.2068290601856124,209.48146956655975,6.984576494401608,7.634035045979459,1051076921
GRB140206B,TR1,BAND_BB,2.2808272332246045,214.01562113588852,7.127937749507282,7.7898967442432365,1051076921
GRB140206B,TR1,BAND_BB,2.3573066721268656,218.66826824014882,7.272514403221635,7.949876774698339,1051076921
GRB140206B,TR1,BAND_BB,2.436350577328722,223.4424706744239,7.417576222488265,8.112802304807445,1051076921
GRB140206B,TR1,BAND_BB,2.518044939097574,228.3413642472681,7.5679998045609125,8.278918139859996,1051076921
GRB140206B,TR1,BAND_BB,2.6024786310789683,233.36816256915043,7.716459503498811,8.450492763010487,1051076921
GRB140206B,TR1,BAND_BB,2.6897435069804407,238.52615887198388,7.86985357472534,8.626000011000798,1051076921
GRB140206B,TR1,BAND_BB,2.779934500497312,243.81872786179457,8.031045798454215,8.799745505363347,1051076921
GRB140206B,TR1,BAND_BB,2.8731497285891345,249.2493276067099,8.19233694077559,8.973084697366176,1051076921
GRB140206B,TR1,BAND_BB,2.96949059821915,254.82150146254506,8.359263858446894,9.151830066500793,1051076921
GRB140206B,TR1,BAND_BB,3.0,256.5777719623166,8.411552909653636,9.208913460760755,1051076921
GRB140206B,TR1,BAND_BB,3.069061916672877,260.53888003834174,8.52902943359635,9.337201446461108,1051076921
GRB140206B,TR1,BAND_BB,3.1719720055758387,266.4051832042747,8.701155301765084,9.525009777690286,1051076921
GRB140206B,TR1,BAND_BB,3.2783328187344702,272.42422214437255,8.876117008047572,9.713647724878626,1051076921
GRB140206B,TR1,BAND_BB,3.3882600639284024,278.5999014565261,9.052767647184282,9.905622529944537,1051076921
GRB140206B,TR1,BAND_BB,3.501873328786621,284.9362213022581,9.235190603893784,10.100046417241344,1051076921
GRB140206B,TR1,BAND_BB,3.6192962108844253,291.43727960872064,9.425193867663836,10.299167493179368,1051076921
GRB140206B,TR1,BAND_BB,3.7406564522027392,298.1072743253738,9.61528131271126,10.50378659593855,1051076921
GRB140206B,TR1,BAND_BB,3.866086078096029,304.95050573776206,9.8058312679388,10.708770579955683,1051076921
GRB140206B,TR1,BAND_BB,3.995721540920016,311.9713788407838,10.003623586273363,10.91568606262814,1051076921
GRB140206B,TR1,BAND_BB,4.1297038684754455,319.1744057737993,10.204475598128795,11.122867572742166,1051076921
GRB140206B,TR1,BAND_BB,4.268178817429369,326.5642083198926,10.404650483460216,11.336177244098053,1051076921
GRB140206B,TR1,BAND_BB,4.411297031880894,334.1455204715531,10.600197824595227,11.555226406555676,1051076921
GRB140206B,TR1,BAND_BB,4.559214207243838,341.9231910650045,10.813184760310264,11.772780634796788,1051076921
GRB140206B,TR1,BAND_BB,4.712091259624634,349.9021864853713,11.029189153480445,12.003267909861108,1051076921
GRB140206B,TR1,BAND_BB,4.870094500879713,358.08759344482974,11.259359816227914,12.22148279754606,1051076921
GRB140206B,TR1,BAND_BB,5.0,364.7724725269378,11.428790057154686,12.40337567284638,1051076921
GRB140206B,TR1,BAND_BB,5.033395819542804,366.48462183586344,11.470518927519436,12.450718048283136,1051076921
GRB140206B,TR1,BAND_BB,5.202172867819004,375.09860766170686,11.69271809628151,12.681799690407615,1051076921
GRB140206B,TR1,BAND_BB,5.376609254849018,383.93501604604455,11.92455351218291,12.927971213166131,1051076921
GRB140206B,TR1,BAND_BB,5.556894746453837,392.99944432400656,12.141024785887907,13.169525364862352,1051076921
GRB140206B,TR1,BAND_BB,5.743225471577138,402.29762521648956,12.358473559854474,13.416028064143234,1051076921
GRB140206B,TR1,BAND_BB,5.935804135649998,411.83543008982906,12.600292922085544,13.663705703689175,1051076921
GRB140206B,TR1,BAND_BB,6.134840241110043,421.6188723028403,12.814397397127607,13.91289556535503,1051076921
GRB140206B,TR1,BAND_BB,6.340550315314906,431.6541106432525,13.058367436459093,14.182496728313538,1051076921
GRB140206B,TR1,BAND_BB,6.553158146097979,441.9474528555728,13.314226959167115,14.442942650900534,1051076921
GRB140206B,TR1,BAND_BB,6.7728950252226605,452.50535926242577,13.558585537467081,14.719045893560633,1051076921
GRB140206B,TR1,BAND_BB,7.0,463.33444648144416,13.819634734356612,15.00486188769571,1051076921
GRB140206B,TR2,BAND,1.0,135.72217568178337,3.1708727001068553,3.3080851377340252,1051076921
GRB140206B,TR2,BAND,1.0335314476204913,138.31561721546632,3.2354300710613018,3.3754730655262506,1051076921
GRB140206B,TR2,BAND,1.0681872532205086,140.9746931743082,3.301867722300983,3.4443748002136942,1051076921
GRB140206B,TR2,BAND,1.1040051181507486,143.7010852548341,3.369234958058371,3.5143910089174426,1051076921
GRB140206B,TR2,BAND,1.1410240079427747,146.4965126642142,3.438244991439518,3.5855745486651074,1051076921
GRB140206B,TR2,BAND,1.179284194698831,149.3627331431004,3.508683564140199,3.6583667602527896,1051076921
GRB140206B,TR2,BAND,1.2188273009030484,152.30154403026387,3.5804462272436126,3.733488920779905,1051076921
GRB140206B,TR2,BAND,1.2596963447017038,155.31478336742566,3.6533359946569135,3.8110653808289214,1051076921
GRB140206B,TR2,BAND,1.3019357867017933,158.40433104239494,3.7278120150775464,3.8898987506780145,1051076921
GRB140206B,TR2,BAND,1.345591578338828,161.5721099684144,3.8038927324048757,3.9698651469369395,1051076921
GRB140206B,TR2,BAND,1.3907112118664706,164.8200872974378,3.8816380464191127,4.051529711528303,1051076921
GRB140206B,TR2,BAND,1.4373437720224012,168.15027566494734,3.9611941547867673,4.1348474662809735,1051076921
GRB140206B,TR2,BAND,1.48553998942661,171.56473446386195,4.042638982373376,4.219806210931495,1051076921
GRB140206B,TR2,BAND,1.5353522957702137,175.06557114508442,4.125835688134487,4.306596423475241,1051076921
GRB140206B,TR2,BAND,1.5868348808548336,178.6549425422921,4.21081691018199,4.39526115600475,1051076921
GRB140206B,TR2,BAND,1.6400437515445863,182.335056218687,4.297615776749495,4.485855887650729,1051076921
GRB140206B,TR2,BAND,1.6950367926948178,186.10817183358003,4.386265920983135,4.5784177250317555,1051076921
GRB140206B,TR2,BAND,1.7518738301238697,189.9766025268947,4.4768014954365185,4.6729779745462,1051076921
GRB140206B,TR2,BAND,1.8106166956963778,193.94271631991793,4.569257186167619,4.769541458864779,1051076921
GRB140206B,TR2,BAND,1.8713292945889082,198.00893753090716,4.6637548570916465,4.8680819677708485,1051076921
GRB140206B,TR2,BAND,1.9340776748111073,202.177748204466,4.760499151478541,4.968469300320351,1051076921
GRB140206B,TR2,BAND,1.9989300990579977,206.4516895539228,4.859355240951601,5.070912672529886,1051076921
GRB140206B,TR2,BAND,2.0,206.5219111362258,4.860974882842186,5.072591862076422,1051076921
GRB140206B,TR2,BAND,2.0659571189715846,210.83336341627682,4.960240436608785,5.175206659854894,1051076921
GRB140206B,TR2,BAND,2.135231651892562,215.3254337196139,5.063298642762874,5.280573729031545,1051076921
GRB140206B,TR2,BAND,2.2068290601856124,219.93062796321877,5.168258362777749,5.3883126233567396,1051076921
GRB140206B,TR2,BAND,2.2808272332246045,224.65173871093702,5.274608954481948,5.500224398927202,1051076921
GRB140206B,TR2,BAND,2.3573066721268656,229.4916250986374,5.383212738137416,5.6145521892125885,1051076921
GRB140206B,TR2,BAND,2.436350577328722,234.45321435691184,5.494059791697907,5.7309616357525215,1051076921
GRB140206B,TR2,BAND,2.518044939097574,239.53950335040975,5.606486930983834,5.849191336530907,1051076921
GRB140206B,TR2,BAND,2.6024786310789683,244.75356013543208,5.721781723896726,5.9692097009481415,1051076921
GRB140206B,TR2,BAND,2.6897435069804407,250.09852553761905,5.839358987197443,6.092142438230155,1051076921
GRB140206B,TR2,BAND,2.779934500497312,255.5776147517342,5.959428741775326,6.217090493465776,1051076921
GRB140206B,TR2,BAND,2.8731497285891345,261.1941189656956,6.082830671216783,6.344363860264593,1051076921
GRB140206B,TR2,BAND,2.96949059821915,266.9514070111173,6.208759679218247,6.473861339744815,1051076921
GRB140206B,TR2,BAND,3.0,268.7648606803237,6.248308521450724,6.514182033438658,1051076921
GRB140206B,TR2,BAND,3.069061916672877,272.85292704271234,6.337234266595601,6.604795713109468,1051076921
GRB140206B,TR2,BAND,3.1719720055758387,278.9022082489697,6.46956475476685,6.739252854287486,1051076921
GRB140206B,TR2,BAND,3.2783328187344702,285.1028625965517,6.600612792954109,6.877471492688699,1051076921
GRB140206B,TR2,BAND,3.3882600639284024,291.45858661087624,6.734203332561549,7.021405535831036,1051076921
GRB140206B,TR2,BAND,3.501873328786621,297.9731631953412,6.87267378096243,7.16437463401212,1051076921
GRB140206B,TR2,BAND,3.6192962108844253,304.6504634916272,7.016111896601274,7.308324877688449,1051076921
GRB140206B,TR2,BAND,3.7406564522027392,311.49444878348197,7.159856862728134,7.459679168267371,1051076921
GRB140206B,TR2,BAND,3.866086078096029,318.50917244633956,7.301474149919443,7.6122981958409355,1051076921
GRB140206B,TR2,BAND,3.995721540920016,325.69878194507686,7.449332593874999,7.766823666730431,1051076921
GRB140206B,TR2,BAND,4.1297038684754455,333.0675208821434,7.601829361349701,7.922968635155996,1051076921
GRB140206B,TR2,BAND,4.268178817429369,340.6197310982394,7.754044004364005,8.084863095230958,1051076921
GRB140206B,TR2,BAND,4.411297031880894,348.3598548276477,7.911403759065706,8.246823227935806,1051076921
GRB140206B,TR2,BAND,4.559214207243838,356.29243691025357,8.073173340197968,8.407172314332342,1051076921
GRB140206B,TR2,BAND,4.712091259624634,364.42212706222705,8.239490294466805,8.575341687624018,1051076921
GRB140206B,TR2,BAND,4.870094500879713,372.75368220727046,8.407695977642447,8.743146856619035,1051076921
GRB140206B,TR2,BAND,5.0,379.5517190706191,8.545164456941961,8.874247320313941,1051076921
GRB140206B,TR2,BAND,5.033395819542804,381.29196887027797,8.580999893453907,8.907435307733465,1051076921
GRB140206B,TR2,BAND,5.202172867819004,390.04196563519565,8.754139999770643,9.0869306410342,1051076921
GRB140206B,TR2,BAND,5.376609254849018,399.0087656688202,8.928040630326166,9.271532480528094,1051076921
GRB140206B,TR2,BAND,5.556894746453837,408.1975793122318,9.106733240850303,9.454873221341188,1051076921
GRB140206B,TR2,BAND,5.743225471577138,417.6137367415111,9.292813777104811,9.640606642018895,1051076921
GRB140206B,TR2,BAND,5.935804135649998,427.26269069936876,9.487259140689787,9.826026159691594,1051076921
GRB140206B,TR2,BAND,6.134840241110043,437.1500192992785,9.68601195219145,10.013806729153373,1051076921
GRB140206B,TR2,BAND,6.340550315314906,447.28142890369486,9.879753868877515,10.203295395616635,1051076921
GRB140206B,TR2,BAND,6.553158146097979,457.6627570779193,10.072978074647153,10.403963314674684,1051076921
GRB140206B,TR2,BAND,6.7728950252226605,468.29997562117416,10.269817731472756,10.61295115079065,1051076921
GRB140206B,TR2,BAND,7.0,479.1991936764426,10.479746916241254,10.82453733765061,1051076921
GRB140206B,TR3,BAND,1.0,170.38177853225045,7.77156439953032,10.77233008790131,1051076921
GRB140206B,TR3,BAND,1.0335314476204913,173.64642509709282,7.929844745346486,10.980279525093863,1051076921
GRB140206B,TR3,BAND,1.0681872532205086,176.99318747347428,8.087954070612852,11.196427188110277,1051076921
GRB140206B,TR3,BAND,1.1040051181507486,180.42414912204308,8.250296419521362,11.416052583257027,1051076921
GRB140206B,TR3,BAND,1.1410240079427747,183.9414392649855,8.42398630683806,11.634299147486416,1051076921
GRB140206B,TR3,BAND,1.179284194698831,187.54723413700407,8.59188201309405,11.86326613049286,1051076921
GRB140206B,TR3,BAND,1.2188273009030484,191.2437582887433,8.759032259688581,12.104331060919606,1051076921
GRB140206B,TR3,BAND,1.2596963447017038,195.03328594053005,8.93430751721175,12.34934277898094,1051076921
GRB140206B,TR3,BAND,1.3019357867017933,198.91814238393474,9.117049562935023,12.595917219686015,1051076921
GRB140206B,TR3,BAND,1.345591578338828,202.90070542837276,9.302809984860772,12.84706889517554,1051076921
GRB140206B,TR3,BAND,1.3907112118664706,206.9834068897412,9.493880834927978,13.109765826149982,1051076921
GRB140206B,TR3,BAND,1.4373437720224012,211.16873411792469,9.691222125093645,13.378595275745283,1051076921
GRB140206B,TR3,BAND,1.48553998942661,215.45923155993202,9.890152319999714,13.65280160700803,1051076921
GRB140206B,TR3,BAND,1.5353522957702137,219.85750235541394,10.09272179934618,13.933375262446276,1051076921
GRB140206B,TR3,BAND,1.5868348808548336,224.36620996138487,10.300071007998753,14.220145965298599,1051076921
GRB140206B,TR3,BAND,1.6400437515445863,228.98807980310931,10.512306903659294,14.513236214436006,1051076921
GRB140206B,TR3,BAND,1.6950367926948178,233.7259009483198,10.729538680514224,14.812770661789926,1051076921
GRB140206B,TR3,BAND,1.7518738301238697,238.5825278021984,10.95187783053484,15.118876175552487,1051076921
GRB140206B,TR3,BAND,1.8106166956963778,243.56088182087007,11.179177807261595,15.431746148444603,1051076921
GRB140206B,TR3,BAND,1.8713292945889082,248.66395324151284,11.408622707654672,15.751409798662166,1051076921
GRB140206B,TR3,BAND,1.9340776748111073,253.89480282758475,11.640902610941339,16.077922344796832,1051076921
GRB140206B,TR3,BAND,1.9989300990579977,259.25656362807814,11.884898226040178,16.41565188032638,1051076921
GRB140206B,TR3,BAND,2.0,259.34464989602316,11.888806731672133,16.42128434516485,1051076921
GRB140206B,TR3,BAND,2.0659571189715846,264.7524427501422,12.131758976486253,16.763719394183227,1051076921
GRB140206B,TR3,BAND,2.135231651892562,270.38572314484566,12.382816491377923,17.11820313093665,1051076921
GRB140206B,TR3,BAND,2.2068290601856124,276.15976540627366,12.649113894243214,17.472554587059506,1051076921
GRB140206B,TR3,BAND,2.2808272332246045,282.078009584573,12.923188241561377,17.839462543238994,1051076921
GRB140206B,TR3,BAND,2.3573066721268656,288.1439770139435,13.186491195818633,18.227731896867226,1051076921
GRB140206B,TR3,BAND,2.436350577328722,294.36127215694404,13.452789334970703,18.62474902674171,1051076921
GRB140206B,TR3,BAND,2.518044939097574,300.7335844668161,13.740266183196297,19.018664394457232,1051076921
GRB140206B,TR3,BAND,2.6024786310789683,307.2646902698243,14.02308430977132,19.42849776840012,1051076921
GRB140206B,TR3,BAND,2.6897435069804407,313.9584546698781,14.308044556735581,19.846495229380366,1051076921
GRB140206B,TR3,BAND,2.779934500497312,320.8188334779235,14.608485593317312,20.260860746180697,1051076921
GRB140206B,TR3,BAND,2.8731497285891345,327.8498751687766,14.933390569989456,20.680539555098335,1051076921
GRB140206B,TR3,BAND,2.96949059821915,335.0557228682211,15.25406143941575,21.12361502022918,1051076921
GRB140206B,TR3,BAND,3.0,337.3251537484858,15.346068674781748,21.269157840384594,1051076921
GRB140206B,TR3,BAND,3.069061916672877,342.44061637330094,15.558542349654317,21.58709039268996,1051076921
GRB140206B,TR3,BAND,3.1719720055758387,350.00889420881856,15.897140435170797,22.019922097303493,1051076921
GRB140206B,TR3,BAND,3.2783328187344702,357.764995723093,16.24533832492648,22.479295963358652,1051076921
GRB140206B,TR3,BAND,3.3882600639284024,365.713463226051,16.59841049860836,22.94697652116298,1051076921
GRB140206B,TR3,BAND,3.501873328786621,373.8589441727137,16.953336309830377,23.43487863286208,1051076921
GRB140206B,TR3,BAND,3.6192962108844253,382.2061933951177,17.307948479172012,23.934545991069967,1051076921
GRB140206B,TR3,BAND,3.7406564522027392,390.76007538565307,17.686075799441312,24.451595191098818,1051076921
GRB140206B,TR3,BAND,3.866086078096029,399.5255666347465,18.06031404979234,24.993942707221038,1051076921
GRB140206B,TR3,BAND,3.995721540920016,408.5077580257401,18.420999878309715,25.547344011775976,1051076921
GRB140206B,TR3,BAND,4.1297038684754455,417.7118572897339,18.79360189853969,26.11250280559392,1051076921
GRB140206B,TR3,BAND,4.268178817429369,427.1431915230731,19.20421980583876,26.70925953097594,1051076921
GRB140206B,TR3,BAND,4.411297031880894,436.80720977007223,19.61381907329445,27.28617839535565,1051076921
GRB140206B,TR3,BAND,4.559214207243838,446.7094856734716,20.045165671555367,27.870398768165728,1051076921
GRB140206B,TR3,BAND,4.712091259624634,456.85572019503934,20.479209960694902,28.47583441091706,1051076921
GRB140206B,TR3,BAND,4.870094500879713,467.25174440863907,20.931058183324865,29.12721540043549,1051076921
GRB140206B,TR3,BAND,5.0,475.73268516305393,21.280117741709148,29.64023827564762,1051076921
GRB140206B,TR3,BAND,5.033395819542804,477.9035223680036,21.374957050050625,29.767779042617235,1051076921
GRB140206B,TR3,BAND,5.202172867819004,488.81715405137845,21.83069338821258,30.389944468066574,1051076921
GRB140206B,TR3,BAND,5.376609254849018,499.9988783851305,22.294225583966522,31.054150504585323,1051076921
GRB140206B,TR3,BAND,5.556894746453837,511.4550763483532,22.76319782281996,31.75119043857626,1051076921
GRB140206B,TR3,BAND,5.743225471577138,523.1922741604435,23.274321008029915,32.44543262130537,1051076921
GRB140206B,TR3,BAND,5.935804135649998,535.2171465535873,23.812459906760637,33.11937149531718,1051076921
GRB140206B,TR3,BAND,6.134840241110043,547.5365201320408,24.28957733279526,33.87748512429175,1051076921
GRB140206B,TR3,BAND,6.340550315314906,560.1573768200776,24.825917347697782,34.64488570096546,1051076921
GRB140206B,TR3,BAND,6.553158146097979,573.0868574004427,25.353243345098804,35.394593129092755,1051076921
GRB140206B,TR3,BAND,6.7728950252226605,586.3322651451449,25.884820301916875,36.19361523825546,1051076921
GRB140206B,TR3,BAND,7.0,599.9010695404129,26.39242639712711,37.0236445452955,1051076921
GRB140206B,TR4,BAND,1.0,114.92312791219136,2.0535493686693513,2.171011620819627,1051076921
GRB140206B,TR4,BAND,1.0335314476204913,117.11393115473798,2.09682056425288,2.2154848733660515,1051076921
GRB140206B,TR4,BAND,1.0681872532205086,119.36047422741537,2.140015547222859,2.262086738969799,1051076921
GRB140206B,TR4,BAND,1.1040051181507486,121.66419719602538,2.184856343388958,2.3079725076395476,1051076921
GRB140206B,TR4,BAND,1.1410240079427747,124.02657266386623,2.2323768902104604,2.3547563205244586,1051076921
GRB140206B,TR4,BAND,1.179284194698831,126.44910665760165,2.2799513211829066,2.4043221967167483,1051076921
GRB140206B,TR4,BAND,1.2188273009030484,128.93333954857863,2.326825447582877,2.454970038434169,1051076921
GRB140206B,TR4,BAND,1.2596963447017038,131.48084700829858,2.374550176274795,2.506172617497981,1051076921
GRB140206B,TR4,BAND,1.3019357867017933,134.0932409965215,2.4236907304407964,2.5572968892781205,1051076921
GRB140206B,TR4,BAND,1.345591578338828,136.7721707803055,2.4748713399441726,2.6094205780763957,1051076921
GRB140206B,TR4,BAND,1.3907112118664706,139.5193239821443,2.527123419363619,2.6634268543366773,1051076921
GRB140206B,TR4,BAND,1.4373437720224012,142.33642765526903,2.579799694702018,2.7189265166651637,1051076921
GRB140206B,TR4,BAND,1.48553998942661,145.22524938413883,2.6334108534712755,2.7754767328078174,1051076921
GRB140206B,TR4,BAND,1.5353522957702137,148.18759840814,2.688003415141594,2.8330478724751913,1051076921
GRB140206B,TR4,BAND,1.5868348808548336,151.22532676656792,2.7435884097814665,2.891627676857297,1051076921
GRB140206B,TR4,BAND,1.6400437515445863,154.34033046305316,2.8001767817831364,2.951262862287223,1051076921
GRB140206B,TR4,BAND,1.6950367926948178,157.5345506477321,2.857779388879777,3.0119937236401313,1051076921
GRB140206B,TR4,BAND,1.7518738301238697,160.80997481563216,2.916407000534491,3.073754855636281,1051076921
GRB140206B,TR4,BAND,1.8106166956963778,164.1686380199473,2.976070295600664,3.1365894608773317,1051076921
GRB140206B,TR4,BAND,1.8713292945889082,167.61262409911063,3.03677985916093,3.200507680841298,1051076921
GRB140206B,TR4,BAND,1.9340776748111073,171.14406691682234,3.0980747813175924,3.2659710706333556,1051076921
GRB140206B,TR4,BAND,1.9989300990579977,174.76515161445818,3.1600870355000836,3.333124553880026,1051076921
GRB140206B,TR4,BAND,2.0,174.82465153447964,3.161100564035138,3.334252361073908,1051076921
GRB140206B,TR4,BAND,2.0659571189715846,178.47811587555748,3.2245537197939598,3.402905517803106,1051076921
GRB140206B,TR4,BAND,2.135231651892562,182.28525120236688,3.290642510442467,3.4724539347159293,1051076921
GRB140206B,TR4,BAND,2.2068290601856124,186.1889042046876,3.3585505586459874,3.542313429260304,1051076921
GRB140206B,TR4,BAND,2.2808272332246045,190.19147790153997,3.4260679763875146,3.613578449036879,1051076921
GRB140206B,TR4,BAND,2.3573066721268656,194.29543303640872,3.49235329365942,3.687548355653604,1051076921
GRB140206B,TR4,BAND,2.436350577328722,198.50328940706615,3.561711389257141,3.7637280839305163,1051076921
GRB140206B,TR4,BAND,2.518044939097574,202.81762721118685,3.634336534459237,3.8400085942516,1051076921
GRB140206B,TR4,BAND,2.6024786310789683,207.24108840915653,3.7058794367688392,3.918971580861836,1051076921
GRB140206B,TR4,BAND,2.6897435069804407,211.77637810564815,3.782007822623285,3.9971807942396254,1051076921
GRB140206B,TR4,BAND,2.779934500497312,216.42626595168173,3.8562349495302044,4.0784145878828895,1051076921
GRB140206B,TR4,BAND,2.8731497285891345,221.19358756900317,3.937120032766188,4.1561655552895616,1051076921
GRB140206B,TR4,BAND,2.96949059821915,226.08124599871417,4.019312150549808,4.235405373683079,1051076921
GRB140206B,TR4,BAND,3.0,227.62095325638927,4.0444154978202675,4.259115252637173,1051076921
GRB140206B,TR4,BAND,3.069061916672877,231.09221317615606,4.099547412120614,4.314931660063877,1051076921
GRB140206B,TR4,BAND,3.1719720055758387,236.22953143410373,4.180652432828509,4.398263834752413,1051076921
GRB140206B,TR4,BAND,3.2783328187344702,241.49631503635382,4.259394350478772,4.487638025048682,1051076921
GRB140206B,TR4,BAND,3.3882600639284024,246.89575174380676,4.338891673901742,4.5808191533343745,1051076921
GRB140206B,TR4,BAND,3.501873328786621,252.43110441513926,4.42159271756114,4.673764405041993,1051076921
GRB140206B,TR4,BAND,3.6192962108844253,258.1057126441459,4.502923890505826,4.761174344030451,1051076921
GRB140206B,TR4,BAND,3.7406564522027392,263.9229944358037,4.5896070375060845,4.852442703829354,1051076921
GRB140206B,TR4,BAND,3.866086078096029,269.88644792307264,4.6807670839011735,4.943647563604088,1051076921
GRB140206B,TR4,BAND,3.995721540920016,275.9996531264078,4.768863334595778,5.043481285935343,1051076921
GRB140206B,TR4,BAND,4.1297038684754455,282.2662737579004,4.862100978588671,5.135367830173834,1051076921
GRB140206B,TR4,BAND,4.268178817429369,288.6900590719223,4.952266888815302,5.234477163481358,1051076921
GRB140206B,TR4,BAND,4.411297031880894,295.2748457640887,5.043808484032866,5.335757434974653,1051076921
GRB140206B,TR4,BAND,4.559214207243838,302.0245599202996,5.132824743850165,5.442606809753215,1051076921
GRB140206B,TR4,BAND,4.712091259624634,308.94321901757115,5.228833924238984,5.544262496221734,1051076921
GRB140206B,TR4,BAND,4.870094500879713,316.0349339783137,5.325543541615673,5.647697247663075,1051076921
GRB140206B,TR4,BAND,5.0,321.82226364601803,5.41437690439119,5.726732609300143,1051076921
GRB140206B,TR4,BAND,5.033395819542804,323.30391127966664,5.433940861738108,5.745404490451506,1051076921
GRB140206B,TR4,BAND,5.202172867819004,330.75445511945685,5.540447758191476,5.84983921721755,1051076921
GRB140206B,TR4,BAND,5.376609254849018,338.3909696403064,5.65529965383854,5.956772636184155,1051076921
GRB140206B,TR4,BAND,5.556894746453837,346.21796121338343,5.750982350856532,6.071489257293138,1051076921
GRB140206B,TR4,BAND,5.743225471577138,354.2400407832551,5.852482774756027,6.185999047909888,1051076921
GRB140206B,TR4,BAND,5.935804135649998,362.4619262752873,5.967079673116984,6.292263546793606,1051076921
GRB140206B,TR4,BAND,6.134840241110043,370.8884450670038,6.08142685658845,6.410148672368848,1051076921
GRB140206B,TR4,BAND,6.340550315314906,379.52453652481915,6.196276376624667,6.525550683526205,1051076921
GRB140206B,TR4,BAND,6.553158146097979,388.3752546075393,6.306427459921281,6.654358884234853,1051076921
GRB140206B,TR4,BAND,6.7728950252226605,397.44577053803135,6.426002130785605,6.781779701044968,1051076921
GRB140206B,TR4,BAND,7.0,406.7413755444616,6.549609815970996,6.902411972484401,1051076921
GRB140206B,TR5,PL,1.0,46.18974481141592,1.1951092547758577,1.2773010803704707,1051076921
GRB140206B,TR5,PL,1.0335314476204913,47.078851388848946,1.2195694442668668,1.303164157966421,1051076921
GRB140206B,TR5,PL,1.0681872532205086,47.990091790521404,1.244711436378985,1.3295090484635708,1051076921
GRB140206B,TR5,PL,1.1040051181507486,48.92401808890161,1.270003552156048,1.3569693119853241,1051076921
GRB140206B,TR5,PL,1.1410240079427747,49.88119415519103,1.295982537144404,1.3853286719088018,1051076921
GRB140206B,TR5,PL,1.179284194698831,50.86219598389781,1.3226275539283847,1.4136039799423727,1051076921
GRB140206B,TR5,PL,1.2188273009030484,51.86761203165835,1.3498970880325487,1.4423273761894748,1051076921
GRB140206B,TR5,PL,1.2596963447017038,52.898043569676354,1.3773594475197228,1.4718575795387778,1051076921
GRB140206B,TR5,PL,1.3019357867017933,53.954105049044216,1.4058962823944228,1.501825879133463,1051076921
GRB140206B,TR5,PL,1.345591578338828,55.036424478128396,1.4349704494366335,1.5325148827621362,1051076921
GRB140206B,TR5,PL,1.3907112118664706,56.14564381113378,1.46463344503794,1.5638832628260744,1051076921
GRB140206B,TR5,PL,1.4373437720224012,57.28241934691526,1.4948848985013257,1.5959435933003903,1051076921
GRB140206B,TR5,PL,1.48553998942661,58.44742213708176,1.5256278319911871,1.6287976852797357,1051076921
GRB140206B,TR5,PL,1.5353522957702137,59.64133840243317,1.557059543101893,1.66236537884501,1051076921
GRB140206B,TR5,PL,1.5868348808548336,60.864869956790045,1.589161853610129,1.6966318118439219,1051076921
GRB140206B,TR5,PL,1.6400437515445863,62.118734637313075,1.6219223158882912,1.731609051627224,1051076921
GRB140206B,TR5,PL,1.6950367926948178,63.40366674046748,1.6553625268882044,1.7673093299718658,1051076921
GRB140206B,TR5,PL,1.7518738301238697,64.72041746286109,1.6894665007630891,1.8037450486637425,1051076921
GRB140206B,TR5,PL,1.8106166956963778,66.06975534627439,1.7243901507904553,1.8409287849009814,1051076921
GRB140206B,TR5,PL,1.8713292945889082,67.45246672630135,1.7598738748113902,1.8790102530786328,1051076921
GRB140206B,TR5,PL,1.9340776748111073,68.86935618413112,1.7960024265024686,1.917935852490885,1051076921
GRB140206B,TR5,PL,1.9989300990579977,70.32124700111778,1.8328334556668011,1.9576997402585334,1051076921
GRB140206B,TR5,PL,2.0,70.34509571404307,1.8334368533288483,1.958351870478424,1051076921
GRB140206B,TR5,PL,2.0659571189715846,71.8089816159068,1.8703061840745931,1.9983637023773468,1051076921
GRB140206B,TR5,PL,2.135231651892562,73.33342208400884,1.9089862191827223,2.0397682496226395,1051076921
GRB140206B,TR5,PL,2.2068290601856124,74.89545053983254,1.9483109490791577,2.0820233363675555,1051076921
GRB140206B,TR5,PL,2.2808272332246045,76.49596966130576,1.9882139527200025,2.1252973146562226,1051076921
GRB140206B,TR5,PL,2.3573066721268656,78.13590313732536,2.0290695690762988,2.168548615098217,1051076921
GRB140206B,TR5,PL,2.436350577328722,79.81619613837947,2.071004449268017,2.212289672642143,1051076921
GRB140206B,TR5,PL,2.518044939097574,81.53781579078257,2.1136330856131593,2.257843939551833,1051076921
GRB140206B,TR5,PL,2.6024786310789683,83.30175165504687,2.1564360618274776,2.304816141184588,1051076921
GRB140206B,TR5,PL,2.6897435069804407,85.10901620898947,2.2010071948164125,2.351914852802807,1051076921
GRB140206B,TR5,PL,2.779934500497312,86.96064533623819,2.2459844367480173,2.399876074138035,1051076921
GRB140206B,TR5,PL,2.8731497285891345,88.85769882085081,2.292121514391482,2.449149290863872,1051076921
GRB140206B,TR5,PL,2.96949059821915,90.80126084880486,2.3402982196837883,2.4985943245755635,1051076921
GRB140206B,TR5,PL,3.0,91.4132366941824,2.355495978282846,2.514103030704973,1051076921
GRB140206B,TR5,PL,3.069061916672877,92.79244051714595,2.3899620533600228,2.548692779924849,1051076921
GRB140206B,TR5,PL,3.1719720055758387,94.83237235160502,2.4395260845583238,2.599863221509736,1051076921
GRB140206B,TR5,PL,3.2783328187344702,96.92221683350571,2.4890575992506285,2.65270166399101,1051076921
GRB140206B,TR5,PL,3.3882600639284024,99.06316093678939,2.5405115561181475,2.7052257227892937,1051076921
GRB140206B,TR5,PL,3.501873328786621,101.25641867598057,2.5930489185043513,2.7581966650818543,1051076921
GRB140206B,TR5,PL,3.6192962108844253,103.50323166590769,2.64623280338472,2.8136066892741383,1051076921
GRB140206B,TR5,PL,3.7406564522027392,105.80486969397903,2.6999438300484115,2.8716148809510287,1051076921
GRB140206B,TR5,PL,3.866086078096029,108.1626313057947,2.755518047973453,2.9295465566746515,1051076921
GRB140206B,TR5,PL,3.995721540920016,110.57784440485455,2.8131190863433346,2.987611122896965,1051076921
GRB140206B,TR5,PL,4.1297038684754455,113.05186686709597,2.8711750281385946,3.048094930311862,1051076921
GRB140206B,TR5,PL,4.268178817429369,115.58608717097019,2.9287910204029686,3.111819217279958,1051076921
GRB140206B,TR5,PL,4.411297031880894,118.1819250437391,2.987480057690064,3.175629183450326,1051076921
GRB140206B,TR5,PL,4.559214207243838,120.84083212464526,3.048801432577889,3.2374563856968734,1051076921
GRB140206B,TR5,PL,4.712091259624634,123.56429264558348,3.1110698336725306,3.300292254186857,1051076921
GRB140206B,TR5,PL,4.870094500879713,126.35382412987411,3.1728784386176443,3.367593029160304,1051076921
GRB140206B,TR5,PL,5.0,128.62877006941324,3.2227861121991594,3.4220349834503736,1051076921
GRB140206B,TR5,PL,5.033395819542804,129.2109781097139,3.2357028868954814,3.4356316508673217,1051076921
GRB140206B,TR5,PL,5.202172867819004,132.1373408628572,3.302640096028739,3.502031956105526,1051076921
GRB140206B,TR5,PL,5.376609254849018,135.13453416905858,3.367338007458727,3.5742449521442836,1051076921
GRB140206B,TR5,PL,5.556894746453837,138.20421608678828,3.435297143741707,3.6482365131742256,1051076921
GRB140206B,TR5,PL,5.743225471577138,141.34808175071473,3.504737762890926,3.7210541141097337,1051076921
GRB140206B,TR5,PL,5.935804135649998,144.5678641904343,3.575610198605432,3.7964171054493363,1051076921
GRB140206B,TR5,PL,6.134840241110043,147.86533517091382,3.649406509965587,3.869806432767291,1051076921
GRB140206B,TR5,PL,6.340550315314906,151.2423060551038,3.723719683695805,3.9477373157571662,1051076921
GRB140206B,TR5,PL,6.553158146097979,154.70062868916997,3.800869635453381,4.02530989317583,1051076921
GRB140206B,TR5,PL,6.7728950252226605,158.2421963107865,3.87803049332058,4.102871095582827,1051076921
GRB140206B,TR5,PL,7.0,161.86894448093068,3.9543894202293757,4.18174627459652,1051076921
GRB231129C,T90,SBPL_BB,1.0,117.45826384878856,2.3041045771452957,2.808825108196743,1051076921
GRB231129C,T90,SBPL_BB,1.0335314476204913,119.59710697010428,2.3530755074050234,2.8675274596576514,1051076921
GRB231129C,T90,SBPL_BB,1.0681872532205086,121.79615740921987,2.403466564636105,2.928712840313082,1051076921
GRB231129C,T90,SBPL_BB,1.1040051181507486,124.05718410628819,2.455559828034879,2.9920383601855463,1051076921
GRB231129C,T90,SBPL_BB,1.1410240079427747,126.38200427965317,2.507798063640564,3.0570260161860574,1051076921
GRB231129C,T90,SBPL_BB,1.179284194698831,128.77248479670496,2.5620917373438488,3.1229147495415077,1051076921
GRB231129C,T90,SBPL_BB,1.2188273009030484,131.2305435885126,2.6173505443748013,3.1879461631318406,1051076921
GRB231129C,T90,SBPL_BB,1.2596963447017038,133.75815110823706,2.6735374929208433,3.2558110044425064,1051076921
GRB231129C,T90,SBPL_BB,1.3019357867017933,136.3573318332361,2.7305969875118308,3.324825345661253,1051076921
GRB231129C,T90,SBPL_BB,1.345591578338828,139.0301658107086,2.787846931990117,3.395044219191874,1051076921
GRB231129C,T90,SBPL_BB,1.3907112118664706,141.77879024668428,2.846111403888699,3.4660911059453667,1051076921
GRB231129C,T90,SBPL_BB,1.4373437720224012,144.6054011381462,2.9049895854793135,3.538439576353028,1051076921
GRB231129C,T90,SBPL_BB,1.48553998942661,147.51225494808705,2.9651618350438014,3.6119476858991106,1051076921
GRB231129C,T90,SBPL_BB,1.5353522957702137,150.50167032333272,3.026647805727123,3.686611286908061,1051076921
GRB231129C,T90,SBPL_BB,1.5868348808548336,153.57602985503283,3.089035754698756,3.762800687520297,1051076921
GRB231129C,T90,SBPL_BB,1.6400437515445863,156.73778188180228,3.1527089500200702,3.8404039196097415,1051076921
GRB231129C,T90,SBPL_BB,1.6950367926948178,159.98944233560766,3.217751822061018,3.9194382186842063,1051076921
GRB231129C,T90,SBPL_BB,1.7518738301238697,163.33359663062345,3.2838176514557915,4.000022711032983,1051076921
GRB231129C,T90,SBPL_BB,1.8106166956963778,166.77290159542784,3.3510254908194383,4.082047327544814,1051076921
GRB231129C,T90,SBPL_BB,1.8713292945889082,170.31008744907064,3.41994533030055,4.1650599132676405,1051076921
GRB231129C,T90,SBPL_BB,1.9340776748111073,173.94795982171635,3.4895772469302813,4.249777200691653,1051076921
GRB231129C,T90,SBPL_BB,1.9989300990579977,177.68940182074496,3.5603227974559957,4.3352446816138865,1051076921
GRB231129C,T90,SBPL_BB,2.0,177.7509732167898,3.5614814199230977,4.336641089349769,1051076921
GRB231129C,T90,SBPL_BB,2.0659571189715846,181.53737614337646,3.631342353084193,4.421958492627368,1051076921
GRB231129C,T90,SBPL_BB,2.135231651892562,185.49492723706703,3.7030629804287116,4.509982218104767,1051076921
GRB231129C,T90,SBPL_BB,2.2068290601856124,189.56518350910846,3.775628451038557,4.600321212237617,1051076921
GRB231129C,T90,SBPL_BB,2.2808272332246045,193.7513595870369,3.848620732304056,4.692831033158313,1051076921
GRB231129C,T90,SBPL_BB,2.3573066721268656,198.05675863162682,3.924636963713425,4.783597149424111,1051076921
GRB231129C,T90,SBPL_BB,2.436350577328722,202.48477470440523,4.001800047060584,4.875254609176977,1051076921
GRB231129C,T90,SBPL_BB,2.518044939097574,207.03889519177196,4.079037497237863,4.970624289713896,1051076921
GRB231129C,T90,SBPL_BB,2.6024786310789683,211.72270328794676,4.159149526204004,5.070380602245166,1051076921
GRB231129C,T90,SBPL_BB,2.6897435069804407,216.53988053909148,4.24179842665896,5.170466542550798,1051076921
GRB231129C,T90,SBPL_BB,2.779934500497312,221.49420945106672,4.326662025791677,5.267133114981846,1051076921
GRB231129C,T90,SBPL_BB,2.8731497285891345,226.58957616338222,4.412320934085471,5.36848971583467,1051076921
GRB231129C,T90,SBPL_BB,2.96949059821915,231.82997319198932,4.496068328477776,5.471712238574099,1051076921
GRB231129C,T90,SBPL_BB,3.0,233.48419169471657,4.523992484988582,5.503337945961562,1051076921
GRB231129C,T90,SBPL_BB,3.069061916672877,237.2195022436396,4.585289527893792,5.574458957078065,1051076921
GRB231129C,T90,SBPL_BB,3.1719720055758387,242.7623771045993,4.669114316539037,5.683928082459516,1051076921
GRB231129C,T90,SBPL_BB,3.2783328187344702,248.4629266065686,4.752907702757852,5.794274409544073,1051076921
GRB231129C,T90,SBPL_BB,3.3882600639284024,254.32559767269933,4.8404439828816805,5.906860575165126,1051076921
GRB231129C,T90,SBPL_BB,3.501873328786621,260.35495844664916,4.931666817860304,6.022065791642206,1051076921
GRB231129C,T90,SBPL_BB,3.6192962108844253,266.5557015076458,5.021346487253538,6.140370307164858,1051076921
GRB231129C,T90,SBPL_BB,3.7406564522027392,272.93264717456486,5.113143374444576,6.251559697005348,1051076921
GRB231129C,T90,SBPL_BB,3.866086078096029,279.4907469020545,5.202762844879487,6.363053126019054,1051076921
GRB231129C,T90,SBPL_BB,3.995721540920016,286.2350867717664,5.291558760757937,6.47829440388773,1051076921
GRB231129C,T90,SBPL_BB,4.1297038684754455,293.1708910817764,5.381901377285601,6.597961168300969,1051076921
GRB231129C,T90,SBPL_BB,4.268178817429369,300.3035260373057,5.474782264845885,6.723450380478312,1051076921
GRB231129C,T90,SBPL_BB,4.411297031880894,307.6385035458811,5.567912536365952,6.848328459334255,1051076921
GRB231129C,T90,SBPL_BB,4.559214207243838,315.18148512009554,5.665819914826443,6.969104948286201,1051076921
GRB231129C,T90,SBPL_BB,4.712091259624634,322.9382858911709,5.768433258527352,7.085560421759681,1051076921
GRB231129C,T90,SBPL_BB,4.870094500879713,330.91487873655143,5.866597837887753,7.208419232311314,1051076921
GRB231129C,T90,SBPL_BB,5.0,337.44331031422075,5.948174807859289,7.316237061196546,1051076921
GRB231129C,T90,SBPL_BB,5.033395819542804,339.11739852479786,5.9697137963950695,7.3435397650135315,1051076921
GRB231129C,T90,SBPL_BB,5.202172867819004,347.55214648109603,6.066250425692829,7.476724841634677,1051076921
GRB231129C,T90,SBPL_BB,5.376609254849018,356.22559467673847,6.169080490613339,7.607250035875381,1051076921
GRB231129C,T90,SBPL_BB,5.556894746453837,365.14439064599156,6.274592964792532,7.740698443599854,1051076921
GRB231129C,T90,SBPL_BB,5.743225471577138,374.31536213381594,6.386180269827889,7.866991102298186,1051076921
GRB231129C,T90,SBPL_BB,5.935804135649998,383.74552197797266,6.48698943035447,7.992730625501679,1051076921
GRB231129C,T90,SBPL_BB,6.134840241110043,393.44207312911277,6.588569342576591,8.125189695803954,1051076921
GRB231129C,T90,SBPL_BB,6.340550315314906,403.41241381252183,6.699612211156705,8.253487878431827,1051076921
GRB231129C,T90,SBPL_BB,6.553158146097979,413.6641428352705,6.79859872179469,8.375966709121542,1051076921
GRB231129C,T90,SBPL_BB,6.7728950252226605,424.20506504260254,6.898745628580571,8.510747352840383,1051076921
GRB231129C,T90,SBPL_BB,7.0,435.0431969274844,6.990525307552332,8.666418236354616,1051076921
GRB231129C,EX0,SBPL_BB,1.0,114.51739268269289,5.013680239874347,5.642255194817778,1051076921
GRB231129C,EX0,SBPL_BB,1.0335314476204913,116.63786564174224,5.109355573099791,5.7562794550666325,1051076921
GRB231129C,EX0,SBPL_BB,1.0681872532205086,118.81588530781688,5.210228666529318,5.8676695009149284,1051076921
GRB231129C,EX0,SBPL_BB,1.1040051181507486,121.05307490065819,5.31243947830815,5.98387710633952,1051076921
GRB231129C,EX0,SBPL_BB,1.1410240079427747,123.35109942069147,5.4160820699678,6.101212905311272,1051076921
GRB231129C,EX0,SBPL_BB,1.179284194698831,125.71166680474356,5.5222802690836374,6.224890881694165,1051076921
GRB231129C,EX0,SBPL_BB,1.2188273009030484,128.13652912042215,5.632400247103732,6.35079264627376,1051076921
GRB231129C,EX0,SBPL_BB,1.2596963447017038,130.62748379868103,5.744286698882675,6.480431707045568,1051076921
GRB231129C,EX0,SBPL_BB,1.3019357867017933,133.18637490396088,5.86124294379718,6.609977379069306,1051076921
GRB231129C,EX0,SBPL_BB,1.345591578338828,135.81509444119578,5.981250409124243,6.741840297264105,1051076921
GRB231129C,EX0,SBPL_BB,1.3907112118664706,138.5155836989024,6.1034924945684566,6.877076671386789,1051076921
GRB231129C,EX0,SBPL_BB,1.4373437720224012,141.28983462752532,6.227788423584144,7.016083295198314,1051076921
GRB231129C,EX0,SBPL_BB,1.48553998942661,144.13989125220598,6.355090570235518,7.158510105882698,1051076921
GRB231129C,EX0,SBPL_BB,1.5353522957702137,147.06785111916352,6.4856123274220465,7.304250839611427,1051076921
GRB231129C,EX0,SBPL_BB,1.5868348808548336,150.07586677493518,6.619552626551069,7.453637604906504,1051076921
GRB231129C,EX0,SBPL_BB,1.6400437515445863,153.16614727780706,6.756058278056884,7.607117471413687,1051076921
GRB231129C,EX0,SBPL_BB,1.6950367926948178,156.34095974088356,6.895164349964631,7.764803486201231,1051076921
GRB231129C,EX0,SBPL_BB,1.7518738301238697,159.60263090638242,7.037348403524987,7.926729093450859,1051076921
GRB231129C,EX0,SBPL_BB,1.8106166956963778,162.95354875090382,7.183446222310749,8.092255923706205,1051076921
GRB231129C,EX0,SBPL_BB,1.8713292945889082,166.39616412160203,7.332897675826871,8.261976264025947,1051076921
GRB231129C,EX0,SBPL_BB,1.9340776748111073,169.93299240338027,7.48553936354233,8.436035806300225,1051076921
GRB231129C,EX0,SBPL_BB,1.9989300990579977,173.56661521743146,7.64052703283113,8.614754751135933,1051076921
GRB231129C,EX0,SBPL_BB,2.0,173.62637978083873,7.643067282044797,8.617691722586727,1051076921
GRB231129C,EX0,SBPL_BB,2.0659571189715846,177.29968215165442,7.7988809580315035,8.797697919471176,1051076921
GRB231129C,EX0,SBPL_BB,2.135231651892562,181.13491252368294,7.963265365821542,8.98128384306213,1051076921
GRB231129C,EX0,SBPL_BB,2.2068290601856124,185.075097177469,8.13286224205973,9.167422563095641,1051076921
GRB231129C,EX0,SBPL_BB,2.2808272332246045,189.12310031456093,8.305459134592553,9.358641219483275,1051076921
GRB231129C,EX0,SBPL_BB,2.3573066721268656,193.28186136140536,8.483220809983521,9.557776859524353,1051076921
GRB231129C,EX0,SBPL_BB,2.436350577328722,197.55439687417774,8.665537592815923,9.760594674257021,1051076921
GRB231129C,EX0,SBPL_BB,2.518044939097574,201.94380248281354,8.85082645396011,9.970143281501578,1051076921
GRB231129C,EX0,SBPL_BB,2.6024786310789683,206.45325487605396,9.040959348954118,10.182711163126271,1051076921
GRB231129C,EX0,SBPL_BB,2.6897435069804407,211.08601382945932,9.240211289765739,10.3927790970464,1051076921
GRB231129C,EX0,SBPL_BB,2.779934500497312,215.84542427845287,9.447387964788334,10.607643766541258,1051076921
GRB231129C,EX0,SBPL_BB,2.8731497285891345,220.7349184385608,9.650514443018949,10.832745922879809,1051076921
GRB231129C,EX0,SBPL_BB,2.96949059821915,225.75801797509698,9.853863985999766,11.072272020111427,1051076921
GRB231129C,EX0,SBPL_BB,3.0,227.34249510934904,9.919553159020069,11.14620179807568,1051076921
GRB231129C,EX0,SBPL_BB,3.069061916672877,230.91833622460788,10.059433572359325,11.320455123544008,1051076921
GRB231129C,EX0,SBPL_BB,3.1719720055758387,236.2195804704496,10.27241999877208,11.569505197408034,1051076921
GRB231129C,EX0,SBPL_BB,3.2783328187344702,241.66555427490826,10.486215372502556,11.825498055601969,1051076921
GRB231129C,EX0,SBPL_BB,3.3882600639284024,247.26015987030732,10.71371760068493,12.082512033787111,1051076921
GRB231129C,EX0,SBPL_BB,3.501873328786621,253.0074006115637,10.94673441477019,12.340950701314682,1051076921
GRB231129C,EX0,SBPL_BB,3.6192962108844253,258.9113834926684,11.180495320910978,12.610624946990356,1051076921
GRB231129C,EX0,SBPL_BB,3.7406564522027392,264.9763217295706,11.42036427177294,12.883029314820078,1051076921
GRB231129C,EX0,SBPL_BB,3.866086078096029,271.20653741194695,11.670140930006255,13.16111494313111,1051076921
GRB231129C,EX0,SBPL_BB,3.995721540920016,277.6064642263319,11.923679126144748,13.44443474435269,1051076921
GRB231129C,EX0,SBPL_BB,4.1297038684754455,284.1806502530795,12.186318738514103,13.731585459778898,1051076921
GRB231129C,EX0,SBPL_BB,4.268178817429369,290.9337608396212,12.46312513316235,14.022925784716847,1051076921
GRB231129C,EX0,SBPL_BB,4.411297031880894,297.8705815524766,12.738509085504973,14.316457956566808,1051076921
GRB231129C,EX0,SBPL_BB,4.559214207243838,304.9960212104657,13.01462165263706,14.613648637211782,1051076921
GRB231129C,EX0,SBPL_BB,4.712091259624634,312.3151150015722,13.295142229252633,14.92958895276314,1051076921
GRB231129C,EX0,SBPL_BB,4.870094500879713,319.83302768590187,13.594120350813228,15.255564642211027,1051076921
GRB231129C,EX0,SBPL_BB,5.0,325.9797486555747,13.842448254601436,15.5167983257395,1051076921
GRB231129C,EX0,SBPL_BB,5.033395819542804,327.5550568871828,13.904120075396406,15.58529228079442,1051076921
GRB231129C,EX0,SBPL_BB,5.202172867819004,335.48663647526183,14.194125268103903,15.942052489235891,1051076921
GRB231129C,EX0,SBPL_BB,5.376609254849018,343.6333400420601,14.493011003670745,16.331291959733107,1051076921
GRB231129C,EX0,SBPL_BB,5.556894746453837,352.000884473466,14.808694774542516,16.689777170097216,1051076921
GRB231129C,EX0,SBPL_BB,5.743225471577138,360.59513361966134,15.13053764230807,17.050595686938834,1051076921
GRB231129C,EX0,SBPL_BB,5.935804135649998,369.4221020664054,15.460359507890985,17.438478524704692,1051076921
GRB231129C,EX0,SBPL_BB,6.134840241110043,378.4879590098257,15.79661390127842,17.81390386083092,1051076921
GRB231129C,EX0,SBPL_BB,6.340550315314906,387.79903223730156,16.136564621599007,18.21943162203405,1051076921
GRB231129C,EX0,SBPL_BB,6.553158146097979,397.36181221706687,16.477230229377426,18.632244272136063,1051076921
GRB231129C,EX0,SBPL_BB,6.7728950252226605,407.18295629919965,16.83997294593621,19.044939872417615,1051076921
GRB231129C,EX0,SBPL_BB,7.0,417.2692930307189,17.219289215711626,19.480548062615924,1051076921
GRB231129C,TR1,SBPL_BB,1.0,93.58350003273067,4.700605147944344,5.648133866484429,1051076921
GRB231129C,TR1,SBPL_BB,1.0335314476204913,95.29384887881385,4.79113722217437,5.755928799222289,1051076921
GRB231129C,TR1,SBPL_BB,1.0681872532205086,97.05196097057441,4.884046292997525,5.870005401581494,1051076921
GRB231129C,TR1,SBPL_BB,1.1040051181507486,98.85922788888313,4.9779197776002775,5.988194942420961,1051076921
GRB231129C,TR1,SBPL_BB,1.1410240079427747,100.7170787382794,5.0760035145561915,6.107254129965867,1051076921
GRB231129C,TR1,SBPL_BB,1.179284194698831,102.62698120572934,5.176043906027132,6.230069662484979,1051076921
GRB231129C,TR1,SBPL_BB,1.2188273009030484,104.5904426534429,5.280302767836929,6.354465794365467,1051076921
GRB231129C,TR1,SBPL_BB,1.2596963447017038,106.6090112456667,5.386250841350076,6.48041503057992,1051076921
GRB231129C,TR1,SBPL_BB,1.3019357867017933,108.68427710928668,5.495193726370985,6.6080448466223345,1051076921
GRB231129C,TR1,SBPL_BB,1.345591578338828,110.817873528019,5.607112909169359,6.739068862097298,1051076921
GRB231129C,TR1,SBPL_BB,1.3907112118664706,113.01147816992778,5.721726228644627,6.873777963068974,1051076921
GRB231129C,TR1,SBPL_BB,1.4373437720224012,115.26681434798977,5.8384280157332995,7.012234218755964,1051076921
GRB231129C,TR1,SBPL_BB,1.48553998942661,117.58565231343262,5.957417223625384,7.154706554181416,1051076921
GRB231129C,TR1,SBPL_BB,1.5353522957702137,119.96981058159912,6.079298944169096,7.300719933595957,1051076921
GRB231129C,TR1,SBPL_BB,1.5868348808548336,122.42115729013922,6.204322015633579,7.450174457893667,1051076921
GRB231129C,TR1,SBPL_BB,1.6400437515445863,124.94161158940044,6.332183539701688,7.603604678823402,1051076921
GRB231129C,TR1,SBPL_BB,1.6950367926948178,127.53314506497698,6.462942902613662,7.761116539418381,1051076921
GRB231129C,TR1,SBPL_BB,1.7518738301238697,130.19778319248138,6.596887760970716,7.92255622880171,1051076921
GRB231129C,TR1,SBPL_BB,1.8106166956963778,132.93760682472478,6.734177331845501,8.087872675860723,1051076921
GRB231129C,TR1,SBPL_BB,1.8713292945889082,135.75475371162167,6.874482435240594,8.257617216516422,1051076921
GRB231129C,TR1,SBPL_BB,1.9340776748111073,138.65142005327772,7.017321131792897,8.43232647199531,1051076921
GRB231129C,TR1,SBPL_BB,1.9989300990579977,141.62986208686448,7.162818076324669,8.611821904839275,1051076921
GRB231129C,TR1,SBPL_BB,2.0,141.67887133273655,7.16522133110243,8.614774652665517,1051076921
GRB231129C,TR1,SBPL_BB,2.0659571189715846,144.69239770803742,7.312598220592349,8.796192474707595,1051076921
GRB231129C,TR1,SBPL_BB,2.135231651892562,147.84140812780214,7.466213266587715,8.984866215782489,1051076921
GRB231129C,TR1,SBPL_BB,2.2068290601856124,151.0793395658842,7.623145825451672,9.174659234240607,1051076921
GRB231129C,TR1,SBPL_BB,2.2808272332246045,154.4087049818026,7.78354871263025,9.368291490632629,1051076921
GRB231129C,TR1,SBPL_BB,2.3573066721268656,157.83208584498405,7.951424187453625,9.56427511992311,1051076921
GRB231129C,TR1,SBPL_BB,2.436350577328722,161.3521339453869,8.12160837585455,9.766469681627314,1051076921
GRB231129C,TR1,SBPL_BB,2.518044939097574,164.97157324622552,8.29800294347234,9.971070378492072,1051076921
GRB231129C,TR1,SBPL_BB,2.6024786310789683,168.69320178049546,8.477443056739645,10.185150501198933,1051076921
GRB231129C,TR1,SBPL_BB,2.6897435069804407,172.51989359310252,8.661090107793257,10.405595834776932,1051076921
GRB231129C,TR1,SBPL_BB,2.779934500497312,176.45460073048875,8.849366039261696,10.62964914712569,1051076921
GRB231129C,TR1,SBPL_BB,2.8731497285891345,180.50035527972702,9.038429663185212,10.86169726055246,1051076921
GRB231129C,TR1,SBPL_BB,2.96949059821915,184.66027145912577,9.232214993064389,11.104640825803955,1051076921
GRB231129C,TR1,SBPL_BB,3.0,185.97321321564024,9.295335297076434,11.177202376442438,1051076921
GRB231129C,TR1,SBPL_BB,3.069061916672877,188.93754776244486,9.437590511396508,11.341023956043472,1051076921
GRB231129C,TR1,SBPL_BB,3.1719720055758387,193.3354691588742,9.639606932208068,11.59382209229014,1051076921
GRB231129C,TR1,SBPL_BB,3.2783328187344702,197.8574093509678,9.848446378057531,11.847296960047487,1051076921
GRB231129C,TR1,SBPL_BB,3.3882600639284024,202.50683309276337,10.06481419238716,12.107562463134315,1051076921
GRB231129C,TR1,SBPL_BB,3.501873328786621,207.2872985703442,10.281357495121227,12.369553550952105,1051076921
GRB231129C,TR1,SBPL_BB,3.6192962108844253,212.20245984712594,10.51154145918315,12.627574571098648,1051076921
GRB231129C,TR1,SBPL_BB,3.7406564522027392,217.25606937617027,10.748053107723905,12.890793949693403,1051076921
GRB231129C,TR1,SBPL_BB,3.866086078096029,222.45198058184485,10.977203124564369,13.165016663939497,1051076921
GRB231129C,TR1,SBPL_BB,3.995721540920016,227.79415051316428,11.214399030829696,13.446671251088361,1051076921
GRB231129C,TR1,SBPL_BB,4.1297038684754455,233.2866425711609,11.45938645000885,13.746633665936429,1051076921
GRB231129C,TR1,SBPL_BB,4.268178817429369,238.93362931264966,11.713550854721461,14.02873073473657,1051076921
GRB231129C,TR1,SBPL_BB,4.411297031880894,244.73939533276516,11.973586970936196,14.345867700542954,1051076921
GRB231129C,TR1,SBPL_BB,4.559214207243838,250.70834022866453,12.229741355234438,14.659884247296873,1051076921
GRB231129C,TR1,SBPL_BB,4.712091259624634,256.8449816468121,12.497179575030344,14.983262492884819,1051076921
GRB231129C,TR1,SBPL_BB,4.870094500879713,263.1539584162771,12.771593480601581,15.30395455040815,1051076921
GRB231129C,TR1,SBPL_BB,5.0,268.3163915537403,12.988234833453703,15.563054909705954,1051076921
GRB231129C,TR1,SBPL_BB,5.033395819542804,269.64003377050386,13.0451749729271,15.628084345969398,1051076921
GRB231129C,TR1,SBPL_BB,5.202172867819004,276.3080986600394,13.343871418085882,15.956795253837527,1051076921
GRB231129C,TR1,SBPL_BB,5.376609254849018,283.1631751587329,13.637347160374361,16.31756707711537,1051076921
GRB231129C,TR1,SBPL_BB,5.556894746453837,290.2104199659599,13.936209080500873,16.677303198946333,1051076921
GRB231129C,TR1,SBPL_BB,5.743225471577138,297.45512800745644,14.243956972468595,17.04188744668221,1051076921
GRB231129C,TR1,SBPL_BB,5.935804135649998,304.9027361373974,14.542897023362059,17.424771206169737,1051076921
GRB231129C,TR1,SBPL_BB,6.134840241110043,312.5588269443955,14.86885448524032,17.805392538066656,1051076921
GRB231129C,TR1,SBPL_BB,6.340550315314906,320.42913266415025,15.208137493996617,18.184870520897903,1051076921
GRB231129C,TR1,SBPL_BB,6.553158146097979,328.51953920153124,15.537140113717555,18.58620304456099,1051076921
GRB231129C,TR1,SBPL_BB,6.7728950252226605,336.83609026493883,15.883376164387982,18.98980205706482,1051076921
GRB231129C,TR1,SBPL_BB,7.0,345.3849916158491,16.242620422371886,19.411513391112805,1051076921
GRB231129C,EX1,SBPL,1.0,166.58637579276882,3.132572895051169,3.6422474165752305,1051076921
GRB231129C,EX1,SBPL,1.0335314476204913,169.72202867658808,3.1940202347227284,3.7158915887182786,1051076921
GRB231129C,EX1,SBPL,1.0681872532205086,172.93974893178466,3.255780189285474,3.7913314172581636,1051076921
GRB231129C,EX1,SBPL,1.1040051181507486,176.24174611802943,3.3219054618143105,3.8653831045558604,1051076921
GRB231129C,EX1,SBPL,1.1410240079427747,179.63028293237966,3.389419793574973,3.9388425979737747,1051076921
GRB231129C,EX1,SBPL,1.179284194698831,183.10767665646662,3.457437477237306,4.015599432834222,1051076921
GRB231129C,EX1,SBPL,1.2188273009030484,186.67630065631542,3.5259090040670458,4.094475222370022,1051076921
GRB231129C,EX1,SBPL,1.2596963447017038,190.33858593343592,3.5953010930839753,4.174836729807822,1051076921
GRB231129C,EX1,SBPL,1.3019357867017933,194.0970227255564,3.66733344231983,4.2567551141382864,1051076921
GRB231129C,EX1,SBPL,1.345591578338828,197.9541621551662,3.7401190426886615,4.343829556659642,1051076921
GRB231129C,EX1,SBPL,1.3907112118664706,201.9126179238773,3.8150915509286563,4.430718860980534,1051076921
GRB231129C,EX1,SBPL,1.4373437720224012,205.9750680505091,3.892962994708938,4.52083430509856,1051076921
GRB231129C,EX1,SBPL,1.48553998942661,210.14425665076368,3.972539723102358,4.613588080420499,1051076921
GRB231129C,EX1,SBPL,1.5353522957702137,214.42299575637142,4.053943507664229,4.708271716630975,1051076921
GRB231129C,EX1,SBPL,1.5868348808548336,218.81416717166667,4.137250673317652,4.805235010372513,1051076921
GRB231129C,EX1,SBPL,1.6400437515445863,223.32072436567785,4.222503183095597,4.904303574837627,1051076921
GRB231129C,EX1,SBPL,1.6950367926948178,227.945694398004,4.309743832732579,5.005389860610109,1051076921
GRB231129C,EX1,SBPL,1.7518738301238697,232.69217987697357,4.3990162716567625,5.109017251968197,1051076921
GRB231129C,EX1,SBPL,1.8106166956963778,237.56336094885066,4.490379305447931,5.2146765401011805,1051076921
GRB231129C,EX1,SBPL,1.8713292945889082,242.56249731715334,4.58368399220771,5.322811920308595,1051076921
GRB231129C,EX1,SBPL,1.9340776748111073,247.69293029147417,4.67957466811481,5.4357270723537,1051076921
GRB231129C,EX1,SBPL,1.9989300990579977,252.95808486553418,4.779957809035295,5.548412812331634,1051076921
GRB231129C,EX1,SBPL,2.0,253.0446368678683,4.781589583460203,5.550265381356979,1051076921
GRB231129C,EX1,SBPL,2.0659571189715846,258.36147182455437,4.88034318123988,5.6666890050352094,1051076921
GRB231129C,EX1,SBPL,2.135231651892562,263.90668988238195,4.9851696639487955,5.7881145041420154,1051076921
GRB231129C,EX1,SBPL,2.2068290601856124,269.59742784915596,5.090625105597155,5.913088676686243,1051076921
GRB231129C,EX1,SBPL,2.2808272332246045,275.4374668306365,5.199062973127525,6.039736777555447,1051076921
GRB231129C,EX1,SBPL,2.3573066721268656,281.4306824606403,5.3073493435441605,6.170957761690886,1051076921
GRB231129C,EX1,SBPL,2.436350577328722,287.58104716832526,5.416465806458632,6.30702652000366,1051076921
GRB231129C,EX1,SBPL,2.518044939097574,293.8926324823418,5.531534867760172,6.438412436250189,1051076921
GRB231129C,EX1,SBPL,2.6024786310789683,300.36961137411316,5.649515738990885,6.572632333236811,1051076921
GRB231129C,EX1,SBPL,2.6897435069804407,307.0162606427274,5.771451671599493,6.713446788336796,1051076921
GRB231129C,EX1,SBPL,2.779934500497312,313.836963344108,5.8939068515512645,6.856634226409199,1051076921
GRB231129C,EX1,SBPL,2.8731497285891345,320.8362112672892,6.017621878626073,7.007313729185739,1051076921
GRB231129C,EX1,SBPL,2.96949059821915,328.018607460747,6.143081872518678,7.161434586100995,1051076921
GRB231129C,EX1,SBPL,3.0,330.2825375840733,6.183972446402038,7.206776385777459,1051076921
GRB231129C,EX1,SBPL,3.069061916672877,335.38886881184004,6.278259735082884,7.30736624733413,1051076921
GRB231129C,EX1,SBPL,3.1719720055758387,342.9518286824836,6.4074276800701,7.475701031226038,1051076921
GRB231129C,EX1,SBPL,3.2783328187344702,350.7124396042308,6.54244750699354,7.643236416546131,1051076921
GRB231129C,EX1,SBPL,3.3882600639284024,358.67577603596175,6.678522874999317,7.805823634382307,1051076921
GRB231129C,EX1,SBPL,3.501873328786621,366.8470371873896,6.819929159077276,7.975673767476451,1051076921
GRB231129C,EX1,SBPL,3.6192962108844253,375.2315499115838,6.965384459213567,8.153502952037911,1051076921
GRB231129C,EX1,SBPL,3.7406564522027392,383.8347716696918,7.124946624402014,8.325151509940724,1051076921
GRB231129C,EX1,SBPL,3.866086078096029,392.6622935710018,7.27790464638656,8.512240709186756,1051076921
GRB231129C,EX1,SBPL,3.995721540920016,401.71984349146,7.435603649825907,8.702556171755305,1051076921
GRB231129C,EX1,SBPL,4.1297038684754455,411.01328927369616,7.599436503372374,8.893323609246067,1051076921
GRB231129C,EX1,SBPL,4.268178817429369,420.54864201157477,7.764734998826498,9.09966769270028,1051076921
GRB231129C,EX1,SBPL,4.411297031880894,430.33205942222946,7.9316243340286405,9.306943486918044,1051076921
GRB231129C,EX1,SBPL,4.559214207243838,440.3698493084923,8.109562468760316,9.515430483362877,1051076921
GRB231129C,EX1,SBPL,4.712091259624634,450.66847311458076,8.292253265473278,9.72584923429622,1051076921
GRB231129C,EX1,SBPL,4.870094500879713,461.2345495778611,8.467539895131608,9.946939399131338,1051076921
GRB231129C,EX1,SBPL,5.0,469.8644395728173,8.612163706159492,10.124939829122013,1051076921
GRB231129C,EX1,SBPL,5.033395819542804,472.07485847946566,8.647241392168041,10.170290833162426,1051076921
GRB231129C,EX1,SBPL,5.202172867819004,483.1963444965064,8.841609692469888,10.388913541848979,1051076921
GRB231129C,EX1,SBPL,5.376609254849018,494.6061211586022,9.045002081983625,10.60435042469129,1051076921
GRB231129C,EX1,SBPL,5.556894746453837,506.3114749114128,9.25310755989932,10.828223460531035,1051076921
GRB231129C,EX1,SBPL,5.743225471577138,518.3198692898567,9.459343891562582,11.073446105226026,1051076921
GRB231129C,EX1,SBPL,5.935804135649998,530.6389492036886,9.671924848444519,11.306013678430077,1051076921
GRB231129C,EX1,SBPL,6.134840241110043,543.2765453381085,9.886817062753494,11.553837176327079,1051076921
GRB231129C,EX1,SBPL,6.340550315314906,556.2406786720802,10.11271306019853,11.798664966237993,1051076921
GRB231129C,EX1,SBPL,6.553158146097979,569.5395651170634,10.332474712362227,12.057691332752938,1051076921
GRB231129C,EX1,SBPL,6.7728950252226605,583.1816202788714,10.56164824836003,12.319437027361914,1051076921
GRB231129C,EX1,SBPL,7.0,597.1754643454115,10.795413501357075,12.596882635979114,1051076921
GRB231129C,TR2,SBPL,1.0,174.942711912929,3.279145454232861,3.8802762882818342,1051076921
GRB231129C,TR2,SBPL,1.0335314476204913,178.2313698180563,3.344278225223775,3.957956696444711,1051076921
GRB231129C,TR2,SBPL,1.0681872532205086,181.60634881116056,3.41001241424712,4.033554001984925,1051076921
GRB231129C,TR2,SBPL,1.1040051181507486,185.06998220375613,3.4768465761510754,4.112386674710137,1051076921
GRB231129C,TR2,SBPL,1.1410240079427747,188.62465975078354,3.5453295302916956,4.191289502546681,1051076921
GRB231129C,TR2,SBPL,1.179284194698831,192.2728291889271,3.6171168459422915,4.27228294939178,1051076921
GRB231129C,TR2,SBPL,1.2188273009030484,196.01699783042085,3.6899060452085166,4.360242895429138,1051076921
GRB231129C,TR2,SBPL,1.2596963447017038,199.85973421097,3.7648865934486935,4.449500619472474,1051076921
GRB231129C,TR2,SBPL,1.3019357867017933,203.80366979013763,3.839247113283392,4.539283001557777,1051076921
GRB231129C,TR2,SBPL,1.345591578338828,207.85150070234025,3.9172246834277473,4.626950784476861,1051076921
GRB231129C,TR2,SBPL,1.3907112118664706,212.00598955643196,3.997125459170519,4.720827125664528,1051076921
GRB231129C,TR2,SBPL,1.4373437720224012,216.2699672817532,4.078230294512025,4.818068449698302,1051076921
GRB231129C,TR2,SBPL,1.48553998942661,220.6463350184802,4.161599300434318,4.916952768759614,1051076921
GRB231129C,TR2,SBPL,1.5353522957702137,225.1380660501308,4.246476333668966,5.017984940387521,1051076921
GRB231129C,TR2,SBPL,1.5868348808548336,229.74820777615975,4.3340426069607645,5.121717494410831,1051076921
GRB231129C,TR2,SBPL,1.6400437515445863,234.4798837227159,4.423400749541884,5.227351137757694,1051076921
GRB231129C,TR2,SBPL,1.6950367926948178,239.33629558982042,4.514555807772581,5.334907864216092,1051076921
GRB231129C,TR2,SBPL,1.7518738301238697,244.320725333465,4.6084471561975136,5.444846249512722,1051076921
GRB231129C,TR2,SBPL,1.8106166956963778,249.43653728140507,4.703924907003682,5.557732492136125,1051076921
GRB231129C,TR2,SBPL,1.8713292945889082,254.6871802817357,4.802554760660797,5.672275680814153,1051076921
GRB231129C,TR2,SBPL,1.9340776748111073,260.0761898836737,4.90248652043411,5.789027634634181,1051076921
GRB231129C,TR2,SBPL,1.9989300990579977,265.60719055032735,5.004379473023448,5.914636184253368,1051076921
GRB231129C,TR2,SBPL,2.0,265.6981167043458,5.006057009996596,5.916718808243957,1051076921
GRB231129C,TR2,SBPL,2.0659571189715846,271.28389790359483,5.109950427498916,6.041585026102837,1051076921
GRB231129C,TR2,SBPL,2.135231651892562,277.1101210017051,5.217726638507088,6.166582223049147,1051076921
GRB231129C,TR2,SBPL,2.2068290601856124,283.0897646502712,5.327238662672471,6.293025770403574,1051076921
GRB231129C,TR2,SBPL,2.2808272332246045,289.2268317480779,5.437778757377032,6.425458952856616,1051076921
GRB231129C,TR2,SBPL,2.3573066721268656,295.5254256691593,5.552922345114325,6.567523484693822,1051076921
GRB231129C,TR2,SBPL,2.436350577328722,301.98975268302803,5.672113923845302,6.706996344824859,1051076921
GRB231129C,TR2,SBPL,2.518044939097574,308.6241244152086,5.793052323244524,6.854424946940128,1051076921
GRB231129C,TR2,SBPL,2.6024786310789683,315.43296035047604,5.915061174746995,7.003152720294736,1051076921
GRB231129C,TR2,SBPL,2.6897435069804407,322.420790381434,6.041579211725946,7.14714525968742,1051076921
GRB231129C,TR2,SBPL,2.779934500497312,329.59225740525477,6.16951556383674,7.301918331044078,1051076921
GRB231129C,TR2,SBPL,2.8731497285891345,336.95211997157287,6.299975569916626,7.459409402550534,1051076921
GRB231129C,TR2,SBPL,2.96949059821915,344.50525498465066,6.4376806014590215,7.611243033257949,1051076921
GRB231129C,TR2,SBPL,3.0,346.88618593782,6.479173107859765,7.65927772759494,1051076921
GRB231129C,TR2,SBPL,3.069061916672877,352.256660463045,6.571602717456585,7.767731189951462,1051076921
GRB231129C,TR2,SBPL,3.1719720055758387,360.21145836007514,6.711243898902694,7.92789691727927,1051076921
GRB231129C,TR2,SBPL,3.2783328187344702,368.37489744844754,6.861042023767084,8.098172453894506,1051076921
GRB231129C,TR2,SBPL,3.3882600639284024,376.7523562724212,7.009298087432455,8.278331625678788,1051076921
GRB231129C,TR2,SBPL,3.501873328786621,385.3493461709071,7.152795301393098,8.468937590994017,1051076921
GRB231129C,TR2,SBPL,3.6192962108844253,394.1715143748906,7.30861916243947,8.6593584815717,1051076921
GRB231129C,TR2,SBPL,3.7406564522027392,403.22464718254315,7.47490590122851,8.847847974023807,1051076921
GRB231129C,TR2,SBPL,3.866086078096029,412.5146732153572,7.6403995796663935,9.029252975255417,1051076921
GRB231129C,TR2,SBPL,3.995721540920016,422.0476667586053,7.808931118462965,9.226069539511627,1051076921
GRB231129C,TR2,SBPL,4.1297038684754455,431.8298511893683,7.980328508403261,9.430305784628558,1051076921
GRB231129C,TR2,SBPL,4.268178817429369,441.8676024953391,8.149209551962088,9.650080832946344,1051076921
GRB231129C,TR2,SBPL,4.411297031880894,452.1674528875532,8.33669756704677,9.85899006267897,1051076921
GRB231129C,TR2,SBPL,4.559214207243838,462.73609451014545,8.530022619468184,10.077256135620928,1051076921
GRB231129C,TR2,SBPL,4.712091259624634,473.5803832501936,8.717208095387889,10.299722079961043,1051076921
GRB231129C,TR2,SBPL,4.870094500879713,484.70734265065744,8.915794186775145,10.528302561888552,1051076921
GRB231129C,TR2,SBPL,5.0,493.7961058627528,9.069569733193873,10.709539435215902,1051076921
GRB231129C,TR2,SBPL,5.033395819542804,496.12416792938507,9.10777191214595,10.757008066919525,1051076921
GRB231129C,TR2,SBPL,5.202172867819004,507.8382301071321,9.31945281856133,11.013212961631552,1051076921
GRB231129C,TR2,SBPL,5.376609254849018,519.8570802475019,9.529355981528226,11.262260366585906,1051076921
GRB231129C,TR2,SBPL,5.556894746453837,532.1884538117051,9.740763893063104,11.511705255394531,1051076921
GRB231129C,TR2,SBPL,5.743225471577138,544.8402751310189,9.97002764356182,11.76299761921905,1051076921
GRB231129C,TR2,SBPL,5.935804135649998,557.8206619998269,10.189010156747145,12.02651233428719,1051076921
GRB231129C,TR2,SBPL,6.134840241110043,571.1379303921203,10.42996954853379,12.296087819665217,1051076921
GRB231129C,TR2,SBPL,6.340550315314906,584.8005993043556,10.647198130992024,12.587023890676278,1051076921
GRB231129C,TR2,SBPL,6.553158146097979,598.8173957275836,10.866436819759883,12.869762739261091,1051076921
GRB231129C,TR2,SBPL,6.7728950252226605,613.1972597517889,11.103857467206694,13.158708255260194,1051076921
GRB231129C,TR2,SBPL,7.0,627.949349805419,11.34150403160595,13.434415042836122,1051076921
