GRB,episode,model,z,Gamma_min_B,Gamma_min_B_err_lower,Gamma_min_B_err_upper,seed
GRB131014A,T90,BAND_BB,1.0,93.07309855133609,2.029026974458617,2.131381568537435,3962326526
GRB131014A,T90,BAND_BB,1.0335314476204913,94.88117504746977,2.069392653745041,2.1746266234729177,3962326526
GRB131014A,T90,BAND_BB,1.0681872532205086,96.73333929412127,2.110874047263806,2.2186406397446206,3962326526
GRB131014A,T90,BAND_BB,1.1040051181507486,98.63065145877653,2.1533006664725463,2.263632594714693,3962326526
GRB131014A,T90,BAND_BB,1.1410240079427747,100.57419302593543,2.1967597565119092,2.3095542700160365,3962326526
GRB131014A,T90,BAND_BB,1.179284194698831,102.5650673964362,2.2412042723274084,2.356492293485047,3962326526
GRB131014A,T90,BAND_BB,1.2188273009030484,104.60440051593717,2.286650304621503,2.404470732680963,3962326526
GRB131014A,T90,BAND_BB,1.2596963447017038,106.69334153107286,2.3331182307597373,2.453509964765871,3962326526
GRB131014A,T90,BAND_BB,1.3019357867017933,108.8330634715618,2.3806287507580635,2.5036306625005267,3962326526
GRB131014A,T90,BAND_BB,1.345591578338828,111.02476395635057,2.4292861464615783,2.5548538056769985,3962326526
GRB131014A,T90,BAND_BB,1.3907112118664706,113.26966592172332,2.479067613193834,2.607200693023586,3962326526
GRB131014A,T90,BAND_BB,1.4373437720224012,115.56901836919432,2.529937003836835,2.660692954502423,3962326526
GRB131014A,T90,BAND_BB,1.48553998942661,117.92409713094249,2.581915136673743,2.7153525639177474,3962326526
GRB131014A,T90,BAND_BB,1.5353522957702137,120.33620565052978,2.635023165523691,2.7712018517529913,3962326526
GRB131014A,T90,BAND_BB,1.5868348808548336,122.80667577668109,2.689282591948711,2.828263518152383,3962326526
GRB131014A,T90,BAND_BB,1.6400437515445863,125.33686856798059,2.7447152775174146,2.8865606459683733,3962326526
GRB131014A,T90,BAND_BB,1.6950367926948178,127.9281751064619,2.801343456051498,2.9461167137967834,3962326526
GRB131014A,T90,BAND_BB,1.7518738301238697,130.582017318229,2.859189745787077,3.0069556089272567,3962326526
GRB131014A,T90,BAND_BB,1.8106166956963778,133.29984879943794,2.9182771613855323,3.0691016401424633,3962326526
GRB131014A,T90,BAND_BB,1.8713292945889082,136.08315564619025,2.978629125738223,3.1325795503063034,3962326526
GRB131014A,T90,BAND_BB,1.9340776748111073,138.9334572871315,3.0402694815138886,3.1974145286881424,3962326526
GRB131014A,T90,BAND_BB,1.9989300990579977,141.85230731780678,3.103223357126211,3.2636322229789982,3962326526
GRB131014A,T90,BAND_BB,2.0,141.9002366961331,3.104258622915893,3.2647180841071872,3962326526
GRB131014A,T90,BAND_BB,2.0659571189715846,144.8412943360914,3.1677139333733066,3.331258750962917,3962326526
GRB131014A,T90,BAND_BB,2.135231651892562,147.90204277828573,3.2336048569759157,3.400320711817187,3962326526
GRB131014A,T90,BAND_BB,2.2068290601856124,151.03621375572942,3.30092371158608,3.4708451970204237,3962326526
GRB131014A,T90,BAND_BB,2.2808272332246045,154.24550589205114,3.369698616915457,3.5428598008592758,3962326526
GRB131014A,T90,BAND_BB,2.3573066721268656,157.5316561614156,3.4399582397675488,3.616392630529191,3962326526
GRB131014A,T90,BAND_BB,2.436350577328722,160.89644072835952,3.5118039282370717,3.6914001923564683,3962326526
GRB131014A,T90,BAND_BB,2.518044939097574,164.34167579002138,3.5852530122206474,3.7679241110188,3962326526
GRB131014A,T90,BAND_BB,2.6024786310789683,167.86921842175536,3.6604510826515195,3.845878869387491,3962326526
GRB131014A,T90,BAND_BB,2.6897435069804407,171.48096742728833,3.737488291285672,3.9252355272072066,3962326526
GRB131014A,T90,BAND_BB,2.779934500497312,175.17886419471768,3.8159922028561937,4.006201779348885,3962326526
GRB131014A,T90,BAND_BB,2.8731497285891345,178.96489355976482,3.8958025946561463,4.089078975533994,3962326526
GRB131014A,T90,BAND_BB,2.96949059821915,182.84108467779154,3.97706007344712,4.173766779319152,3962326526
GRB131014A,T90,BAND_BB,3.0,184.06104599477604,4.002550935291566,4.2005351190492775,3962326526
GRB131014A,T90,BAND_BB,3.069061916672877,186.809511906155,4.059898687984315,4.2607582526289605,3962326526
GRB131014A,T90,BAND_BB,3.1719720055758387,190.8722956985233,4.144467531418428,4.349570824919709,3962326526
GRB131014A,T90,BAND_BB,3.2783328187344702,195.03160351280206,4.230361175512996,4.440711421096722,3962326526
GRB131014A,T90,BAND_BB,3.3882600639284024,199.2896507343272,4.317937495548989,4.533979203328357,3962326526
GRB131014A,T90,BAND_BB,3.501873328786621,203.64870161597398,4.407195290517279,4.6293359029535,3962326526
GRB131014A,T90,BAND_BB,3.6192962108844253,208.11107023680793,4.498041906000708,4.726804363437765,3962326526
GRB131014A,T90,BAND_BB,3.7406564522027392,212.67912148086918,4.590712591071707,4.826354272964608,3962326526
GRB131014A,T90,BAND_BB,3.866086078096029,217.35527203763746,4.685955185998154,4.927103276721397,3962326526
GRB131014A,T90,BAND_BB,3.995721540920016,222.1419914256728,4.7833250560852605,5.029648823046955,3962326526
GRB131014A,T90,BAND_BB,4.1297038684754455,227.04180304086896,4.881829832007071,5.13516609411667,3962326526
GRB131014A,T90,BAND_BB,4.268178817429369,232.05728523069448,4.982141653150478,5.242345408231444,3962326526
GRB131014A,T90,BAND_BB,4.411297031880894,237.19107239573367,5.0858394652631205,5.3497254394799825,3962326526
GRB131014A,T90,BAND_BB,4.559214207243838,242.4458561197705,5.191681434510599,5.460185967400662,3962326526
GRB131014A,T90,BAND_BB,4.712091259624634,247.8243863296,5.299626542462988,5.573855515532927,3962326526
GRB131014A,T90,BAND_BB,4.870094500879713,253.32947248568337,5.409712221170224,5.69044587542939,3962326526
GRB131014A,T90,BAND_BB,5.0,257.81615479221847,5.498561724922382,5.785857862941441,3962326526
GRB131014A,T90,BAND_BB,5.033395819542804,258.96398480470486,5.521253500820592,5.810237390274779,3962326526
GRB131014A,T90,BAND_BB,5.202172867819004,264.73085551503107,5.6352641653899695,5.932062345419183,3962326526
GRB131014A,T90,BAND_BB,5.376609254849018,270.63308014601967,5.752518210814799,6.05581230102581,3962326526
GRB131014A,T90,BAND_BB,5.556894746453837,276.6737188520768,5.8731659905233755,6.179369154954429,3962326526
GRB131014A,T90,BAND_BB,5.743225471577138,282.85589777231337,5.996058947224185,6.306809516240492,3962326526
GRB131014A,T90,BAND_BB,5.935804135649998,289.18281042661977,6.121457152150299,6.437616647081768,3962326526
GRB131014A,T90,BAND_BB,6.134840241110043,295.65771914893406,6.2494358463954995,6.5710691289474426,3962326526
GRB131014A,T90,BAND_BB,6.340550315314906,302.2839565584569,6.380044180086145,6.707086818335711,3962326526
GRB131014A,T90,BAND_BB,6.553158146097979,309.06492706953804,6.513219393740087,6.84536322664394,3962326526
GRB131014A,T90,BAND_BB,6.7728950252226605,316.0041084409412,6.648662395526912,6.985180973034517,3962326526
GRB131014A,T90,BAND_BB,7.0,323.10505336517843,6.7863932804906995,7.131071417066607,3962326526
GRB131014A,EX0,BAND_BB,1.0,131.0804940657188,3.8184797110188384,4.182638714860616,3962326526
GRB131014A,EX0,BAND_BB,1.0335314476204913,133.62467879538517,3.8951903589258734,4.2665809259262915,3962326526
GRB131014A,EX0,BAND_BB,1.0681872532205086,136.2310241245938,3.973584182670038,4.352421391092264,3962326526
GRB131014A,EX0,BAND_BB,1.1040051181507486,138.90103029100723,4.053722876956897,4.440199180619516,3962326526
GRB131014A,EX0,BAND_BB,1.1410240079427747,141.63622788747992,4.135564873989239,4.529918593954619,3962326526
GRB131014A,EX0,BAND_BB,1.179284194698831,144.43817871318572,4.219187712623608,4.621719100985388,3962326526
GRB131014A,EX0,BAND_BB,1.2188273009030484,147.3084766657214,4.304698739279189,4.715632843515323,3962326526
GRB131014A,EX0,BAND_BB,1.2596963447017038,150.2487486721273,4.392136560785588,4.8116400529886505,3962326526
GRB131014A,EX0,BAND_BB,1.3019357867017933,153.26065565643154,4.481563819666263,4.909782318307833,3962326526
GRB131014A,EX0,BAND_BB,1.345591578338828,156.34589354105674,4.573148127284696,5.010101872396149,3962326526
GRB131014A,EX0,BAND_BB,1.3907112118664706,159.50619427921183,4.666757178049238,5.112641616214887,3962326526
GRB131014A,EX0,BAND_BB,1.4373437720224012,162.74332691523824,4.76243064625308,5.2174451435546985,3962326526
GRB131014A,EX0,BAND_BB,1.48553998942661,166.05909866979624,4.860208855626752,5.324556766445227,3962326526
GRB131014A,EX0,BAND_BB,1.5353522957702137,169.4553560467576,4.9601328026820966,5.4340215410267945,3962326526
GRB131014A,EX0,BAND_BB,1.5868348808548336,172.93398595871835,5.0622441803243134,5.54588529372657,3962326526
GRB131014A,EX0,BAND_BB,1.6400437515445863,176.49691686815638,5.166585401592982,5.660194647587332,3962326526
GRB131014A,EX0,BAND_BB,1.6950367926948178,180.14611994142874,5.273199623397801,5.77699704860251,3962326526
GRB131014A,EX0,BAND_BB,1.7518738301238697,183.8836102130278,5.382130770123894,5.896340791920551,3962326526
GRB131014A,EX0,BAND_BB,1.8106166956963778,187.7114477577847,5.493423556991161,6.018275047792457,3962326526
GRB131014A,EX0,BAND_BB,1.8713292945889082,191.63173886901785,5.607123513064437,6.142849887149538,3962326526
GRB131014A,EX0,BAND_BB,1.9340776748111073,195.6466372409624,5.723277003823455,6.270116306712708,3962326526
GRB131014A,EX0,BAND_BB,1.9989300990579977,199.75834515417827,5.84193125321687,6.400126253549189,3962326526
GRB131014A,EX0,BAND_BB,2.0,199.82586413557092,5.843877185053628,6.402258448522787,3962326526
GRB131014A,EX0,BAND_BB,2.0659571189715846,203.96911466300548,5.963258323953795,6.532932649010405,3962326526
GRB131014A,EX0,BAND_BB,2.135231651892562,208.28124878451464,6.087350489508935,6.668589411998738,3962326526
GRB131014A,EX0,BAND_BB,2.2068290601856124,212.69710268877068,6.214139472561641,6.807151481529047,3962326526
GRB131014A,EX0,BAND_BB,2.2808272332246045,217.21908489059342,6.343678631183423,6.948685126363415,3962326526
GRB131014A,EX0,BAND_BB,2.3573066721268656,221.84965844334076,6.476022363927058,7.093425116534917,3962326526
GRB131014A,EX0,BAND_BB,2.436350577328722,226.59134213556095,6.6109550534740436,7.241235367575314,3962326526
GRB131014A,EX0,BAND_BB,2.518044939097574,231.4467116916582,6.748756131393094,7.392176426127861,3962326526
GRB131014A,EX0,BAND_BB,2.6024786310789683,236.41840097797478,6.889386555791333,7.546334872983664,3962326526
GRB131014A,EX0,BAND_BB,2.6897435069804407,241.50910321592724,7.032978337635342,7.703773202367756,3962326526
GRB131014A,EX0,BAND_BB,2.779934500497312,246.72157220402934,7.179617868486588,7.864527589546498,3962326526
GRB131014A,EX0,BAND_BB,2.8731497285891345,252.05862355079648,7.329557980406463,8.027564168869105,3962326526
GRB131014A,EX0,BAND_BB,2.96949059821915,257.52313592065553,7.482601548144174,8.193702416360509,3962326526
GRB131014A,EX0,BAND_BB,3.0,259.24306754646653,7.530686898001477,8.245879971807199,3962326526
GRB131014A,EX0,BAND_BB,3.069061916672877,263.1180522950804,7.638876343719119,8.363443572863389,3962326526
GRB131014A,EX0,BAND_BB,3.1719720055758387,268.846381251238,7.798633045142765,8.537257352883046,3962326526
GRB131014A,EX0,BAND_BB,3.2783328187344702,274.7111982604665,7.963224067579574,8.714667490163947,3962326526
GRB131014A,EX0,BAND_BB,3.3882600639284024,280.7156470089207,8.129926568323299,8.89619813039036,3962326526
GRB131014A,EX0,BAND_BB,3.501873328786621,286.8629407427046,8.301254067514321,9.081643395958565,3962326526
GRB131014A,EX0,BAND_BB,3.6192962108844253,293.1563636397833,8.477943306250609,9.269642635712387,3962326526
GRB131014A,EX0,BAND_BB,3.7406564522027392,299.59927221091647,8.658592641948701,9.461144973128398,3962326526
GRB131014A,EX0,BAND_BB,3.866086078096029,306.1950967317943,8.842230076895873,9.657233008325079,3962326526
GRB131014A,EX0,BAND_BB,3.995721540920016,312.94734270848505,9.02875608153306,9.857317369128964,3962326526
GRB131014A,EX0,BAND_BB,4.1297038684754455,319.8595923782213,9.219292107284843,10.060787734978874,3962326526
GRB131014A,EX0,BAND_BB,4.268178817429369,326.93550624746854,9.41186616996248,10.270316313825049,3962326526
GRB131014A,EX0,BAND_BB,4.411297031880894,334.1788246691278,9.608487513659838,10.483886865113845,3962326526
GRB131014A,EX0,BAND_BB,4.559214207243838,341.5933694606345,9.80863704419022,10.702373551519486,3962326526
GRB131014A,EX0,BAND_BB,4.712091259624634,349.18304556462846,10.014548747383515,10.923702077260373,3962326526
GRB131014A,EX0,BAND_BB,4.870094500879713,356.951842753779,10.224871178798992,11.149344425416075,3962326526
GRB131014A,EX0,BAND_BB,5.0,363.2838587674537,10.395891538796093,11.332635405951407,3962326526
GRB131014A,EX0,BAND_BB,5.033395819542804,364.9038373812669,10.439587743948664,11.37944815270697,3962326526
GRB131014A,EX0,BAND_BB,5.202172867819004,373.04319417834586,10.659788341412764,11.618762788715173,3962326526
GRB131014A,EX0,BAND_BB,5.376609254849018,381.374168100333,10.886413317918255,11.859092575973932,3962326526
GRB131014A,EX0,BAND_BB,5.556894746453837,389.90110622230736,11.11633553016793,12.105142821729942,3962326526
GRB131014A,EX0,BAND_BB,5.743225471577138,398.6284496857368,11.349212070259455,12.357559847554285,3962326526
GRB131014A,EX0,BAND_BB,5.935804135649998,407.56073569720013,11.587105783830452,12.617242694911624,3962326526
GRB131014A,EX0,BAND_BB,6.134840241110043,416.70259958031954,11.830713384377816,12.875904010486238,3962326526
GRB131014A,EX0,BAND_BB,6.340550315314906,426.0587768819829,12.07713217371122,13.142430678306141,3962326526
GRB131014A,EX0,BAND_BB,6.553158146097979,435.6341055339009,12.33052437281708,13.411795120857334,3962326526
GRB131014A,EX0,BAND_BB,6.7728950252226605,445.43352807051343,12.58980143897503,13.687560484402411,3962326526
GRB131014A,EX0,BAND_BB,7.0,455.462093904248,12.854452893090865,13.96879041231756,3962326526
GRB131014A,TR1,BAND_BB,1.0,142.79355695508391,3.970746998389984,4.188714822219453,3962326526
GRB131014A,TR1,BAND_BB,1.0335314476204913,145.56453824761027,4.050618092489088,4.272324397959181,3962326526
GRB131014A,TR1,BAND_BB,1.0681872532205086,148.40325154872912,4.131998178385999,4.358136397613805,3962326526
GRB131014A,TR1,BAND_BB,1.1040051181507486,151.3113328937763,4.214912420900845,4.44598078021923,3962326526
GRB131014A,TR1,BAND_BB,1.1410240079427747,154.29045146701415,4.299638822250699,4.535806774858287,3962326526
GRB131014A,TR1,BAND_BB,1.179284194698831,157.34231053054825,4.386303852610155,4.627654833210755,3962326526
GRB131014A,TR1,BAND_BB,1.2188273009030484,160.46864839786042,4.474976783251037,4.721559962550515,3962326526
GRB131014A,TR1,BAND_BB,1.2596963447017038,163.67123944972366,4.566245960875307,4.817291199971152,3962326526
GRB131014A,TR1,BAND_BB,1.3019357867017933,166.95189518989807,4.659583860306952,4.915193472878599,3962326526
GRB131014A,TR1,BAND_BB,1.345591578338828,170.31246533771952,4.754967603885518,5.015311608230604,3962326526
GRB131014A,TR1,BAND_BB,1.3907112118664706,173.75483895445447,4.8524364219910865,5.117691203955417,3962326526
GRB131014A,TR1,BAND_BB,1.4373437720224012,177.28094560013062,4.952030142230228,5.222378655679023,3962326526
GRB131014A,TR1,BAND_BB,1.48553998942661,180.89275651746166,5.05378921222902,5.329421184107218,3962326526
GRB131014A,TR1,BAND_BB,1.5353522957702137,184.5922858394619,5.15773499977476,5.4388865859693,3962326526
GRB131014A,TR1,BAND_BB,1.5868348808548336,188.38159181740122,5.263912842953857,5.5508202355778735,3962326526
GRB131014A,TR1,BAND_BB,1.6400437515445863,192.262778065869,5.372410563338178,5.6652266236582705,3962326526
GRB131014A,TR1,BAND_BB,1.6950367926948178,196.2379948219029,5.48327311062593,5.782154764764556,3962326526
GRB131014A,TR1,BAND_BB,1.7518738301238697,200.30944021538062,5.596526814495604,5.901673997259593,3962326526
GRB131014A,TR1,BAND_BB,1.8106166956963778,204.47936154816665,5.712165045139841,6.02388837415225,3962326526
GRB131014A,TR1,BAND_BB,1.8713292945889082,208.75005657984235,5.830271080213038,6.148813846842813,3962326526
GRB131014A,TR1,BAND_BB,1.9340776748111073,213.1238748182153,5.950891165012052,6.276505254767301,3962326526
GRB131014A,TR1,BAND_BB,1.9989300990579977,217.60321881319658,6.074072370796188,6.407018515877496,3962326526
GRB131014A,TR1,BAND_BB,2.0,217.67677531864314,6.076092244772383,6.409159544876843,3962326526
GRB131014A,TR1,BAND_BB,2.0659571189715846,222.1905454530391,6.199862615534897,6.5404106535389985,3962326526
GRB131014A,TR1,BAND_BB,2.135231651892562,226.8883672623418,6.328346884446006,6.676739822908189,3962326526
GRB131014A,TR1,BAND_BB,2.2068290601856124,231.69925370162701,6.460114914878943,6.8158172500764636,3962326526
GRB131014A,TR1,BAND_BB,2.2808272332246045,236.6258324686958,6.595173217229956,6.957711005534776,3962326526
GRB131014A,TR1,BAND_BB,2.3573066721268656,241.6707908023375,6.733203072223887,7.102654095628623,3962326526
GRB131014A,TR1,BAND_BB,2.436350577328722,246.83687678932034,6.874264889491428,7.2507060504573815,3962326526
GRB131014A,TR1,BAND_BB,2.518044939097574,252.1269006759104,7.017988695101849,7.401927546187096,3962326526
GRB131014A,TR1,BAND_BB,2.6024786310789683,257.5437361854502,7.164190988179712,7.5569002936962875,3962326526
GRB131014A,TR1,BAND_BB,2.6897435069804407,263.09032184378356,7.313537943122014,7.7151762908837895,3962326526
GRB131014A,TR1,BAND_BB,2.779934500497312,268.7696623145216,7.466090857616393,7.876656785476143,3962326526
GRB131014A,TR1,BAND_BB,2.8731497285891345,274.5848297463259,7.621870583155896,8.04159820233184,3962326526
GRB131014A,TR1,BAND_BB,2.96949059821915,280.5389651345222,7.780939426706425,8.209961565591584,3962326526
GRB131014A,TR1,BAND_BB,3.0,282.4130217243328,7.830916706960011,8.262858865814167,3962326526
GRB131014A,TR1,BAND_BB,3.069061916672877,286.6352796994622,7.943360856458185,8.381886121704724,3962326526
GRB131014A,TR1,BAND_BB,3.1719720055758387,292.877056284125,8.109199517487184,8.557405103055089,3962326526
GRB131014A,TR1,BAND_BB,3.2783328187344702,299.2676507734847,8.278521247219771,8.736465404620844,3962326526
GRB131014A,TR1,BAND_BB,3.3882600639284024,305.8104935381899,8.451366901321762,8.920070830779196,3962326526
GRB131014A,TR1,BAND_BB,3.501873328786621,312.5090909050805,8.6282596104233,9.10630169142047,3962326526
GRB131014A,TR1,BAND_BB,3.6192962108844253,319.3670266570412,8.809134525800857,9.296192559087388,3962326526
GRB131014A,TR1,BAND_BB,3.7406564522027392,326.38796356463286,8.992826802994387,9.490261385367717,3962326526
GRB131014A,TR1,BAND_BB,3.866086078096029,333.57564495187825,9.179639934522527,9.689169366607075,3962326526
GRB131014A,TR1,BAND_BB,3.995721540920016,340.9338962985019,9.369359851288834,9.892435296145493,3962326526
GRB131014A,TR1,BAND_BB,4.1297038684754455,348.4666268808319,9.564060443685094,10.099662207237486,3962326526
GRB131014A,TR1,BAND_BB,4.268178817429369,356.1778314534825,9.762491051204108,10.311378165444012,3962326526
GRB131014A,TR1,BAND_BB,4.411297031880894,364.0715919738376,9.96431164596845,10.5290002882345,3962326526
GRB131014A,TR1,BAND_BB,4.559214207243838,372.15207937125547,10.169518863975384,10.751840733302629,3962326526
GRB131014A,TR1,BAND_BB,4.712091259624634,380.4235553628222,10.37915834024318,10.977637443726337,3962326526
GRB131014A,TR1,BAND_BB,4.870094500879713,388.8903743173813,10.596946202570962,11.205599171499841,3962326526
GRB131014A,TR1,BAND_BB,5.0,395.7914142179489,10.77300794746617,11.393782842178496,3962326526
GRB131014A,TR1,BAND_BB,5.033395819542804,397.5569851694799,10.817507036038421,11.44233387364045,3962326526
GRB131014A,TR1,BAND_BB,5.202172867819004,406.4279333847834,11.043139310939296,11.682667243420951,3962326526
GRB131014A,TR1,BAND_BB,5.376609254849018,415.5078629784318,11.271661425243053,11.929254804228435,3962326526
GRB131014A,TR1,BAND_BB,5.556894746453837,424.80151858773763,11.504824688875999,12.178191515015953,3962326526
GRB131014A,TR1,BAND_BB,5.743225471577138,434.31374760055553,11.743768849514822,12.428997124213993,3962326526
GRB131014A,TR1,BAND_BB,5.935804135649998,444.0495023406018,11.989083779763462,12.68988566532181,3962326526
GRB131014A,TR1,BAND_BB,6.134840241110043,454.0138423109429,12.23675901227756,12.956893210403507,3962326526
GRB131014A,TR1,BAND_BB,6.340550315314906,464.21193649683323,12.48827343413842,13.229228518738239,3962326526
GRB131014A,TR1,BAND_BB,6.553158146097979,474.6490657290469,12.74661860712564,13.508455018952816,3962326526
GRB131014A,TR1,BAND_BB,6.7728950252226605,485.330625108814,13.01367675600693,13.790979830353251,3962326526
GRB131014A,TR1,BAND_BB,7.0,496.2621264954591,13.28648894056704,14.077438672199548,3962326526
GRB131014A,EX1,BAND_BB,1.0,110.60848006875078,4.410501475623789,4.946121237652918,3962326526
GRB131014A,EX1,BAND_BB,1.0335314476204913,112.76243165305901,4.498901594066169,5.045297616451691,3962326526
GRB131014A,EX1,BAND_BB,1.0681872532205086,114.9686162535934,4.58930714289184,5.1466030729115175,3962326526
GRB131014A,EX1,BAND_BB,1.1040051181507486,117.22827706843127,4.681759654692243,5.250207101546891,3962326526
GRB131014A,EX1,BAND_BB,1.1410240079427747,119.54268185150954,4.776301267610563,5.356157223113485,3962326526
GRB131014A,EX1,BAND_BB,1.179284194698831,121.91312360871801,4.872974745398366,5.464724094983126,3962326526
GRB131014A,EX1,BAND_BB,1.2188273009030484,124.34092132887272,4.97182349897794,5.575820830958122,3962326526
GRB131014A,EX1,BAND_BB,1.2596963447017038,126.82742074774006,5.072975701297338,5.689305238515203,3962326526
GRB131014A,EX1,BAND_BB,1.3019357867017933,129.3739951429867,5.176300699265909,5.805241233546724,3962326526
GRB131014A,EX1,BAND_BB,1.345591578338828,131.98204615769413,5.281905076213192,5.923762702412716,3962326526
GRB131014A,EX1,BAND_BB,1.3907112118664706,134.65300464988394,5.38987021933724,6.044921134633086,3962326526
GRB131014A,EX1,BAND_BB,1.4373437720224012,137.38833156536236,5.500243488098789,6.168768874628228,3962326526
GRB131014A,EX1,BAND_BB,1.48553998942661,140.18951883111814,5.6130730566154625,6.295359152997264,3962326526
GRB131014A,EX1,BAND_BB,1.5353522957702137,143.0580902664856,5.728407942352476,6.4247461183850305,3962326526
GRB131014A,EX1,BAND_BB,1.5868348808548336,145.99560250932595,5.846298035182031,6.556984869754956,3962326526
GRB131014A,EX1,BAND_BB,1.6400437515445863,149.003645954572,5.966794126655827,6.6921314888914765,3962326526
GRB131014A,EX1,BAND_BB,1.6950367926948178,152.0838457026292,6.089947939343034,6.830243072960286,3962326526
GRB131014A,EX1,BAND_BB,1.7518738301238697,155.23786251531942,6.215812156093762,6.971377766969255,3962326526
GRB131014A,EX1,BAND_BB,1.8106166956963778,158.46739377728673,6.3444404491013415,7.115594795981394,3962326526
GRB131014A,EX1,BAND_BB,1.8713292945889082,161.77417446105315,6.4758875086487535,7.262954496950442,3962326526
GRB131014A,EX1,BAND_BB,1.9340776748111073,165.15997809420801,6.610209071439272,7.413518350063555,3962326526
GRB131014A,EX1,BAND_BB,1.9989300990579977,168.6266177275263,6.747461948428423,7.5673490094945635,3962326526
GRB131014A,EX1,BAND_BB,2.0,168.6835372207329,6.7497132285081705,7.569872046641677,3962326526
GRB131014A,EX1,BAND_BB,2.0659571189715846,172.17594690313766,6.8877040520893615,7.7245103334913665,3962326526
GRB131014A,EX1,BAND_BB,2.135231651892562,175.80986062219688,7.030789766161178,7.885048321665266,3962326526
GRB131014A,EX1,BAND_BB,2.2068290601856124,179.53029631182974,7.177109949005853,8.048813983766422,3962326526
GRB131014A,EX1,BAND_BB,2.2808272332246045,183.33923479144764,7.3265883585528115,8.216070235221906,3962326526
GRB131014A,EX1,BAND_BB,2.3573066721268656,187.23870123882213,7.479286994450547,8.387352620724528,3962326526
GRB131014A,EX1,BAND_BB,2.436350577328722,191.23076615659244,7.635269065717182,8.562388915122625,3962326526
GRB131014A,EX1,BAND_BB,2.518044939097574,195.3175463401371,7.7945990136005605,8.741194270377775,3962326526
GRB131014A,EX1,BAND_BB,2.6024786310789683,199.50120584796903,7.957342533821787,8.923826800072646,3962326526
GRB131014A,EX1,BAND_BB,2.6897435069804407,203.78395697601715,8.123566598250505,9.109975513452184,3962326526
GRB131014A,EX1,BAND_BB,2.779934500497312,208.16806123732795,8.293339476068525,9.299890378218691,3962326526
GRB131014A,EX1,BAND_BB,2.8731497285891345,212.65583034886353,8.466730754486832,9.49343498118489,3962326526
GRB131014A,EX1,BAND_BB,2.96949059821915,217.24962722718465,8.64368852286168,9.691123679458144,3962326526
GRB131014A,EX1,BAND_BB,3.0,218.69526767717682,8.699405717324481,9.753067856917369,3962326526
GRB131014A,EX1,BAND_BB,3.069061916672877,221.95186699489028,8.824780467554689,9.892412749430576,3962326526
GRB131014A,EX1,BAND_BB,3.1719720055758387,226.76501799974406,9.009730933915904,10.09786696581753,3962326526
GRB131014A,EX1,BAND_BB,3.2783328187344702,231.69160284844804,9.198615998694436,10.30756467000694,3962326526
GRB131014A,EX1,BAND_BB,3.3882600639284024,236.73419945703543,9.391513187340621,10.521585620093447,3962326526
GRB131014A,EX1,BAND_BB,3.501873328786621,241.89544211984202,9.588501494529197,10.740011008007826,3962326526
GRB131014A,EX1,BAND_BB,3.6192962108844253,247.17802259898968,9.789534568721564,10.96305031267184,3962326526
GRB131014A,EX1,BAND_BB,3.7406564522027392,252.58469123627097,9.994747664921618,11.190734385183816,3962326526
GRB131014A,EX1,BAND_BB,3.866086078096029,258.1182580892709,10.204726481396023,11.423090904118567,3962326526
GRB131014A,EX1,BAND_BB,3.995721540920016,263.7815940934965,10.420973910559013,11.660323240705907,3962326526
GRB131014A,EX1,BAND_BB,4.1297038684754455,269.57763225221294,10.640385500399361,11.905288230002213,3962326526
GRB131014A,EX1,BAND_BB,4.268178817429369,275.5093688556111,10.864112414909641,12.155750253028543,3962326526
GRB131014A,EX1,BAND_BB,4.411297031880894,281.5798647308495,11.091224059271553,12.410928463754487,3962326526
GRB131014A,EX1,BAND_BB,4.559214207243838,287.7922465244334,11.322426292913804,12.671755067301262,3962326526
GRB131014A,EX1,BAND_BB,4.712091259624634,294.14970801831646,11.559597917448627,12.936553870368243,3962326526
GRB131014A,EX1,BAND_BB,4.870094500879713,300.65551148103003,11.802038175483517,13.206415695795329,3962326526
GRB131014A,EX1,BAND_BB,5.0,305.95687011851487,12.000156578627355,13.426360200663567,3962326526
GRB131014A,EX1,BAND_BB,5.033395819542804,307.31298905506975,12.05071047452634,13.482551738676761,3962326526
GRB131014A,EX1,BAND_BB,5.202172867819004,314.12554418170043,12.304325370620745,13.764181377008072,3962326526
GRB131014A,EX1,BAND_BB,5.376609254849018,321.09665306427075,12.560939062286309,14.049221505679725,3962326526
GRB131014A,EX1,BAND_BB,5.556894746453837,328.2298661710713,12.821254524303754,14.343520478723121,3962326526
GRB131014A,EX1,BAND_BB,5.743225471577138,335.52880977870996,13.086466041240726,14.64507604115255,3962326526
GRB131014A,EX1,BAND_BB,5.935804135649998,342.9971875569335,13.359453497025754,14.95205872786238,3962326526
GRB131014A,EX1,BAND_BB,6.134840241110043,350.63878219577595,13.639580027929298,15.262797154452244,3962326526
GRB131014A,EX1,BAND_BB,6.340550315314906,358.45745707588037,13.922091766335598,15.581847808324596,3962326526
GRB131014A,EX1,BAND_BB,6.553158146097979,366.4571579828079,14.213381804749474,15.906930424069913,3962326526
GRB131014A,EX1,BAND_BB,6.7728950252226605,374.64191486612,14.511029629531322,16.237218916550944,3962326526
GRB131014A,EX1,BAND_BB,7.0,383.0158436440046,14.812972704135063,16.570797773244124,3962326526
GRB131014A,TR2,SBPL_BB,1.0,105.58172151219955,5.080324279305032,5.616250154743838,3962326526
GRB131014A,TR2,SBPL_BB,1.0335314476204913,107.62336810688768,5.181875886010928,5.727890685999554,3962326526
GRB131014A,TR2,SBPL_BB,1.0681872532205086,109.71531938998605,5.285745158818386,5.842412679899354,3962326526
GRB131014A,TR2,SBPL_BB,1.1040051181507486,111.85880797264161,5.39202861833671,5.959612724076649,3962326526
GRB131014A,TR2,SBPL_BB,1.1410240079427747,114.0550920508137,5.500561145310854,6.079658029094304,3962326526
GRB131014A,TR2,SBPL_BB,1.179284194698831,116.30545611555489,5.611566180411089,6.202431786289452,3962326526
GRB131014A,TR2,SBPL_BB,1.2188273009030484,118.61121169605029,5.725095370749216,6.327990666271631,3962326526
GRB131014A,TR2,SBPL_BB,1.2596963447017038,120.9736981338542,5.841309734900008,6.456277841333005,3962326526
GRB131014A,TR2,SBPL_BB,1.3019357867017933,123.39428338650883,5.960188437360074,6.587247034077322,3962326526
GRB131014A,TR2,SBPL_BB,1.345591578338828,125.87436485852429,6.081732125247072,6.721210483420691,3962326526
GRB131014A,TR2,SBPL_BB,1.3907112118664706,128.4153702575364,6.2060005517645465,6.858231138247874,3962326526
GRB131014A,TR2,SBPL_BB,1.4373437720224012,131.01875847334182,6.333048792172576,6.9983730843119645,3962326526
GRB131014A,TR2,SBPL_BB,1.48553998942661,133.6860204774503,6.4629328677876,7.1417015817557115,3962326526
GRB131014A,TR2,SBPL_BB,1.5353522957702137,136.41868024077948,6.595709777948201,7.2882831033273305,3962326526
GRB131014A,TR2,SBPL_BB,1.5868348808548336,139.21829566715988,6.731437532357347,7.438185373105284,3962326526
GRB131014A,TR2,SBPL_BB,1.6400437515445863,142.08645954040412,6.870175183625975,7.591477405552979,3962326526
GRB131014A,TR2,SBPL_BB,1.6950367926948178,145.02480048282987,7.0119828598504625,7.748229544731771,3962326526
GRB131014A,TR2,SBPL_BB,1.7518738301238697,148.03498392330155,7.15692179706798,7.908513503512239,3962326526
GRB131014A,TR2,SBPL_BB,1.8106166956963778,151.1187130730659,7.305054371445323,8.072402402636897,3962326526
GRB131014A,TR2,SBPL_BB,1.8713292945889082,154.27772990789825,7.456444131073482,8.239970809504513,3962326526
GRB131014A,TR2,SBPL_BB,1.9340776748111073,157.51381615533995,7.611155827254748,8.411294776563267,3962326526
GRB131014A,TR2,SBPL_BB,1.9989300990579977,160.8287942860865,7.769255445189799,8.586451879218401,3962326526
GRB131014A,TR2,SBPL_BB,2.0,160.88323724789893,7.771848759223559,8.589325670179562,3962326526
GRB131014A,TR2,SBPL_BB,2.0659571189715846,164.224528508878,7.9308098850109445,8.76552125318031,3962326526
GRB131014A,TR2,SBPL_BB,2.135231651892562,167.70292576853345,8.095869143602727,8.94842770541132,3962326526
GRB131014A,TR2,SBPL_BB,2.2068290601856124,171.26593674706183,8.264748565032477,9.135026157578892,3962326526
GRB131014A,TR2,SBPL_BB,2.2808272332246045,174.91555686806316,8.437345357909749,9.325680518907319,3962326526
GRB131014A,TR2,SBPL_BB,2.3573066721268656,178.65382730489904,8.613716234320805,9.520489854736581,3962326526
GRB131014A,TR2,SBPL_BB,2.436350577328722,182.4828359933617,8.793864759037803,9.71960943452683,3962326526
GRB131014A,TR2,SBPL_BB,2.518044939097574,186.40471864979924,8.977673749766694,9.923318388254529,3962326526
GRB131014A,TR2,SBPL_BB,2.6024786310789683,190.42165979585675,9.165578580100316,10.131900247790668,3962326526
GRB131014A,TR2,SBPL_BB,2.6897435069804407,194.5358937911742,9.357542449336478,10.345244955689367,3962326526
GRB131014A,TR2,SBPL_BB,2.779934500497312,198.74970587553227,9.553645991536257,10.56328915247613,3962326526
GRB131014A,TR2,SBPL_BB,2.8731497285891345,203.06543322206426,9.754877847431942,10.78612948476632,3962326526
GRB131014A,TR2,SBPL_BB,2.96949059821915,207.48546600325153,9.960515984691284,11.013864530712539,3962326526
GRB131014A,TR2,SBPL_BB,3.0,208.87690714963608,10.02515522656455,11.085455015493181,3962326526
GRB131014A,TR2,SBPL_BB,3.069061916672877,212.01224847149413,10.170640305924366,11.24659483131478,3962326526
GRB131014A,TR2,SBPL_BB,3.1719720055758387,216.64828005610025,10.385342049778643,11.484309030852529,3962326526
GRB131014A,TR2,SBPL_BB,3.2783328187344702,221.39611647856592,10.604638555199813,11.726802777543725,3962326526
GRB131014A,TR2,SBPL_BB,3.3882600639284024,226.25837088802695,10.828548915297034,11.973082393878883,3962326526
GRB131014A,TR2,SBPL_BB,3.501873328786621,231.23771501875495,11.057301867913395,12.224012077859385,3962326526
GRB131014A,TR2,SBPL_BB,3.6192962108844253,236.33688037154883,11.290500857708281,12.48070151823714,3962326526
GRB131014A,TR2,SBPL_BB,3.7406564522027392,241.5586594208341,11.527693886465386,12.743510436956115,3962326526
GRB131014A,TR2,SBPL_BB,3.866086078096029,246.9059068492369,11.769906407845326,13.011918031894254,3962326526
GRB131014A,TR2,SBPL_BB,3.995721540920016,252.38154081134567,12.01723660027443,13.2860351299488,3962326526
GRB131014A,TR2,SBPL_BB,4.1297038684754455,257.9885442283093,12.26998993883177,13.56576908453917,3962326526
GRB131014A,TR2,SBPL_BB,4.268178817429369,263.72996611486036,12.528909666939569,13.850593356277273,3962326526
GRB131014A,TR2,SBPL_BB,4.411297031880894,269.6089229402801,12.79332952475022,14.141394838118856,3962326526
GRB131014A,TR2,SBPL_BB,4.559214207243838,275.62860002475503,13.063358106558667,14.43828955278326,3962326526
GRB131014A,TR2,SBPL_BB,4.712091259624634,281.79225297250883,13.338698983609504,14.741395589449667,3962326526
GRB131014A,TR2,SBPL_BB,4.870094500879713,288.103209143027,13.620117047697704,15.051641743712423,3962326526
GRB131014A,TR2,SBPL_BB,5.0,293.24834856626535,13.84956566427951,15.30548066221371,3962326526
GRB131014A,TR2,SBPL_BB,5.033395819542804,294.56486916162635,13.908199592196752,15.37034920662029,3962326526
GRB131014A,TR2,SBPL_BB,5.202172867819004,301.18070847056487,14.20235417132352,15.695825781805013,3962326526
GRB131014A,TR2,SBPL_BB,5.376609254849018,307.95427892183403,14.502384256670041,16.02820571026558,3962326526
GRB131014A,TR2,SBPL_BB,5.556894746453837,314.88921041272,14.808221624676776,16.367878654204105,3962326526
GRB131014A,TR2,SBPL_BB,5.743225471577138,321.9892125651807,15.119647276733872,16.71481328154067,3962326526
GRB131014A,TR2,SBPL_BB,5.935804135649998,329.2580764500445,15.438150547080568,17.06487186485981,3962326526
GRB131014A,TR2,SBPL_BB,6.134840241110043,336.6996763569999,15.76112412675883,17.422148059089352,3962326526
GRB131014A,TR2,SBPL_BB,6.340550315314906,344.3179716113211,16.095329635357018,17.783228447633803,3962326526
GRB131014A,TR2,SBPL_BB,6.553158146097979,352.11700843824906,16.437213149364027,18.158175477706436,3962326526
GRB131014A,TR2,SBPL_BB,6.7728950252226605,360.10092187592795,16.785472351265582,18.542002134428515,3962326526
GRB131014A,TR2,SBPL_BB,7.0,368.27393773779085,17.138922300755155,18.935736309018353,3962326526
GRB140206B,T90,BAND,1.0,27.347522147438756,0.4331499321779759,0.44204445269327053,3962326526
GRB140206B,T90,BAND,1.0335314476204913,27.882717905290058,0.44204162576176387,0.45112677584349115,3962326526
GRB140206B,T90,BAND,1.0681872532205086,28.4307470628569,0.4512968252517773,0.4602793005452277,3962326526
GRB140206B,T90,BAND,1.1040051181507486,28.991908501347854,0.4606590587329471,0.46968554230333837,3962326526
GRB140206B,T90,BAND,1.1410240079427747,29.566506780740095,0.47043326557560405,0.4792081042296168,3962326526
GRB140206B,T90,BAND,1.179284194698831,30.154852304109756,0.4800448480728505,0.4892321322628099,3962326526
GRB140206B,T90,BAND,1.2188273009030484,30.757261490730926,0.4899701849480458,0.4994142363125036,3962326526
GRB140206B,T90,BAND,1.2596963447017038,31.374056957456848,0.5002017653464819,0.5097088388966924,3962326526
GRB140206B,T90,BAND,1.3019357867017933,32.00556770781851,0.5106797711072417,0.5203582393730635,3962326526
GRB140206B,T90,BAND,1.345591578338828,32.65212932821333,0.5212668095541915,0.5312626616924447,3962326526
GRB140206B,T90,BAND,1.3907112118664706,33.31408419050517,0.5320763391079595,0.5423310868366471,3962326526
GRB140206B,T90,BAND,1.4373437720224012,33.99178166032004,0.5431045329828237,0.5535956475561719,3962326526
GRB140206B,T90,BAND,1.48553998942661,34.685578310301146,0.5543457840541848,0.5650775407702611,3962326526
GRB140206B,T90,BAND,1.5353522957702137,35.395838137580355,0.5658483317478655,0.5767343390360438,3962326526
GRB140206B,T90,BAND,1.5868348808548336,36.12293278473228,0.5775648563136571,0.5886192064461042,3962326526
GRB140206B,T90,BAND,1.6400437515445863,36.8672417635009,0.5894793038574377,0.6007540771428026,3962326526
GRB140206B,T90,BAND,1.6950367926948178,37.62915268062561,0.6015971919988914,0.6131393531269254,3962326526
GRB140206B,T90,BAND,1.7518738301238697,38.409061465143324,0.6139036858404907,0.6257958316315353,3962326526
GRB140206B,T90,BAND,1.8106166956963778,39.20737259660341,0.6265077099123388,0.6386205963557643,3962326526
GRB140206B,T90,BAND,1.8713292945889082,40.02449933370114,0.6393422379055522,0.6516867307091374,3962326526
GRB140206B,T90,BAND,1.9340776748111073,40.860863942912054,0.6524378668958306,0.6649697463314297,3962326526
GRB140206B,T90,BAND,1.9989300990579977,41.71689792679047,0.6657663980873352,0.6784655331818996,3962326526
GRB140206B,T90,BAND,2.0,41.730950832904185,0.6659852847489915,0.6786852966406869,3962326526
GRB140206B,T90,BAND,2.0659571189715846,42.59304225167961,0.6792958933000577,0.6921899455060228,3962326526
GRB140206B,T90,BAND,2.135231651892562,43.489747574666524,0.6930234136306339,0.7062402674761117,3962326526
GRB140206B,T90,BAND,2.2068290601856124,44.40747446969909,0.7071114192262513,0.7207705518279894,3962326526
GRB140206B,T90,BAND,2.2808272332246045,45.346693652864964,0.7217156746760196,0.7352800871027299,3962326526
GRB140206B,T90,BAND,2.3573066721268656,46.30788620691024,0.7363317491062844,0.7503201389582372,3962326526
GRB140206B,T90,BAND,2.436350577328722,47.29154380514898,0.7508649125815907,0.7660068298541489,3962326526
GRB140206B,T90,BAND,2.518044939097574,48.298168934981746,0.7661750635054219,0.7816248562573307,3962326526
GRB140206B,T90,BAND,2.6024786310789683,49.32827512130079,0.7815098881630789,0.7980049961963687,3962326526
GRB140206B,T90,BAND,2.6897435069804407,50.38238715011322,0.7976926119154868,0.8139254056005214,3962326526
GRB140206B,T90,BAND,2.779934500497312,51.461041292757045,0.8139133479002254,0.8305085416140088,3962326526
GRB140206B,T90,BAND,2.8731497285891345,52.56478553112319,0.8305452234198754,0.8472049585129611,3962326526
GRB140206B,T90,BAND,2.96949059821915,53.69417978432494,0.8475905524730791,0.8642782249536296,3962326526
GRB140206B,T90,BAND,3.0,54.04950537006855,0.8528178331083467,0.86967552953557,3962326526
GRB140206B,T90,BAND,3.069061916672877,54.84979613727902,0.8648537554818319,0.8816949579216242,3962326526
GRB140206B,T90,BAND,3.1719720055758387,56.03221907167687,0.8824956634176573,0.8995880240017797,3962326526
GRB140206B,T90,BAND,3.2783328187344702,57.24204569983288,0.9002956711886014,0.9178413290061513,3962326526
GRB140206B,T90,BAND,3.3882600639284024,58.47988600189964,0.9181344656354682,0.9367839633500736,3962326526
GRB140206B,T90,BAND,3.501873328786621,59.746363066936226,0.9366165428412501,0.9563470601275696,3962326526
GRB140206B,T90,BAND,3.6192962108844253,61.04211333830943,0.9558153159225782,0.9754836829042972,3962326526
GRB140206B,T90,BAND,3.7406564522027392,62.36778686389541,0.9745370885424975,0.9948391870112019,3962326526
GRB140206B,T90,BAND,3.866086078096029,63.72404755153575,0.9964325778529002,1.0152131639254307,3962326526
GRB140206B,T90,BAND,3.995721540920016,65.11157343018428,1.0166137170102303,1.0349161530547235,3962326526
GRB140206B,T90,BAND,4.1297038684754455,66.53105691716232,1.036759237170429,1.0549133372253863,3962326526
GRB140206B,T90,BAND,4.268178817429369,67.98320509191981,1.057409237817808,1.0752469393283803,3962326526
GRB140206B,T90,BAND,4.411297031880894,69.46873997667906,1.0774091836836703,1.0968644911318535,3962326526
GRB140206B,T90,BAND,4.559214207243838,70.98839882431521,1.0977057624562718,1.1189046890734176,3962326526
GRB140206B,T90,BAND,4.712091259624634,72.54293441380841,1.119270076121694,1.1420844439549853,3962326526
GRB140206B,T90,BAND,4.870094500879713,74.13311535357963,1.1422596947218722,1.1650690086221402,3962326526
GRB140206B,T90,BAND,5.0,75.42844003551299,1.1602054586772823,1.1831805826342219,3962326526
GRB140206B,T90,BAND,5.033395819542804,75.75972639300328,1.1645667339062982,1.1871813576019434,3962326526
GRB140206B,T90,BAND,5.202172867819004,77.42356874237035,1.1877906100908717,1.2107956418023207,3962326526
GRB140206B,T90,BAND,5.376609254849018,79.12546040155767,1.2113964869256364,1.2349825195670832,3962326526
GRB140206B,T90,BAND,5.556894746453837,80.86623649764259,1.2348889939357548,1.2594259996661776,3962326526
GRB140206B,T90,BAND,5.743225471577138,82.64674963168659,1.2577751564734996,1.2858908221089251,3962326526
GRB140206B,T90,BAND,5.935804135649998,84.46787023489877,1.2833746203941558,1.3101643847028157,3962326526
GRB140206B,T90,BAND,6.134840241110043,86.3304869343766,1.308721821016718,1.336086454329731,3962326526
GRB140206B,T90,BAND,6.340550315314906,88.23550692861222,1.3333753101748584,1.362147688904102,3962326526
GRB140206B,T90,BAND,6.553158146097979,90.18385637294216,1.3585334332845633,1.3899856439859235,3962326526
GRB140206B,T90,BAND,6.7728950252226605,92.1764807751119,1.3850211922890878,1.4170979452373444,3962326526
GRB140206B,T90,BAND,7.0,94.21434540112014,1.4119345898422466,1.4467998734484269,3962326526
GRB140206B,EX0,BAND_BB,1.0,56.763590081676355,3.7293952903646215,4.133261563104874,3962326526
GRB140206B,EX0,BAND_BB,1.0335314476204913,57.866692989097615,3.805464576047079,4.216712411671239,3962326526
GRB140206B,EX0,BAND_BB,1.0681872532205086,58.996672180984916,3.882799755049035,4.302023941440105,3962326526
GRB140206B,EX0,BAND_BB,1.1040051181507486,60.15417298956829,3.961496027927282,4.389233126369447,3962326526
GRB140206B,EX0,BAND_BB,1.1410240079427747,61.33985368992365,4.04237915121341,4.478377417542973,3962326526
GRB140206B,EX0,BAND_BB,1.179284194698831,62.55438586426945,4.125231700744244,4.569494760126382,3962326526
GRB140206B,EX0,BAND_BB,1.2188273009030484,63.79845478406144,4.209863796256869,4.662623611764516,3962326526
GRB140206B,EX0,BAND_BB,1.2596963447017038,65.07275980897677,4.2962855507388085,4.757825103718702,3962326526
GRB140206B,EX0,BAND_BB,1.3019357867017933,66.37801480173052,4.384421775225583,4.855246594093529,3962326526
GRB140206B,EX0,BAND_BB,1.345591578338828,67.71494855755043,4.474450804433154,4.954782881228169,3962326526
GRB140206B,EX0,BAND_BB,1.3907112118664706,69.0843052470399,4.566395207574388,5.05647355158446,3962326526
GRB140206B,EX0,BAND_BB,1.4373437720224012,70.48684487109075,4.660288372337135,5.1603587690624835,3962326526
GRB140206B,EX0,BAND_BB,1.48553998942661,71.92334372647188,4.756184579422708,5.26647929849625,3962326526
GRB140206B,EX0,BAND_BB,1.5353522957702137,73.3945948807082,4.854120190420659,5.3748765295734415,3962326526
GRB140206B,EX0,BAND_BB,1.5868348808548336,74.90140865488699,4.954132109199634,5.485592501011112,3962326526
GRB140206B,EX0,BAND_BB,1.6400437515445863,76.44461311307563,5.056257802446737,5.5986699248233265,3962326526
GRB140206B,EX0,BAND_BB,1.6950367926948178,78.02505455710926,5.160535320095278,5.714152210522826,3962326526
GRB140206B,EX0,BAND_BB,1.7518738301238697,79.64359802560469,5.26700331550424,5.832083489108598,3962326526
GRB140206B,EX0,BAND_BB,1.8106166956963778,81.30112779617532,5.375701065261822,5.952508636702902,3962326526
GRB140206B,EX0,BAND_BB,1.8713292945889082,82.99854788995604,5.486668488499802,6.075473297714126,3962326526
GRB140206B,EX0,BAND_BB,1.9340776748111073,84.73678257769672,5.599938212791457,6.2010239074174365,3962326526
GRB140206B,EX0,BAND_BB,1.9989300990579977,86.51677688683965,5.715524422043671,6.3292077138609955,3962326526
GRB140206B,EX0,BAND_BB,2.0,86.54600515962596,5.7174192392439664,6.331309345318829,3962326526
GRB140206B,EX0,BAND_BB,2.0659571189715846,88.33949710916053,5.833494907064704,6.460072799022612,3962326526
GRB140206B,EX0,BAND_BB,2.135231651892562,90.20593130871757,5.9537866592010005,6.5937732930122905,3962326526
GRB140206B,EX0,BAND_BB,2.2068290601856124,92.11708983001625,6.076397185229837,6.730404397020735,3962326526
GRB140206B,EX0,BAND_BB,2.2808272332246045,94.07400580645778,6.201481408218243,6.869905515467735,3962326526
GRB140206B,EX0,BAND_BB,2.3573066721268656,96.07773566928807,6.329081734688444,7.012330220067696,3962326526
GRB140206B,EX0,BAND_BB,2.436350577328722,98.12935965740702,6.460214205834561,7.157733072172121,3962326526
GRB140206B,EX0,BAND_BB,2.518044939097574,100.22998232852581,6.5942102831609475,7.3061696404418655,3962326526
GRB140206B,EX0,BAND_BB,2.6024786310789683,102.3807330722758,6.729688549229024,7.457696517769563,3962326526
GRB140206B,EX0,BAND_BB,2.6897435069804407,104.58276662597433,6.867849918151791,7.612371337495745,3962326526
GRB140206B,EX0,BAND_BB,2.779934500497312,106.8372635938382,7.007847287679965,7.771157671084637,3962326526
GRB140206B,EX0,BAND_BB,2.8731497285891345,109.1454309705076,7.151958913223311,7.932156906093809,3962326526
GRB140206B,EX0,BAND_BB,2.96949059821915,111.50850266979909,7.300292700209781,8.095875713898323,3962326526
GRB140206B,EX0,BAND_BB,3.0,112.25222389018035,7.346634156099,8.14746001556827,3962326526
GRB140206B,EX0,BAND_BB,3.069061916672877,113.92774005964866,7.451219645756865,8.263104352528146,3962326526
GRB140206B,EX0,BAND_BB,3.1719720055758387,116.40443250423452,7.606408408779302,8.432527837118144,3962326526
GRB140206B,EX0,BAND_BB,3.2783328187344702,118.93989791428561,7.764830948463683,8.60529885735501,3962326526
GRB140206B,EX0,BAND_BB,3.3882600639284024,121.53548330658579,7.926659950222145,8.780890594067472,3962326526
GRB140206B,EX0,BAND_BB,3.501873328786621,124.19256537368004,8.093031028171893,8.957656777332502,3962326526
GRB140206B,EX0,BAND_BB,3.6192962108844253,126.91255106477392,8.261158042761082,9.142288278489985,3962326526
GRB140206B,EX0,BAND_BB,3.7406564522027392,129.69687817879688,8.4327396581471,9.330627467618257,3962326526
GRB140206B,EX0,BAND_BB,3.866086078096029,132.54701597057252,8.60796621675577,9.5207671157726,3962326526
GRB140206B,EX0,BAND_BB,3.995721540920016,135.46446577100753,8.787027403157921,9.712915272876728,3962326526
GRB140206B,EX0,BAND_BB,4.1297038684754455,138.45076162217455,8.968981754446816,9.911879527292456,3962326526
GRB140206B,EX0,BAND_BB,4.268178817429369,141.50747092812708,9.15471513009743,10.114708309685824,3962326526
GRB140206B,EX0,BAND_BB,4.411297031880894,144.63619512224489,9.345980999838446,10.320781390710977,3962326526
GRB140206B,EX0,BAND_BB,4.559214207243838,147.8385703518678,9.541120431344183,10.530698215607458,3962326526
GRB140206B,EX0,BAND_BB,4.712091259624634,151.11626818093754,9.735920767572452,10.743846420316117,3962326526
GRB140206B,EX0,BAND_BB,4.870094500879713,154.47099631132758,9.936401682139547,10.963448259365862,3962326526
GRB140206B,EX0,BAND_BB,5.0,157.205053854387,10.098400327983654,11.143386548836844,3962326526
GRB140206B,EX0,BAND_BB,5.033395819542804,157.90449932350356,10.139733929666136,11.189341542333295,3962326526
GRB140206B,EX0,BAND_BB,5.202172867819004,161.4185594371225,10.346344910620644,11.416026749742144,3962326526
GRB140206B,EX0,BAND_BB,5.376609254849018,165.01499729214615,10.55762200356395,11.646638337823788,3962326526
GRB140206B,EX0,BAND_BB,5.556894746453837,168.6956727510132,10.773997746783522,11.881643216892058,3962326526
GRB140206B,EX0,BAND_BB,5.743225471577138,172.46248572238792,10.995367661276504,12.11989809201711,3962326526
GRB140206B,EX0,BAND_BB,5.935804135649998,176.317377006979,11.2222950042719,12.360945524605171,3962326526
GRB140206B,EX0,BAND_BB,6.134840241110043,180.26232916590078,11.45315255462171,12.60702931249486,3962326526
GRB140206B,EX0,BAND_BB,6.340550315314906,184.29936741203088,11.687181831262421,12.861543860447455,3962326526
GRB140206B,EX0,BAND_BB,6.553158146097979,188.43056052480316,11.923794278620846,13.12593374293047,3962326526
GRB140206B,EX0,BAND_BB,6.7728950252226605,192.65802178886295,12.164939612567707,13.39549080543091,3962326526
GRB140206B,EX0,BAND_BB,7.0,196.98390995700237,12.410694631363413,13.668433539532174,3962326526
GRB140206B,TR1,BAND_BB,1.0,71.83596009309991,4.952373531952659,5.643219420087647,3962326526
GRB140206B,TR1,BAND_BB,1.0335314476204913,73.23591654395727,5.052545140637662,5.757756725710095,3962326526
GRB140206B,TR1,BAND_BB,1.0681872532205086,74.66976410166544,5.154586139409801,5.874816388046511,3962326526
GRB140206B,TR1,BAND_BB,1.1040051181507486,76.13830681637951,5.259089527131337,5.994253946693277,3962326526
GRB140206B,TR1,BAND_BB,1.1410240079427747,77.64236453051089,5.366301625625539,6.116300446526196,3962326526
GRB140206B,TR1,BAND_BB,1.179284194698831,79.18277332764079,5.4756890259585305,6.241242205850142,3962326526
GRB140206B,TR1,BAND_BB,1.2188273009030484,80.76038600413789,5.587474620990463,6.368901805555154,3962326526
GRB140206B,TR1,BAND_BB,1.2596963447017038,82.37607256227841,5.701704128846245,6.499329973930003,3962326526
GRB140206B,TR1,BAND_BB,1.3019357867017933,84.03072072347348,5.8184238879602646,6.632578093965947,3962326526
GRB140206B,TR1,BAND_BB,1.345591578338828,85.72523646005254,5.937713495901107,6.768698232134895,3962326526
GRB140206B,TR1,BAND_BB,1.3907112118664706,87.46054454392576,6.059621048684107,6.907743168455966,3962326526
GRB140206B,TR1,BAND_BB,1.4373437720224012,89.23758911035773,6.184151700643582,7.049766427623496,3962326526
GRB140206B,TR1,BAND_BB,1.48553998942661,91.05733423503531,6.311353839737961,7.194822310963289,3962326526
GRB140206B,TR1,BAND_BB,1.5353522957702137,92.9207645225978,6.441276584636498,7.3429659289792255,3962326526
GRB140206B,TR1,BAND_BB,1.5868348808548336,94.82888570482385,6.573969813293871,7.494253234254018,3962326526
GRB140206B,TR1,BAND_BB,1.6400437515445863,96.78272524672968,6.709484191620675,7.648741054472808,3962326526
GRB140206B,TR1,BAND_BB,1.6950367926948178,98.78333295893002,6.847871202058556,7.806487125348426,3962326526
GRB140206B,TR1,BAND_BB,1.7518738301238697,100.83178161473779,6.989183171881592,7.967550123238212,3962326526
GRB140206B,TR1,BAND_BB,1.8106166956963778,102.92916757063321,7.133473301057506,8.131989697260636,3962326526
GRB140206B,TR1,BAND_BB,1.8713292945889082,105.07661138890688,7.280795689519479,8.299866500737252,3962326526
GRB140206B,TR1,BAND_BB,1.9340776748111073,107.27525846147446,7.431205363718007,8.47124222180652,3962326526
GRB140206B,TR1,BAND_BB,1.9989300990579977,109.52627963406644,7.584774412864505,8.646179613079525,3962326526
GRB140206B,TR1,BAND_BB,2.0,109.56323863818244,7.587293486195122,8.649047517506759,3962326526
GRB140206B,TR1,BAND_BB,2.0659571189715846,111.83087183020787,7.741635774221095,8.824742520229961,3962326526
GRB140206B,TR1,BAND_BB,2.135231651892562,114.19025867461933,7.901775687383534,9.00699590943536,3962326526
GRB140206B,TR1,BAND_BB,2.2068290601856124,116.60569111588154,8.0652541840374,9.193005893610575,3962326526
GRB140206B,TR1,BAND_BB,2.2808272332246045,119.07844804841545,8.232132375235295,9.382839757397022,3962326526
GRB140206B,TR1,BAND_BB,2.3573066721268656,121.60983693402359,8.402314935798188,9.576723517958655,3962326526
GRB140206B,TR1,BAND_BB,2.436350577328722,124.20119442342474,8.576171569782858,9.774888979982322,3962326526
GRB140206B,TR1,BAND_BB,2.518044939097574,126.8538869783806,8.754251344061842,9.976764074496543,3962326526
GRB140206B,TR1,BAND_BB,2.6024786310789683,129.56931149516464,8.935794701425252,10.182671127382008,3962326526
GRB140206B,TR1,BAND_BB,2.6897435069804407,132.34889593025548,9.120791038820684,10.392764400622212,3962326526
GRB140206B,TR1,BAND_BB,2.779934500497312,135.19409992924906,9.310056539428118,10.606690828756712,3962326526
GRB140206B,TR1,BAND_BB,2.8731497285891345,138.10641546007795,9.505214200848798,10.8252193376712,3962326526
GRB140206B,TR1,BAND_BB,2.96949059821915,141.08736745169784,9.701917864928845,11.04851498507557,3962326526
GRB140206B,TR1,BAND_BB,3.0,142.02542024072483,9.762909285402941,11.11900947001999,3962326526
GRB140206B,TR1,BAND_BB,3.069061916672877,144.13851443945848,9.900106409209911,11.277578579661139,3962326526
GRB140206B,TR1,BAND_BB,3.1719720055758387,147.2614492184119,10.104500313765499,11.510501435514954,3962326526
GRB140206B,TR1,BAND_BB,3.2783328187344702,150.45779950583227,10.312545108471795,11.748632280808351,3962326526
GRB140206B,TR1,BAND_BB,3.3882600639284024,153.7292286142281,10.524759276181413,11.99161363845667,3962326526
GRB140206B,TR1,BAND_BB,3.501873328786621,157.0774361361207,10.741250946126144,12.239501156845563,3962326526
GRB140206B,TR1,BAND_BB,3.6192962108844253,160.50415864184384,10.962590351645275,12.491844770536488,3962326526
GRB140206B,TR1,BAND_BB,3.7406564522027392,164.01117039159254,11.188086584299526,12.749146651169383,3962326526
GRB140206B,TR1,BAND_BB,3.866086078096029,167.60028406291184,11.418081926404199,13.008988352199566,3962326526
GRB140206B,TR1,BAND_BB,3.995721540920016,171.27335149477548,11.652656784282584,13.275771238292265,3962326526
GRB140206B,TR1,BAND_BB,4.1297038684754455,175.03226444935652,11.891892869126707,13.54764366084379,3962326526
GRB140206B,TR1,BAND_BB,4.268178817429369,178.8789553925423,12.136065276346073,13.823854607718062,3962326526
GRB140206B,TR1,BAND_BB,4.411297031880894,182.81539829419413,12.385335828122123,14.105135801355544,3962326526
GRB140206B,TR1,BAND_BB,4.559214207243838,186.84360944909864,12.641529927796483,14.391082339079588,3962326526
GRB140206B,TR1,BAND_BB,4.712091259624634,190.96564831950644,12.901934806080732,14.682517160286892,3962326526
GRB140206B,TR1,BAND_BB,4.870094500879713,195.18361840010138,13.169468125597973,14.979533273695807,3962326526
GRB140206B,TR1,BAND_BB,5.0,198.6205155651549,13.388911393189801,15.220724601661459,3962326526
GRB140206B,TR1,BAND_BB,5.033395819542804,199.49966810619443,13.445092817884102,15.282178678160903,3962326526
GRB140206B,TR1,BAND_BB,5.202172867819004,203.91599168589013,13.726908761747808,15.590112480410113,3962326526
GRB140206B,TR1,BAND_BB,5.376609254849018,208.434830156929,14.013863502066272,15.903879560748408,3962326526
GRB140206B,TR1,BAND_BB,5.556894746453837,213.05847226886954,14.304291585739918,16.224447294746625,3962326526
GRB140206B,TR1,BAND_BB,5.743225471577138,217.7892554912354,14.597526240037809,16.55281098257484,3962326526
GRB140206B,TR1,BAND_BB,5.935804135649998,222.62956702822362,14.893571487027316,16.890383952299175,3962326526
GRB140206B,TR1,BAND_BB,6.134840241110043,227.58184486053622,15.190192691119506,17.236471622940456,3962326526
GRB140206B,TR1,BAND_BB,6.340550315314906,232.64857881487745,15.498496510551576,17.58906428335871,3962326526
GRB140206B,TR1,BAND_BB,6.553158146097979,237.83231166163395,15.81813003746015,17.947368250820347,3962326526
GRB140206B,TR1,BAND_BB,6.7728950252226605,243.1356402412406,16.14519599130992,18.310439437046682,3962326526
GRB140206B,TR1,BAND_BB,7.0,248.56121661972037,16.481151467605514,18.672178297544633,3962326526
GRB140206B,TR2,BAND,1.0,99.667574242776,3.7631214529483117,3.9251731989491105,3962326526
GRB140206B,TR2,BAND,1.0335314476204913,101.63114719978758,3.8395300214711483,4.005777648298505,3962326526
GRB140206B,TR2,BAND,1.0681872532205086,103.64109305208244,3.9177475656854597,4.0879819613658555,3962326526
GRB140206B,TR2,BAND,1.1040051181507486,105.6984586061443,3.9977093527638203,4.171913486661623,3962326526
GRB140206B,TR2,BAND,1.1410240079427747,107.80430942252183,4.079360419999389,4.257690424943647,3962326526
GRB140206B,TR2,BAND,1.179284194698831,109.95973037925106,4.16255795582866,4.345519477383888,3962326526
GRB140206B,TR2,BAND,1.2188273009030484,112.16582626817831,4.247497145488126,4.435270032098373,3962326526
GRB140206B,TR2,BAND,1.2596963447017038,114.42372242223774,4.3346353612548825,4.5266086426537555,3962326526
GRB140206B,TR2,BAND,1.3019357867017933,116.73456537142962,4.423918590038198,4.619868794607456,3962326526
GRB140206B,TR2,BAND,1.345591578338828,119.09952352499218,4.515032202693831,4.715083324087729,3962326526
GRB140206B,TR2,BAND,1.3907112118664706,121.51978787705526,4.6078663422356385,4.812285445443948,3962326526
GRB140206B,TR2,BAND,1.4373437720224012,123.99657273291331,4.70267401970635,4.911489583966556,3962326526
GRB140206B,TR2,BAND,1.48553998942661,126.5311164529687,4.799490475906779,5.012652053194529,3962326526
GRB140206B,TR2,BAND,1.5353522957702137,129.12468221136461,4.89835147006751,5.115936670422769,3962326526
GRB140206B,TR2,BAND,1.5868348808548336,131.77855876635854,4.999293302816142,5.221380487711798,3962326526
GRB140206B,TR2,BAND,1.6400437515445863,134.49406123957283,5.10235283926545,5.32902111942002,3962326526
GRB140206B,TR2,BAND,1.6950367926948178,137.27253190140044,5.207567532067856,5.438896766078386,3962326526
GRB140206B,TR2,BAND,1.7518738301238697,140.11534096003305,5.3149754442911785,5.551046238065197,3962326526
GRB140206B,TR2,BAND,1.8106166956963778,143.02388735180972,5.424615271981224,5.665508978936174,3962326526
GRB140206B,TR2,BAND,1.8713292945889082,145.99959953085138,5.536526366290559,5.782242156117604,3962326526
GRB140206B,TR2,BAND,1.9340776748111073,149.04393625624178,5.650748755065308,5.901246044291327,3962326526
GRB140206B,TR2,BAND,1.9989300990579977,152.1583873753292,5.767176264695735,6.0226342051957715,3962326526
GRB140206B,TR2,BAND,2.0,152.20950273673554,5.769081567371984,6.024623484417049,3962326526
GRB140206B,TR2,BAND,2.0659571189715846,155.34447460205232,5.885763679081293,6.146446121194089,3962326526
GRB140206B,TR2,BAND,2.135231651892562,158.6037522895249,6.006929436866784,6.272721932700023,3962326526
GRB140206B,TR2,BAND,2.2068290601856124,161.93780819644192,6.1310709317290275,6.401271751875413,3962326526
GRB140206B,TR2,BAND,2.2808272332246045,165.34826424719347,6.257956619086741,6.532152434749548,3962326526
GRB140206B,TR2,BAND,2.3573066721268656,168.83677728587543,6.38718843095225,6.66584909816396,3962326526
GRB140206B,TR2,BAND,2.436350577328722,172.40503982467268,6.51878986838102,6.802426828706501,3962326526
GRB140206B,TR2,BAND,2.518044939097574,176.0547807873538,6.653051297303335,6.941685415842727,3962326526
GRB140206B,TR2,BAND,2.6024786310789683,179.78776624884904,6.7902342559451085,7.083455071701707,3962326526
GRB140206B,TR2,BAND,2.6897435069804407,183.6058001720917,6.9302781670384945,7.227875115375468,3962326526
GRB140206B,TR2,BAND,2.779934500497312,187.510725143478,7.072619800395188,7.3755628449638095,3962326526
GRB140206B,TR2,BAND,2.8731497285891345,191.50442310844628,7.218421615442509,7.526307376887388,3962326526
GRB140206B,TR2,BAND,2.96949059821915,195.58881610879203,7.367393983120792,7.67943494348998,3962326526
GRB140206B,TR2,BAND,3.0,196.87339576037593,7.413755032843483,7.727363076169496,3962326526
GRB140206B,TR2,BAND,3.069061916672877,199.76586702342084,7.517886940966406,7.835087049672609,3962326526
GRB140206B,TR2,BAND,3.1719720055758387,204.03758031430158,7.6725200950668295,7.993689550894402,3962326526
GRB140206B,TR2,BAND,3.2783328187344702,208.40600277941323,7.830761288107112,8.155237096194298,3962326526
GRB140206B,TR2,BAND,3.3882600639284024,212.87322431449093,7.99230865134507,8.322744043234707,3962326526
GRB140206B,TR2,BAND,3.501873328786621,217.4413786853635,8.155803142619988,8.495111812981662,3962326526
GRB140206B,TR2,BAND,3.6192962108844253,222.11264431264877,8.323629768520163,8.670129931049672,3962326526
GRB140206B,TR2,BAND,3.7406564522027392,226.8892450705263,8.495698919228204,8.848665356799415,3962326526
GRB140206B,TR2,BAND,3.866086078096029,231.77345110125046,8.669940023672808,9.030021244795307,3962326526
GRB140206B,TR2,BAND,3.995721540920016,236.7675796470026,8.84648171767111,9.215226355132813,3962326526
GRB140206B,TR2,BAND,4.1297038684754455,241.87399590060147,9.026013826266507,9.405044853568796,3962326526
GRB140206B,TR2,BAND,4.268178817429369,247.09511387651486,9.210767334740353,9.597633661858737,3962326526
GRB140206B,TR2,BAND,4.411297031880894,252.43339730353125,9.39914907313863,9.790114293632769,3962326526
GRB140206B,TR2,BAND,4.559214207243838,257.891360540362,9.592044813407085,9.986443672164057,3962326526
GRB140206B,TR2,BAND,4.712091259624634,263.47156951536493,9.788676487096268,10.185790293602395,3962326526
GRB140206B,TR2,BAND,4.870094500879713,269.17664269149276,9.988819759187606,10.389099553182064,3962326526
GRB140206B,TR2,BAND,5.0,273.8216004022911,10.151746211228328,10.554347919949805,3962326526
GRB140206B,TR2,BAND,5.033395819542804,275.0092520574897,10.193248839151352,10.596521938534977,3962326526
GRB140206B,TR2,BAND,5.202172867819004,280.9721241462841,10.401367574271717,10.808542491778326,3962326526
GRB140206B,TR2,BAND,5.376609254849018,287.0680410814517,10.61383423216148,11.024575575911115,3962326526
GRB140206B,TR2,BAND,5.556894746453837,293.2998416525553,10.829363010715952,11.249067364506573,3962326526
GRB140206B,TR2,BAND,5.743225471577138,299.6704224201051,11.047523701875434,11.480167621194084,3962326526
GRB140206B,TR2,BAND,5.935804135649998,306.1827388508301,11.270334209687917,11.71442700065353,3962326526
GRB140206B,TR2,BAND,6.134840241110043,312.83980648389496,11.494824378629119,11.955733975944554,3962326526
GRB140206B,TR2,BAND,6.340550315314906,319.6447021286578,11.725129607687165,12.198261658635658,3962326526
GRB140206B,TR2,BAND,6.553158146097979,326.6005650945231,11.959517901173172,12.444003660897181,3962326526
GRB140206B,TR2,BAND,6.7728950252226605,333.7105984534089,12.198197400786057,12.69425361551771,3962326526
GRB140206B,TR2,BAND,7.0,340.97807033532507,12.441144268866992,12.950203825556287,3962326526
GRB140206B,TR3,BAND,1.0,85.39651820598733,6.5220388590965825,8.161515607089427,3962326526
GRB140206B,TR3,BAND,1.0335314476204913,87.08241203655973,6.649446093224029,8.321690008805845,3962326526
GRB140206B,TR3,BAND,1.0681872532205086,88.80793328471157,6.784294869482309,8.482114938641331,3962326526
GRB140206B,TR3,BAND,1.1040051181507486,90.5739674758079,6.923715649800869,8.646186288329645,3962326526
GRB140206B,TR3,BAND,1.1410240079427747,92.38141568683415,7.062590754735311,8.82235138717698,3962326526
GRB140206B,TR3,BAND,1.179284194698831,94.23119502030588,7.204289524819373,9.002174459648785,3962326526
GRB140206B,TR3,BAND,1.2188273009030484,96.12423910666435,7.350000751900126,9.183458512714068,3962326526
GRB140206B,TR3,BAND,1.2596963447017038,98.06149863344581,7.4997834281750215,9.370703538399624,3962326526
GRB140206B,TR3,BAND,1.3019357867017933,100.04394189923913,7.652853004126243,9.56112976787017,3962326526
GRB140206B,TR3,BAND,1.345591578338828,102.07255539022478,7.809898258318825,9.753355858438027,3962326526
GRB140206B,TR3,BAND,1.3907112118664706,104.14834437690698,7.970320302381907,9.950675061205828,3962326526
GRB140206B,TR3,BAND,1.4373437720224012,106.2723335285173,8.134180854751648,10.154104939468084,3962326526
GRB140206B,TR3,BAND,1.48553998942661,108.44556754249118,8.301168464627054,10.362512817161829,3962326526
GRB140206B,TR3,BAND,1.5353522957702137,110.6691117863893,8.471680909403801,10.5756595345145,3962326526
GRB140206B,TR3,BAND,1.5868348808548336,112.94405294966163,8.645996302708639,10.793428400603204,3962326526
GRB140206B,TR3,BAND,1.6400437515445863,115.27149970272681,8.824191241159525,11.015907147770278,3962326526
GRB140206B,TR3,BAND,1.6950367926948178,117.65258336096105,9.00634377568646,11.24318506180957,3962326526
GRB140206B,TR3,BAND,1.7518738301238697,120.08845855135476,9.192533458256904,11.475353036593305,3962326526
GRB140206B,TR3,BAND,1.8106166956963778,122.58030387979842,9.382841388423984,11.712503628273367,3962326526
GRB140206B,TR3,BAND,1.8713292945889082,125.12932259718927,9.57658130669705,11.955500061654988,3962326526
GRB140206B,TR3,BAND,1.9340776748111073,127.73674326281021,9.774331606122104,12.204958390722084,3962326526
GRB140206B,TR3,BAND,1.9989300990579977,130.40382040370605,9.97619513664064,12.461750020800451,3962326526
GRB140206B,TR3,BAND,2.0,130.44759001531048,9.979504495257885,12.46596728339378,3962326526
GRB140206B,TR3,BAND,2.0659571189715846,133.13183516906807,10.18243442272302,12.723064125914505,3962326526
GRB140206B,TR3,BAND,2.135231651892562,135.92209597893017,10.394102958828043,12.986912219307499,3962326526
GRB140206B,TR3,BAND,2.2068290601856124,138.7759391667643,10.610046045262777,13.257911036413049,3962326526
GRB140206B,TR3,BAND,2.2808272332246045,141.69472961584756,10.832798945027918,13.534646617098332,3962326526
GRB140206B,TR3,BAND,2.3573066721268656,144.67986138953793,11.060566713070386,13.812823353691044,3962326526
GRB140206B,TR3,BAND,2.436350577328722,147.73275835584585,11.289032615254598,14.106697256505868,3962326526
GRB140206B,TR3,BAND,2.518044939097574,150.85487480692117,11.51937287756519,14.413221839802617,3962326526
GRB140206B,TR3,BAND,2.6024786310789683,154.04769607427673,11.763712920521044,14.72222803671113,3962326526
GRB140206B,TR3,BAND,2.6897435069804407,157.31273914075453,12.01557765376154,15.034461018856632,3962326526
GRB140206B,TR3,BAND,2.779934500497312,160.6515532503925,12.26728116216384,15.353033287958596,3962326526
GRB140206B,TR3,BAND,2.8731497285891345,164.0657205174785,12.516839653272541,15.67630723260288,3962326526
GRB140206B,TR3,BAND,2.96949059821915,167.55685653617874,12.768593057989136,16.009152142979104,3962326526
GRB140206B,TR3,BAND,3.0,168.6547347480876,12.848780251214862,16.11271465497572,3962326526
GRB140206B,TR3,BAND,3.069061916672877,171.12661099220503,13.033670154535713,16.344626089905233,3962326526
GRB140206B,TR3,BAND,3.1719720055758387,174.77666827803534,13.310184840167324,16.687725059974696,3962326526
GRB140206B,TR3,BAND,3.2783328187344702,178.50874811323266,13.586485727124852,17.042910934034865,3962326526
GRB140206B,TR3,BAND,3.3882600639284024,182.324606171415,13.866172265376719,17.401603532415635,3962326526
GRB140206B,TR3,BAND,3.501873328786621,186.22603471542124,14.161870163789331,17.768759241348448,3962326526
GRB140206B,TR3,BAND,3.6192962108844253,190.21486324219111,14.464430805123982,18.130913831961493,3962326526
GRB140206B,TR3,BAND,3.7406564522027392,194.29295913884053,14.768982261662558,18.51491808027137,3962326526
GRB140206B,TR3,BAND,3.866086078096029,198.4622283513608,15.084046448807783,18.90215859545191,3962326526
GRB140206B,TR3,BAND,3.995721540920016,202.7246160673159,15.378230179400276,19.304912273906666,3962326526
GRB140206B,TR3,BAND,4.1297038684754455,207.08210741384158,15.704222859932372,19.697245277332485,3962326526
GRB140206B,TR3,BAND,4.268178817429369,211.5367281721833,16.02688660376083,20.1032964719667,3962326526
GRB140206B,TR3,BAND,4.411297031880894,216.0905455099356,16.36665375824458,20.536866497202396,3962326526
GRB140206B,TR3,BAND,4.559214207243838,220.7456687320686,16.705706638498498,20.991121476806967,3962326526
GRB140206B,TR3,BAND,4.712091259624634,225.50425005175757,17.061247650171254,21.4410795060073,3962326526
GRB140206B,TR3,BAND,4.870094500879713,230.36848538195278,17.416319201782926,21.88283273202626,3962326526
GRB140206B,TR3,BAND,5.0,234.32824508443863,17.70518163341319,22.242344833926154,3962326526
GRB140206B,TR3,BAND,5.033395819542804,235.3406151485592,17.775132333769562,22.33542260532616,3962326526
GRB140206B,TR3,BAND,5.202172867819004,240.42292512602563,18.14070108717553,22.79748030582971,3962326526
GRB140206B,TR3,BAND,5.376609254849018,245.61774729608138,18.50765522785096,23.26192385248723,3962326526
GRB140206B,TR3,BAND,5.556894746453837,250.92746073029565,18.88319930397563,23.750056433381104,3962326526
GRB140206B,TR3,BAND,5.743225471577138,256.354492497081,19.280851099167336,24.25236639581368,3962326526
GRB140206B,TR3,BAND,5.935804135649998,261.90131859371473,19.68669251291456,24.748819501892058,3962326526
GRB140206B,TR3,BAND,6.134840241110043,267.5704649039019,20.097853143713706,25.278235472564063,3962326526
GRB140206B,TR3,BAND,6.340550315314906,273.3645081813693,20.500786908124724,25.810995859146942,3962326526
GRB140206B,TR3,BAND,6.553158146097979,279.28607705994153,20.923926449145597,26.343276974276364,3962326526
GRB140206B,TR3,BAND,6.7728950252226605,285.33785309052115,21.35237018171324,26.891807701017512,3962326526
GRB140206B,TR3,BAND,7.0,291.52257180537276,21.7990918963078,27.445067842046456,3962326526
GRB140206B,TR4,BAND,1.0,52.72400685558421,2.2768543104004806,2.4866956214544373,3962326526
GRB140206B,TR4,BAND,1.0335314476204913,53.76084758231396,2.3231301260320123,2.5375254720946856,3962326526
GRB140206B,TR4,BAND,1.0681872532205086,54.822276862698004,2.3705708961698733,2.589307590696116,3962326526
GRB140206B,TR4,BAND,1.1040051181507486,55.90885461483187,2.4191255947156307,2.6418805482857834,3962326526
GRB140206B,TR4,BAND,1.1410240079427747,57.021150958190184,2.468715919202964,2.6954379708727103,3962326526
GRB140206B,TR4,BAND,1.179284194698831,58.15974651661819,2.5192075844696262,2.7502275794945277,3962326526
GRB140206B,TR4,BAND,1.2188273009030484,59.32523273857733,2.5707385548499815,2.8061956709310394,3962326526
GRB140206B,TR4,BAND,1.2596963447017038,60.51821223364106,2.623303610958793,2.863403964699451,3962326526
GRB140206B,TR4,BAND,1.3019357867017933,61.73929912407678,2.676875360318597,2.9218766564107455,3962326526
GRB140206B,TR4,BAND,1.345591578338828,62.989119410219786,2.731548487705716,2.9817175931266178,3962326526
GRB140206B,TR4,BAND,1.3907112118664706,64.26831134823954,2.7874147307409203,3.0428828320402914,3962326526
GRB140206B,TR4,BAND,1.4373437720224012,65.57752583882089,2.844521413846145,3.1053736083158583,3962326526
GRB140206B,TR4,BAND,1.48553998942661,66.91742682523937,2.902982625329045,3.1692147357204874,3962326526
GRB140206B,TR4,BAND,1.5353522957702137,68.288691699293,2.9627691956683435,3.234431425324118,3962326526
GRB140206B,TR4,BAND,1.5868348808548336,69.69201171357142,3.0238203316911267,3.3010493014163416,3962326526
GRB140206B,TR4,BAND,1.6400437515445863,71.1280923985873,3.0861552956209692,3.3690944175289985,3962326526
GRB140206B,TR4,BAND,1.6950367926948178,72.59765398336972,3.149796920703267,3.438593272468964,3962326526
GRB140206B,TR4,BAND,1.7518738301238697,74.1014318182176,3.21476841284651,3.509572826272219,3962326526
GRB140206B,TR4,BAND,1.8106166956963778,75.6401767984322,3.281119081015717,3.5820605159969006,3962326526
GRB140206B,TR4,BAND,1.8713292945889082,77.21465578798596,3.3490696324481206,3.656084271280605,3962326526
GRB140206B,TR4,BAND,1.9340776748111073,78.82565204223992,3.4184993602928273,3.731672529597219,3962326526
GRB140206B,TR4,BAND,1.9989300990579977,80.47396562898382,3.489456653766169,3.8088337045301586,3962326526
GRB140206B,TR4,BAND,2.0,80.50102006806215,3.4906204525624673,3.810098870315855,3962326526
GRB140206B,TR4,BAND,2.0659571189715846,82.1604138472451,3.561786828001715,3.8877815063537753,3962326526
GRB140206B,TR4,BAND,2.135231651892562,83.88583164348435,3.635578254356716,3.9684123332197174,3962326526
GRB140206B,TR4,BAND,2.2068290601856124,85.65107202496601,3.71065555507397,4.0507557221799715,3962326526
GRB140206B,TR4,BAND,2.2808272332246045,87.45700647026031,3.7872495244196926,4.134844313051104,3962326526
GRB140206B,TR4,BAND,2.3573066721268656,89.3045253369902,3.865173842984177,4.220655318129332,3962326526
GRB140206B,TR4,BAND,2.436350577328722,91.19453826708592,3.9445639062614646,4.308256512386379,3962326526
GRB140206B,TR4,BAND,2.518044939097574,93.12797458994565,4.025508891318921,4.397135348141774,3962326526
GRB140206B,TR4,BAND,2.6024786310789683,95.10578372402243,4.108376178070998,4.487390928213031,3962326526
GRB140206B,TR4,BAND,2.6897435069804407,97.12893557746483,4.193297793530093,4.5790476152577355,3962326526
GRB140206B,TR4,BAND,2.779934500497312,99.19842094853014,4.280146632129529,4.672091506363003,3962326526
GRB140206B,TR4,BAND,2.8731497285891345,101.31525192656377,4.368960203598874,4.766727865689205,3962326526
GRB140206B,TR4,BAND,2.96949059821915,103.48046229439868,4.459377024216749,4.86393584195298,3962326526
GRB140206B,TR4,BAND,3.0,104.16150447183111,4.487557500594363,4.894798076141711,3962326526
GRB140206B,TR4,BAND,3.069061916672877,105.69510793307367,4.550924709865484,4.963459729615167,3962326526
GRB140206B,TR4,BAND,3.1719720055758387,107.960267229799,4.644291576030199,5.064029578855525,3962326526
GRB140206B,TR4,BAND,3.2783328187344702,110.27704149011532,4.739509732996311,5.166700122849647,3962326526
GRB140206B,TR4,BAND,3.3882600639284024,112.6465553551972,4.83661184667146,5.27155304637256,3962326526
GRB140206B,TR4,BAND,3.501873328786621,115.06995722524618,4.935631144264931,5.378412264398477,3962326526
GRB140206B,TR4,BAND,3.6192962108844253,117.54841968990438,5.0373526854700685,5.487535253949034,3962326526
GRB140206B,TR4,BAND,3.7406564522027392,120.083139966595,5.142417609969016,5.597721462951469,3962326526
GRB140206B,TR4,BAND,3.866086078096029,122.67534034766858,5.248976294234254,5.7109893043611635,3962326526
GRB140206B,TR4,BAND,3.995721540920016,125.32626865719752,5.357438538643962,5.826795628511519,3962326526
GRB140206B,TR4,BAND,4.1297038684754455,128.0371987182232,5.467021805272324,5.946328470108114,3962326526
GRB140206B,TR4,BAND,4.268178817429369,130.80943083121906,5.580468285390992,6.0696570414676785,3962326526
GRB140206B,TR4,BAND,4.411297031880894,133.64429226448866,5.6961560274723695,6.194890347648908,3962326526
GRB140206B,TR4,BAND,4.559214207243838,136.54313775717466,5.814716507226734,6.322031963199976,3962326526
GRB140206B,TR4,BAND,4.712091259624634,139.50735003551088,5.935482376755147,6.450898003557768,3962326526
GRB140206B,TR4,BAND,4.870094500879713,142.53834034290557,6.056871228949575,6.5834624029361635,3962326526
GRB140206B,TR4,BAND,5.0,145.0064424311938,6.153822426797689,6.692238861602675,3962326526
GRB140206B,TR4,BAND,5.033395819542804,145.63754898440362,6.178617676388541,6.719837301001661,3962326526
GRB140206B,TR4,BAND,5.202172867819004,148.8064458860344,6.305219136601039,6.858460064303671,3962326526
GRB140206B,TR4,BAND,5.376609254849018,152.04653116951607,6.43306043400716,6.999376790411816,3962326526
GRB140206B,TR4,BAND,5.556894746453837,155.35933574275109,6.565577675162132,7.14077047853641,3962326526
GRB140206B,TR4,BAND,5.743225471577138,158.74642190651616,6.70103496779231,7.284871497278459,3962326526
GRB140206B,TR4,BAND,5.935804135649998,162.20938397772179,6.839056271838501,7.4312253672764825,3962326526
GRB140206B,TR4,BAND,6.134840241110043,165.74984892958926,6.977622783747364,7.580608894215004,3962326526
GRB140206B,TR4,BAND,6.340550315314906,169.3694770490714,7.115172989298571,7.736045376099497,3962326526
GRB140206B,TR4,BAND,6.553158146097979,173.06996261182354,7.258156599162277,7.893754183175588,3962326526
GRB140206B,TR4,BAND,6.7728950252226605,176.85303457501325,7.401280199486308,8.049969256330286,3962326526
GRB140206B,TR4,BAND,7.0,180.72045728824642,7.548918758383081,8.209521253863102,3962326526
GRB140206B,TR5,PL,1.0,24.572983990463577,1.1683799887211705,1.2433029622197083,3962326526
GRB140206B,TR5,PL,1.0335314476204913,25.059753579147756,1.192047647928355,1.2685769598909324,3962326526
GRB140206B,TR5,PL,1.0681872532205086,25.557876101460064,1.2162916298109003,1.2942470150543102,3962326526
GRB140206B,TR5,PL,1.1040051181507486,26.067600935588423,1.2410667579812085,1.320471883964327,3962326526
GRB140206B,TR5,PL,1.1410240079427747,26.58918168927014,1.2663842685546243,1.3472797417253943,3962326526
GRB140206B,TR5,PL,1.179284194698831,27.122876332147683,1.2922543518006897,1.3746819861644148,3962326526
GRB140206B,TR5,PL,1.2188273009030484,27.668947336476098,1.3186873236029832,1.4027918011225964,3962326526
GRB140206B,TR5,PL,1.2596963447017038,28.227661825667024,1.3456915733448547,1.4315720691564948,3962326526
GRB140206B,TR5,PL,1.3019357867017933,28.79929173007295,1.3732475200508318,1.4610015992668117,3962326526
GRB140206B,TR5,PL,1.345591578338828,29.384113949347835,1.401401576170219,1.491055794745975,3962326526
GRB140206B,TR5,PL,1.3907112118664706,29.982410520666146,1.4301624630052956,1.5217456316442473,3962326526
GRB140206B,TR5,PL,1.4373437720224012,30.59446879204137,1.459535963556739,1.553082232347414,3962326526
GRB140206B,TR5,PL,1.48553998942661,31.22058159996172,1.4895435972329523,1.585076873079693,3962326526
GRB140206B,TR5,PL,1.5353522957702137,31.861047450551176,1.5201971688776617,1.6177409915640908,3962326526
GRB140206B,TR5,PL,1.5868348808548336,32.51617070347103,1.55150867833553,1.651086194783936,3962326526
GRB140206B,TR5,PL,1.6400437515445863,33.186261757798675,1.5834903282085584,1.6851242667905169,3962326526
GRB140206B,TR5,PL,1.6950367926948178,33.871637239156,1.6161545316245096,1.719867176504053,3962326526
GRB140206B,TR5,PL,1.7518738301238697,34.572620187408546,1.6495139199752131,1.7553270854576795,3962326526
GRB140206B,TR5,PL,1.8106166956963778,35.28954024431557,1.6835813505850936,1.7915163554385884,3962326526
GRB140206B,TR5,PL,1.8713292945889082,36.022733840580656,1.7183699142749873,1.8284475559840345,3962326526
GRB140206B,TR5,PL,1.9340776748111073,36.77254438182849,1.7538866997457205,1.866133471695612,3962326526
GRB140206B,TR5,PL,1.9989300990579977,37.53932243311508,1.7901402392702792,1.904587109339765,3962326526
GRB140206B,TR5,PL,2.0,37.55190451704667,1.7907346307806122,1.9052173844992026,3962326526
GRB140206B,TR5,PL,2.0659571189715846,38.32342590166404,1.8271519276443584,1.9438217047086326,3962326526
GRB140206B,TR5,PL,2.135231651892562,39.12522021760753,1.864907851066178,1.9838785475558751,3962326526
GRB140206B,TR5,PL,2.2068290601856124,39.94507851259621,1.9034200154873133,2.024773512942005,3962326526
GRB140206B,TR5,PL,2.2808272332246045,40.7833817962265,1.9427240022375187,2.0667431038679283,3962326526
GRB140206B,TR5,PL,2.3573066721268656,41.64051913031259,1.9828340935356792,2.109605705457973,3962326526
GRB140206B,TR5,PL,2.436350577328722,42.51688780110548,2.0237648406658906,2.1533668243815143,3962326526
GRB140206B,TR5,PL,2.518044939097574,43.41289348963022,2.065531069365612,2.1980434393542794,3962326526
GRB140206B,TR5,PL,2.6024786310789683,44.328950440372914,2.108192755770091,2.243461204841516,3962326526
GRB140206B,TR5,PL,2.6897435069804407,45.26548162860464,2.1517749927587317,2.289677669101401,3962326526
GRB140206B,TR5,PL,2.779934500497312,46.22291892667396,2.1962494073472243,2.3368221635146895,3962326526
GRB140206B,TR5,PL,2.8731497285891345,47.20170326963922,2.2416324386627124,2.3848672100911017,3962326526
GRB140206B,TR5,PL,2.96949059821915,48.202284820641324,2.2879408371983203,2.4338730965364377,3962326526
GRB140206B,TR5,PL,3.0,48.51688827417526,2.302483560616416,2.4492590577503393,3962326526
GRB140206B,TR5,PL,3.069061916672877,49.225123136441,2.335146173084759,2.483902466521407,3962326526
GRB140206B,TR5,PL,3.1719720055758387,50.2706873335598,2.38346081389016,2.5349590639695947,3962326526
GRB140206B,TR5,PL,3.2783328187344702,51.339456255472875,2.4327925706041498,2.5873089002157386,3962326526
GRB140206B,TR5,PL,3.3882600639284024,52.43191864130494,2.4829549458654583,2.641056973192015,3962326526
GRB140206B,TR5,PL,3.501873328786621,53.54857329647716,2.533827302643857,2.6957126862880614,3962326526
GRB140206B,TR5,PL,3.6192962108844253,54.68992926574638,2.5856590221724574,2.7511974890531334,3962326526
GRB140206B,TR5,PL,3.7406564522027392,55.85650600906578,2.6385108996558557,2.807794989731768,3962326526
GRB140206B,TR5,PL,3.866086078096029,57.04883358068169,2.692401075397626,2.865525604725825,3962326526
GRB140206B,TR5,PL,3.995721540920016,58.267452811863684,2.747348005588364,2.924539915669399,3962326526
GRB140206B,TR5,PL,4.1297038684754455,59.51291549764541,2.803435305781413,2.9850039847618532,3962326526
GRB140206B,TR5,PL,4.268178817429369,60.7857845879327,2.8612722377517485,3.0460437690082216,3962326526
GRB140206B,TR5,PL,4.411297031880894,62.08663438331373,2.9202748012165785,3.108285927215647,3962326526
GRB140206B,TR5,PL,4.559214207243838,63.416050735882955,2.9797914678050432,3.1727279966361053,3962326526
GRB140206B,TR5,PL,4.712091259624634,64.7746312553693,3.0406597935633997,3.238428274864475,3962326526
GRB140206B,TR5,PL,4.870094500879713,66.16298552083585,3.1026053553371042,3.305253298556707,3962326526
GRB140206B,TR5,PL,5.0,67.29289753149646,3.152948367205653,3.359735802593761,3962326526
GRB140206B,TR5,PL,5.033395819542804,67.58173529819777,3.165771262182062,3.373652204164955,3962326526
GRB140206B,TR5,PL,5.202172867819004,69.03151476378426,3.229725670094979,3.4433489053725737,3962326526
GRB140206B,TR5,PL,5.376609254849018,70.51297073415124,3.295390749675377,3.5139672889012274,3962326526
GRB140206B,TR5,PL,5.556894746453837,72.02676290233359,3.3626760121572374,3.585964019571108,3962326526
GRB140206B,TR5,PL,5.743225471577138,73.57356408070814,3.4319800918224104,3.659251314718773,3962326526
GRB140206B,TR5,PL,5.935804135649998,75.15406045062522,3.5023052280884457,3.733947940091653,3962326526
GRB140206B,TR5,PL,6.134840241110043,76.76895181895077,3.5735296350836876,3.810168840443211,3962326526
GRB140206B,TR5,PL,6.340550315314906,78.41895188165043,3.6465178334655945,3.8873933908948146,3962326526
GRB140206B,TR5,PL,6.553158146097979,80.10478849453582,3.720399061759892,3.966945019284964,3962326526
GRB140206B,TR5,PL,6.7728950252226605,81.82720395128362,3.7962344902625205,4.048167006498247,3962326526
GRB140206B,TR5,PL,7.0,83.58695526883112,3.8749267682303667,4.130306217420809,3962326526
GRB231129C,T90,SBPL_BB,1.0,26.997827921887993,2.2729558011802986,2.855372849087207,3962326526
GRB231129C,T90,SBPL_BB,1.0335314476204913,27.507474872875854,2.3178064619255245,2.9115192381774513,3962326526
GRB231129C,T90,SBPL_BB,1.0681872532205086,28.030375269167994,2.3636239788740347,2.969059293997301,3962326526
GRB231129C,T90,SBPL_BB,1.1040051181507486,28.56688276516521,2.410450564311507,3.0280298215073564,3962326526
GRB231129C,T90,SBPL_BB,1.1410240079427747,29.117359407797746,2.4583858252457276,3.0883867326165912,3962326526
GRB231129C,T90,SBPL_BB,1.179284194698831,29.682175864826856,2.507455081963638,3.150161224399909,3962326526
GRB231129C,T90,SBPL_BB,1.2188273009030484,30.2617116616106,2.5577647777580275,3.2133850538223783,3962326526
GRB231129C,T90,SBPL_BB,1.2596963447017038,30.856355426094364,2.609269398172657,3.2780793803781734,3962326526
GRB231129C,T90,SBPL_BB,1.3019357867017933,31.46650514174085,2.6619816336298747,3.344287041154338,3962326526
GRB231129C,T90,SBPL_BB,1.345591578338828,32.09256840807972,2.715925773399956,3.4120440695675214,3962326526
GRB231129C,T90,SBPL_BB,1.3907112118664706,32.73496270852955,2.7711290166519333,3.4813847157130056,3962326526
GRB231129C,T90,SBPL_BB,1.4373437720224012,33.39411568512682,2.8276190723400774,3.55234387873638,3962326526
GRB231129C,T90,SBPL_BB,1.48553998942661,34.07046541978958,2.8854398633041782,3.6249414356512446,3962326526
GRB231129C,T90,SBPL_BB,1.5353522957702137,34.764460721745046,2.944602170382634,3.6992316306542605,3962326526
GRB231129C,T90,SBPL_BB,1.5868348808548336,35.47656142076296,3.0051320374222925,3.7752547039052757,3962326526
GRB231129C,T90,SBPL_BB,1.6400437515445863,36.20723866585716,3.0670590080199176,3.8530479173754344,3962326526
GRB231129C,T90,SBPL_BB,1.6950367926948178,36.95697522914834,3.1304131945459517,3.932652377005631,3962326526
GRB231129C,T90,SBPL_BB,1.7518738301238697,37.72626581461846,3.195225292469914,4.014105338239666,3962326526
GRB231129C,T90,SBPL_BB,1.8106166956963778,38.51561737153146,3.2615265945836,4.097447939868779,3962326526
GRB231129C,T90,SBPL_BB,1.8713292945889082,39.32554941234518,3.3293695291600898,4.182700842398155,3962326526
GRB231129C,T90,SBPL_BB,1.9340776748111073,40.15659433499301,3.398779095412614,4.2699135972725415,3962326526
GRB231129C,T90,SBPL_BB,1.9989300990579977,41.00929774947119,3.4697838004499886,4.3591337427615855,3962326526
GRB231129C,T90,SBPL_BB,2.0,41.023313666987995,3.470949122291806,4.3605980407908405,3962326526
GRB231129C,T90,SBPL_BB,2.0659571189715846,41.88421880872607,3.542417920415083,4.450404575180102,3962326526
GRB231129C,T90,SBPL_BB,2.135231651892562,42.78193054389459,3.616716413973471,4.543770267235331,3962326526
GRB231129C,T90,SBPL_BB,2.2068290601856124,43.70302020400931,3.692730730990725,4.639260090637592,3962326526
GRB231129C,T90,SBPL_BB,2.2808272332246045,44.648089600335894,3.770571476754121,4.7369281005582735,3962326526
GRB231129C,T90,SBPL_BB,2.3573066721268656,45.617755455563845,3.850254957836931,4.836825583901273,3962326526
GRB231129C,T90,SBPL_BB,2.436350577328722,46.61264975812173,3.9317729590493187,4.939000224981349,3962326526
GRB231129C,T90,SBPL_BB,2.518044939097574,47.63342012193341,4.015165220618002,5.043500664940538,3962326526
GRB231129C,T90,SBPL_BB,2.6024786310789683,48.68073015197304,4.100185763002834,5.150658685052164,3962326526
GRB231129C,T90,SBPL_BB,2.6897435069804407,49.75525981601258,4.187173146239523,5.260155084373103,3962326526
GRB231129C,T90,SBPL_BB,2.779934500497312,50.857705822986915,4.2761691792440075,5.372109992909721,3962326526
GRB231129C,T90,SBPL_BB,2.8731497285891345,51.98878200842706,4.367315926503416,5.486476582656472,3962326526
GRB231129C,T90,SBPL_BB,2.96949059821915,53.14921972743358,4.460642889771329,5.603322465278879,3962326526
GRB231129C,T90,SBPL_BB,3.0,53.51494746237974,4.489996815549354,5.640068043378186,3962326526
GRB231129C,T90,SBPL_BB,3.069061916672877,54.33976825567797,4.556263589587736,5.7226331388085825,3962326526
GRB231129C,T90,SBPL_BB,3.1719720055758387,55.56119519893215,4.654156309811881,5.844402573711818,3962326526
GRB231129C,T90,SBPL_BB,3.2783328187344702,56.81428691163323,4.754290749002145,5.96873658848353,3962326526
GRB231129C,T90,SBPL_BB,3.3882600639284024,58.099848924995435,4.85671525854427,6.095822780927186,3962326526
GRB231129C,T90,SBPL_BB,3.501873328786621,59.41870638518129,4.961407699946115,6.225717629698025,3962326526
GRB231129C,T90,SBPL_BB,3.6192962108844253,60.771704502042724,5.068478903192137,6.3584786526200645,3962326526
GRB231129C,T90,SBPL_BB,3.7406564522027392,62.15970900893827,5.177984277791175,6.4941644198325434,3962326526
GRB231129C,T90,SBPL_BB,3.866086078096029,63.58360663412639,5.289478860015144,6.633705486392699,3962326526
GRB231129C,T90,SBPL_BB,3.995721540920016,65.044305584228,5.4033440113003195,6.776574479743417,3962326526
GRB231129C,T90,SBPL_BB,4.1297038684754455,66.5427360402422,5.5200817769590955,6.922526300868,3962326526
GRB231129C,T90,SBPL_BB,4.268178817429369,68.0798506665908,5.6398372207244165,7.07171426226607,3962326526
GRB231129C,T90,SBPL_BB,4.411297031880894,69.65662513365764,5.7622680534786355,7.2242514527150945,3962326526
GRB231129C,T90,SBPL_BB,4.559214207243838,71.2740586542794,5.887089267573927,7.380548901663275,3962326526
GRB231129C,T90,SBPL_BB,4.712091259624634,72.93317453463614,6.014701285982056,7.538929631361668,3962326526
GRB231129C,T90,SBPL_BB,4.870094500879713,74.63502073998107,6.1451621835509656,7.69995905287756,3962326526
GRB231129C,T90,SBPL_BB,5.0,76.02474930113667,6.2513749299750145,7.832205654166202,3962326526
GRB231129C,T90,SBPL_BB,5.033395819542804,76.38067047564138,6.278531108231377,7.866026428350466,3962326526
GRB231129C,T90,SBPL_BB,5.202172867819004,78.17122278371573,6.414868297449445,8.035797103821409,3962326526
GRB231129C,T90,SBPL_BB,5.376609254849018,80.0078031558877,6.5542350948660015,8.209296208915731,3962326526
GRB231129C,T90,SBPL_BB,5.556894746453837,81.89156416277042,6.696644140118792,8.386599593173699,3962326526
GRB231129C,T90,SBPL_BB,5.743225471577138,83.82368610019375,6.84244567007417,8.567784473742165,3962326526
GRB231129C,T90,SBPL_BB,5.935804135649998,85.80537765284357,6.99106388465367,8.752929456532115,3962326526
GRB231129C,T90,SBPL_BB,6.134840241110043,87.83787657566137,7.1433950126791075,8.94158465478445,3962326526
GRB231129C,T90,SBPL_BB,6.340550315314906,89.922450393413,7.300151321396498,9.134267016592446,3962326526
GRB231129C,T90,SBPL_BB,6.553158146097979,92.06039711883683,7.459928394082908,9.331113636473802,3962326526
GRB231129C,T90,SBPL_BB,6.7728950252226605,94.25304598978386,7.622082501694166,9.532167614144498,3962326526
GRB231129C,T90,SBPL_BB,7.0,96.50175822576708,7.786716404366615,9.73859834679945,3962326526
GRB231129C,EX0,SBPL_BB,1.0,66.07309174326942,5.028610050561369,5.854920646193534,3962326526
GRB231129C,EX0,SBPL_BB,1.0335314476204913,67.34091460120587,5.127304743070084,5.971547693835618,3962326526
GRB231129C,EX0,SBPL_BB,1.0681872532205086,68.64052477981338,5.229510576664694,6.089746439868335,3962326526
GRB231129C,EX0,SBPL_BB,1.1040051181507486,69.97272458478298,5.334779572259848,6.2111068436096275,3962326526
GRB231129C,EX0,SBPL_BB,1.1410240079427747,71.33833379802232,5.443313701227211,6.335420235467737,3962326526
GRB231129C,EX0,SBPL_BB,1.179284194698831,72.73819015619897,5.5534858504430815,6.462702859057387,3962326526
GRB231129C,EX0,SBPL_BB,1.2188273009030484,74.17314984962755,5.665444155124817,6.592364421239736,3962326526
GRB231129C,EX0,SBPL_BB,1.2596963447017038,75.64408804065049,5.779682653427898,6.724672837773099,3962326526
GRB231129C,EX0,SBPL_BB,1.3019357867017933,77.15189940051884,5.896613104898961,6.861270893728459,3962326526
GRB231129C,EX0,SBPL_BB,1.345591578338828,78.69749866366675,6.016853356259503,7.000567490679373,3962326526
GRB231129C,EX0,SBPL_BB,1.3907112118664706,80.28182119818223,6.139789923393124,7.143078155177079,3962326526
GRB231129C,EX0,SBPL_BB,1.4373437720224012,81.90582359121494,6.265085059386081,7.288871817785264,3962326526
GRB231129C,EX0,SBPL_BB,1.48553998942661,83.57048424803035,6.393569930256717,7.438018705115738,3962326526
GRB231129C,EX0,SBPL_BB,1.5353522957702137,85.27680400341563,6.525039650232415,7.5905903799598065,3962326526
GRB231129C,EX0,SBPL_BB,1.5868348808548336,87.02580674417032,6.659378132300489,7.746659781945397,3962326526
GRB231129C,EX0,SBPL_BB,1.6400437515445863,88.81854004146808,6.796640668002695,7.906301268543217,3962326526
GRB231129C,EX0,SBPL_BB,1.6950367926948178,90.65607579195692,6.936883468957177,8.069590656253695,3962326526
GRB231129C,EX0,SBPL_BB,1.7518738301238697,92.539510866569,7.080163693602955,8.236605261817687,3962326526
GRB231129C,EX0,SBPL_BB,1.8106166956963778,94.46996776613462,7.226539473471831,8.407423943307847,3962326526
GRB231129C,EX0,SBPL_BB,1.8713292945889082,96.44859528303675,7.3768154534862305,8.58212714097398,3962326526
GRB231129C,EX0,SBPL_BB,1.9340776748111073,98.47656916829513,7.529958447148772,8.760796917732051,3962326526
GRB231129C,EX0,SBPL_BB,1.9989300990579977,100.55509280363299,7.686379838826085,8.943516999207475,3962326526
GRB231129C,EX0,SBPL_BB,2.0,100.58923835117699,7.688945635116681,8.94651531716201,3962326526
GRB231129C,EX0,SBPL_BB,2.0659571189715846,102.68539787824668,7.846618469211691,9.130212968012614,3962326526
GRB231129C,EX0,SBPL_BB,2.135231651892562,104.86874507016896,8.011151671689944,9.321268170469551,3962326526
GRB231129C,EX0,SBPL_BB,2.2068290601856124,107.1064247322832,8.17917280976755,9.517637481933207,3962326526
GRB231129C,EX0,SBPL_BB,2.2808272332246045,109.39975758320941,8.34974845913412,9.717591479810068,3962326526
GRB231129C,EX0,SBPL_BB,2.3573066721268656,111.75009540343605,8.523173001967479,9.921827900037357,3962326526
GRB231129C,EX0,SBPL_BB,2.436350577328722,114.15882173721589,8.699992925239158,10.13024202231884,3962326526
GRB231129C,EX0,SBPL_BB,2.518044939097574,116.62735260087656,8.882399125779685,10.344801496277157,3962326526
GRB231129C,EX0,SBPL_BB,2.6024786310789683,119.15713719831272,9.070663411339623,10.562621744430857,3962326526
GRB231129C,EX0,SBPL_BB,2.6897435069804407,121.74965864453156,9.263170639735435,10.785503896200055,3962326526
GRB231129C,EX0,SBPL_BB,2.779934500497312,124.40643469821045,9.459766592371878,11.012658649925939,3962326526
GRB231129C,EX0,SBPL_BB,2.8731497285891345,127.12901850429942,9.656230734193272,11.24859081171509,3962326526
GRB231129C,EX0,SBPL_BB,2.96949059821915,129.91899934775773,9.859297509280779,11.489397932817155,3962326526
GRB231129C,EX0,SBPL_BB,3.0,130.7976239115932,9.923315086100772,11.565108559592488,3962326526
GRB231129C,EX0,SBPL_BB,3.069061916672877,132.77800341955904,10.06740270662084,11.735603617401637,3962326526
GRB231129C,EX0,SBPL_BB,3.1719720055758387,135.70769459612876,10.281496512291923,11.985992807373123,3962326526
GRB231129C,EX0,SBPL_BB,3.2783328187344702,138.70977523339505,10.499184543581407,12.242020523655725,3962326526
GRB231129C,EX0,SBPL_BB,3.3882600639284024,141.78598697664202,10.722487895261736,12.504894493649203,3962326526
GRB231129C,EX0,SBPL_BB,3.501873328786621,144.93811158734957,10.950854771088103,12.772898428028896,3962326526
GRB231129C,EX0,SBPL_BB,3.6192962108844253,148.16797178819235,11.182611313218814,13.050403170201122,3962326526
GRB231129C,EX0,SBPL_BB,3.7406564522027392,151.47743212735205,11.422896347218199,13.32778176244068,3962326526
GRB231129C,EX0,SBPL_BB,3.866086078096029,154.8683998632708,11.668927309810869,13.612698805457342,3962326526
GRB231129C,EX0,SBPL_BB,3.995721540920016,158.34282587094566,11.918916757199241,13.90143307909861,3962326526
GRB231129C,EX0,SBPL_BB,4.1297038684754455,161.90270557082872,12.173735674351121,14.202604994236253,3962326526
GRB231129C,EX0,SBPL_BB,4.268178817429369,165.55007988136535,12.432422388115185,14.507641571233648,3962326526
GRB231129C,EX0,SBPL_BB,4.411297031880894,169.28703619616465,12.693541271578368,14.821632234012924,3962326526
GRB231129C,EX0,SBPL_BB,4.559214207243838,173.11570938675928,12.96597032269878,15.137274078270906,3962326526
GRB231129C,EX0,SBPL_BB,4.712091259624634,177.03828283187835,13.246262598095143,15.452279937093692,3962326526
GRB231129C,EX0,SBPL_BB,4.870094500879713,181.05698947411952,13.531648581347326,15.785288120254876,3962326526
GRB231129C,EX0,SBPL_BB,5.0,184.33507755179733,13.763284754022408,16.058038428777024,3962326526
GRB231129C,EX0,SBPL_BB,5.033395819542804,185.17411290487448,13.822193144563187,16.129873823687205,3962326526
GRB231129C,EX0,SBPL_BB,5.202172867819004,189.39198847833123,14.121144635626763,16.485517583189676,3962326526
GRB231129C,EX0,SBPL_BB,5.376609254849018,193.71300445534885,14.425905337121463,16.836973737368453,3962326526
GRB231129C,EX0,SBPL_BB,5.556894746453837,198.13960317797358,14.73399686387117,17.193214010582125,3962326526
GRB231129C,EX0,SBPL_BB,5.743225471577138,202.6742822753447,15.049282654629792,17.56558419850353,3962326526
GRB231129C,EX0,SBPL_BB,5.935804135649998,207.31959590171817,15.370695301014848,17.944718262458423,3962326526
GRB231129C,EX0,SBPL_BB,6.134840241110043,212.07815600732187,15.704053845549453,18.33026805181322,3962326526
GRB231129C,EX0,SBPL_BB,6.340550315314906,216.9526336427417,16.037891157551798,18.725351700738372,3962326526
GRB231129C,EX0,SBPL_BB,6.553158146097979,221.94576029753162,16.38738509796167,19.123850568438513,3962326526
GRB231129C,EX0,SBPL_BB,6.7728950252226605,227.0603292737313,16.74435845039872,19.52512138759664,3962326526
GRB231129C,EX0,SBPL_BB,7.0,232.29919709497602,17.098271553534033,19.944749572984477,3962326526
GRB231129C,TR1,SBPL_BB,1.0,45.216660326443936,4.550904598481161,5.47733253016785,3962326526
GRB231129C,TR1,SBPL_BB,1.0335314476204913,46.073421151436435,4.639986380011152,5.585355917570169,3962326526
GRB231129C,TR1,SBPL_BB,1.0681872532205086,46.95227775320047,4.7320421289419485,5.695921729110353,3962326526
GRB231129C,TR1,SBPL_BB,1.1040051181507486,47.85381273188973,4.825910270555362,5.809507364161007,3962326526
GRB231129C,TR1,SBPL_BB,1.1410240079427747,48.77862226729829,4.921522141727522,5.92585325437463,3962326526
GRB231129C,TR1,SBPL_BB,1.179284194698831,49.727316488036855,5.019138870931343,6.045030148534728,3962326526
GRB231129C,TR1,SBPL_BB,1.2188273009030484,50.70051985477161,5.119112653751863,6.166949514168991,3962326526
GRB231129C,TR1,SBPL_BB,1.2596963447017038,51.6988715570829,5.221346917188107,6.291549250327911,3962326526
GRB231129C,TR1,SBPL_BB,1.3019357867017933,52.72302592342054,5.326342963460704,6.418885595426126,3962326526
GRB231129C,TR1,SBPL_BB,1.345591578338828,53.77365284356972,5.434071583877092,6.549146570066277,3962326526
GRB231129C,TR1,SBPL_BB,1.3907112118664706,54.85143820299262,5.544110362377438,6.682187733189856,3962326526
GRB231129C,TR1,SBPL_BB,1.4373437720224012,55.95708432837743,5.656741334395136,6.818352196042376,3962326526
GRB231129C,TR1,SBPL_BB,1.48553998942661,57.0913104437131,5.772101872104884,6.957678960879321,3962326526
GRB231129C,TR1,SBPL_BB,1.5353522957702137,58.25485313620938,5.890229440811545,7.100263289273542,3962326526
GRB231129C,TR1,SBPL_BB,1.5868348808548336,59.448466831402165,6.011187717962997,7.246176938374219,3962326526
GRB231129C,TR1,SBPL_BB,1.6400437515445863,60.67292427681985,6.135041728921728,7.395493099711636,3962326526
GRB231129C,TR1,SBPL_BB,1.6950367926948178,61.92901703363736,6.261857883008773,7.548286438209004,3962326526
GRB231129C,TR1,SBPL_BB,1.7518738301238697,63.21755597581016,6.391704009744366,7.704633131248713,3962326526
GRB231129C,TR1,SBPL_BB,1.8106166956963778,64.5393717962561,6.524649395199702,7.864610907671391,3962326526
GRB231129C,TR1,SBPL_BB,1.8713292945889082,65.89531551974018,6.660764818384301,8.028299086601209,3962326526
GRB231129C,TR1,SBPL_BB,1.9340776748111073,67.2862590222102,6.800193029189472,8.195708174422833,3962326526
GRB231129C,TR1,SBPL_BB,1.9989300990579977,68.71309555643114,6.942539433890275,8.366899421743994,3962326526
GRB231129C,TR1,SBPL_BB,2.0,68.7365455374009,6.94487634035729,8.36970353850819,3962326526
GRB231129C,TR1,SBPL_BB,2.0659571189715846,70.17674028386668,7.088230004991345,8.541695148668111,3962326526
GRB231129C,TR1,SBPL_BB,2.135231651892562,71.67813081285985,7.238009015212782,8.720475316591546,3962326526
GRB231129C,TR1,SBPL_BB,2.2068290601856124,73.21822774326496,7.391241275968071,8.902920767007288,3962326526
GRB231129C,TR1,SBPL_BB,2.2808272332246045,74.79801521778136,7.548017433872559,9.089429693412981,3962326526
GRB231129C,TR1,SBPL_BB,2.3573066721268656,76.418501480332,7.7084899964362705,9.280109464562145,3962326526
GRB231129C,TR1,SBPL_BB,2.436350577328722,78.08071944191664,7.871591576649081,9.475480931370583,3962326526
GRB231129C,TR1,SBPL_BB,2.518044939097574,79.78572725444926,8.037978150748145,9.675552796345073,3962326526
GRB231129C,TR1,SBPL_BB,2.6024786310789683,81.5346088931593,8.208742636559009,9.880521068634437,3962326526
GRB231129C,TR1,SBPL_BB,2.6897435069804407,83.32847474820053,8.38411996732313,10.090137282845376,3962326526
GRB231129C,TR1,SBPL_BB,2.779934500497312,85.16846222616344,8.563529252717899,10.304544467401186,3962326526
GRB231129C,TR1,SBPL_BB,2.8731497285891345,87.0557363622328,8.745591784083643,10.525312277554406,3962326526
GRB231129C,TR1,SBPL_BB,2.96949059821915,88.99149044376753,8.932856379245038,10.7498415994379,3962326526
GRB231129C,TR1,SBPL_BB,3.0,89.60146413667735,8.991776325572772,10.820407495256376,3962326526
GRB231129C,TR1,SBPL_BB,3.069061916672877,90.97694664610762,9.124871373252233,10.981951955088348,3962326526
GRB231129C,TR1,SBPL_BB,3.1719720055758387,93.01335668143297,9.321474084999338,11.218370291628204,3962326526
GRB231129C,TR1,SBPL_BB,3.2783328187344702,95.10200246151093,9.522579103798591,11.456370260728448,3962326526
GRB231129C,TR1,SBPL_BB,3.3882600639284024,97.24419677517618,9.730640590206633,11.698146119356352,3962326526
GRB231129C,TR1,SBPL_BB,3.501873328786621,99.44128398138604,9.94405543159418,11.94496685313382,3962326526
GRB231129C,TR1,SBPL_BB,3.6192962108844253,101.6946407186908,10.162557527691277,12.197084947342375,3962326526
GRB231129C,TR1,SBPL_BB,3.7406564522027392,104.00567663194929,10.383632307758816,12.457521090628504,3962326526
GRB231129C,TR1,SBPL_BB,3.866086078096029,106.3758351171083,10.615104075976035,12.72073457921384,3962326526
GRB231129C,TR1,SBPL_BB,3.995721540920016,108.80659408485057,10.846446471215799,13.000943986376384,3962326526
GRB231129C,TR1,SBPL_BB,4.1297038684754455,111.29946674389905,11.078016374068127,13.28496822385209,3962326526
GRB231129C,TR1,SBPL_BB,4.268178817429369,113.85600240474879,11.31509924670587,13.581708424442809,3962326526
GRB231129C,TR1,SBPL_BB,4.411297031880894,116.47778730457975,11.55973531595994,13.884646489576355,3962326526
GRB231129C,TR1,SBPL_BB,4.559214207243838,119.16644545408529,11.811853742342336,14.193284272476433,3962326526
GRB231129C,TR1,SBPL_BB,4.712091259624634,121.92363950693554,12.071823236601503,14.509424201493971,3962326526
GRB231129C,TR1,SBPL_BB,4.870094500879713,124.75107165257735,12.338210219825257,14.821969762377961,3962326526
GRB231129C,TR1,SBPL_BB,5.0,127.05938649451552,12.557535634616016,15.075093389960415,3962326526
GRB231129C,TR1,SBPL_BB,5.033395819542804,127.65048453305691,12.61425911064903,15.139256804392744,3962326526
GRB231129C,TR1,SBPL_BB,5.202172867819004,130.6236621845392,12.89849729910685,15.461208177221266,3962326526
GRB231129C,TR1,SBPL_BB,5.376609254849018,133.6724310041849,13.182643387688131,15.790953132853758,3962326526
GRB231129C,TR1,SBPL_BB,5.556894746453837,136.7986607430366,13.470653841292503,16.12613096850302,3962326526
GRB231129C,TR1,SBPL_BB,5.743225471577138,140.00426552555686,13.768168477545686,16.47141023515539,3962326526
GRB231129C,TR1,SBPL_BB,5.935804135649998,143.29120489645626,14.065628527107691,16.827082096161206,3962326526
GRB231129C,TR1,SBPL_BB,6.134840241110043,146.66148489544437,14.367933159140506,17.188211192324815,3962326526
GRB231129C,TR1,SBPL_BB,6.340550315314906,150.11715916053527,14.683537658361132,17.55060879469795,3962326526
GRB231129C,TR1,SBPL_BB,6.553158146097979,153.66033006054067,15.009140448595076,17.928834892606375,3962326526
GRB231129C,TR1,SBPL_BB,6.7728950252226605,157.29314985738395,15.337080020210522,18.3268285535826,3962326526
GRB231129C,TR1,SBPL_BB,7.0,161.0178218988748,15.674024601810828,18.73333475886227,3962326526
GRB231129C,EX1,SBPL,1.0,68.78610407391035,2.4255846216705805,2.641675593810362,3962326526
GRB231129C,EX1,SBPL,1.0335314476204913,70.12512397913132,2.4736213854828293,2.6950355030296294,3962326526
GRB231129C,EX1,SBPL,1.0681872532205086,71.49664228177149,2.5219916082904774,2.7492980949016044,3962326526
GRB231129C,EX1,SBPL,1.1040051181507486,72.90143370436448,2.5731059958778815,2.8043155156531157,3962326526
GRB231129C,EX1,SBPL,1.1410240079427747,74.34028831438509,2.6250768059023386,2.8604099432366468,3962326526
GRB231129C,EX1,SBPL,1.179284194698831,75.81401195865762,2.678362867168204,2.9170493824719443,3962326526
GRB231129C,EX1,SBPL,1.2188273009030484,77.32342671943223,2.732838603230803,2.9741598898322934,3962326526
GRB231129C,EX1,SBPL,1.2596963447017038,78.86937139099844,2.788789872842443,3.033087354364824,3962326526
GRB231129C,EX1,SBPL,1.3019357867017933,80.4527019755212,2.8456514375433244,3.0950159035549802,3962326526
GRB231129C,EX1,SBPL,1.345591578338828,82.07429219663989,2.903626976799373,3.1584607028337643,3962326526
GRB231129C,EX1,SBPL,1.3907112118664706,83.7350340292502,2.9628099384769087,3.223379867601153,3962326526
GRB231129C,EX1,SBPL,1.4373437720224012,85.43583824380485,3.02345412187195,3.2895719908770644,3962326526
GRB231129C,EX1,SBPL,1.48553998942661,87.1776349634229,3.0854000971012567,3.357195628386336,3962326526
GRB231129C,EX1,SBPL,1.5353522957702137,88.9613742320833,3.1487978937130947,3.426134590114799,3962326526
GRB231129C,EX1,SBPL,1.5868348808548336,90.7880265922051,3.213608100059062,3.4966122656008594,3962326526
GRB231129C,EX1,SBPL,1.6400437515445863,92.6585836699727,3.2798439766820735,3.568674840715474,3962326526
GRB231129C,EX1,SBPL,1.6950367926948178,94.57405876685779,3.347533538678448,3.6423548569288045,3962326526
GRB231129C,EX1,SBPL,1.7518738301238697,96.53548745590768,3.4167053143088424,3.7176854871567713,3962326526
GRB231129C,EX1,SBPL,1.8106166956963778,98.54392818151572,3.4874947660401006,3.7945321211406053,3962326526
GRB231129C,EX1,SBPL,1.8713292945889082,100.60046286155617,3.559780161021706,3.8729524938607938,3962326526
GRB231129C,EX1,SBPL,1.9340776748111073,102.70619749094675,3.6336802368176535,3.9530064237985556,3962326526
GRB231129C,EX1,SBPL,1.9989300990579977,104.86226274589896,3.709427551102806,4.034523776396242,3962326526
GRB231129C,EX1,SBPL,2.0,104.89766410997635,3.7106637276784937,4.035866710553435,3962326526
GRB231129C,EX1,SBPL,2.0659571189715846,107.06981458831501,3.786426444837545,4.118163806791131,3962326526
GRB231129C,EX1,SBPL,2.135231651892562,109.33003486999678,3.864934268695265,4.204745739129976,3962326526
GRB231129C,EX1,SBPL,2.2068290601856124,111.64413193653016,3.9448870147193134,4.2950609563303885,3962326526
GRB231129C,EX1,SBPL,2.2808272332246045,114.01334123090827,4.026828830724838,4.387118038540436,3962326526
GRB231129C,EX1,SBPL,2.3573066721268656,116.43892589713961,4.110652116750842,4.479628275474653,3962326526
GRB231129C,EX1,SBPL,2.436350577328722,118.92217738426304,4.196219356222741,4.573905953187577,3962326526
GRB231129C,EX1,SBPL,2.518044939097574,121.4644160513508,4.284661892696093,4.6694877021935355,3962326526
GRB231129C,EX1,SBPL,2.6024786310789683,124.06699177422239,4.375928613276315,4.766273265544385,3962326526
GRB231129C,EX1,SBPL,2.6897435069804407,126.73128455471797,4.466905774887138,4.865941146200555,3962326526
GRB231129C,EX1,SBPL,2.779934500497312,129.4587051334862,4.558516731835425,4.968029046562748,3962326526
GRB231129C,EX1,SBPL,2.8731497285891345,132.25069560732925,4.654382050502875,5.072643623663282,3962326526
GRB231129C,EX1,SBPL,2.96949059821915,135.10873005221703,4.752159556619802,5.182161015919377,3962326526
GRB231129C,EX1,SBPL,3.0,136.0081530448958,4.782964768261621,5.216491497180272,3962326526
GRB231129C,EX1,SBPL,3.069061916672877,138.03431515313568,4.8519073556724095,5.292701376615639,3962326526
GRB231129C,EX1,SBPL,3.1719720055758387,141.02899084196923,4.952835008178425,5.406712524968697,3962326526
GRB231129C,EX1,SBPL,3.2783328187344702,144.0943309446343,5.05508360589414,5.524705246719748,3962326526
GRB231129C,EX1,SBPL,3.3882600639284024,147.2319438386935,5.160782015735862,5.643320838430725,3962326526
GRB231129C,EX1,SBPL,3.501873328786621,150.44347312266606,5.269662255173699,5.764134419991478,3962326526
GRB231129C,EX1,SBPL,3.6192962108844253,153.7305982982378,5.383051988205153,5.882997959581559,3962326526
GRB231129C,EX1,SBPL,3.7406564522027392,157.09503546654565,5.500048740732524,6.003822660376983,3962326526
GRB231129C,EX1,SBPL,3.866086078096029,160.53853803967826,5.617112585207849,6.133381212215141,3962326526
GRB231129C,EX1,SBPL,3.995721540920016,164.06289746849473,5.735301890249076,6.264613612905663,3962326526
GRB231129C,EX1,SBPL,4.1297038684754455,167.66994398781875,5.8616675915643555,6.393045323685158,3962326526
GRB231129C,EX1,SBPL,4.268178817429369,171.36154738001883,5.989124049692634,6.52428037720972,3962326526
GRB231129C,EX1,SBPL,4.411297031880894,175.139617757936,6.1169321178317375,6.6589539595833855,3962326526
GRB231129C,EX1,SBPL,4.559214207243838,179.00610636807036,6.246609655638196,6.797591552327162,3962326526
GRB231129C,EX1,SBPL,4.712091259624634,182.96300641488926,6.381753321205508,6.9319996251762745,3962326526
GRB231129C,EX1,SBPL,4.870094500879713,187.01235390707114,6.515432199933514,7.076645110617932,3962326526
GRB231129C,EX1,SBPL,5.0,190.31211713976538,6.628821461808116,7.198754293774812,3962326526
GRB231129C,EX1,SBPL,5.033395819542804,191.15622852645257,6.658265567231524,7.230360719303491,3962326526
GRB231129C,EX1,SBPL,5.202172867819004,195.3967545204019,6.8061882275238474,7.3830683496072425,3962326526
GRB231129C,EX1,SBPL,5.376609254849018,199.73610161830334,6.954674879505546,7.535475113674522,3962326526
GRB231129C,EX1,SBPL,5.556894746453837,204.17648597279546,7.099907948775069,7.693190346272559,3962326526
GRB231129C,EX1,SBPL,5.743225471577138,208.7201711263746,7.246924870236995,7.859282711406536,3962326526
GRB231129C,EX1,SBPL,5.935804135649998,213.36946900394435,7.402663009160932,8.021402710933188,3962326526
GRB231129C,EX1,SBPL,6.134840241110043,218.1267409318625,7.560314441984644,8.196202464589078,3962326526
GRB231129C,EX1,SBPL,6.340550315314906,222.994398684017,7.721829497950495,8.375406036654226,3962326526
GRB231129C,EX1,SBPL,6.553158146097979,227.97490555544056,7.886350920771804,8.556222218475313,3962326526
GRB231129C,EX1,SBPL,6.7728950252226605,233.07077746395848,8.048246272386677,8.739885718442395,3962326526
GRB231129C,EX1,SBPL,7.0,238.28458408035343,8.21597357502057,8.92533441155416,3962326526
GRB231129C,TR2,SBPL,1.0,72.25734540616286,2.5157836227680974,2.8867483549652633,3962326526
GRB231129C,TR2,SBPL,1.0335314476204913,73.66240625938137,2.5647037625196702,2.94439503525075,3962326526
GRB231129C,TR2,SBPL,1.0681872532205086,75.10165271321803,2.6156235293763785,3.0024289446174492,3962326526
GRB231129C,TR2,SBPL,1.1040051181507486,76.57590348658256,2.6686053172934834,3.0615616092156586,3962326526
GRB231129C,TR2,SBPL,1.1410240079427747,78.08599364555997,2.7225124894244033,3.1223370049869175,3962326526
GRB231129C,TR2,SBPL,1.179284194698831,79.63277506445624,2.7765123070705187,3.185852308948128,3962326526
GRB231129C,TR2,SBPL,1.2188273009030484,81.21711690953703,2.8320804931458667,3.2504655488189655,3962326526
GRB231129C,TR2,SBPL,1.2596963447017038,82.83990614429055,2.8889923083523428,3.3159463928624717,3962326526
GRB231129C,TR2,SBPL,1.3019357867017933,84.50204805485772,2.947515046414054,3.3826643739442233,3962326526
GRB231129C,TR2,SBPL,1.345591578338828,86.2044667941195,3.007850695664402,3.4509799867704203,3962326526
GRB231129C,TR2,SBPL,1.3907112118664706,87.94810594281029,3.069794768628057,3.5209249168605936,3962326526
GRB231129C,TR2,SBPL,1.4373437720224012,89.73392908593763,3.1330379396086556,3.5925362632256252,3962326526
GRB231129C,TR2,SBPL,1.48553998942661,91.56292040274137,3.197602691115634,3.6658518927291084,3962326526
GRB231129C,TR2,SBPL,1.5353522957702137,93.43608526841236,3.263511797766384,3.740910463132053,3962326526
GRB231129C,TR2,SBPL,1.5868348808548336,95.3544508658178,3.3306966657145978,3.8178431199415854,3962326526
GRB231129C,TR2,SBPL,1.6400437515445863,97.31906680554044,3.399343663014662,3.8965272026098887,3962326526
GRB231129C,TR2,SBPL,1.6950367926948178,99.33100575263465,3.469509749817348,3.9769706510127065,3962326526
GRB231129C,TR2,SBPL,1.7518738301238697,101.39136405862705,3.5410582111834543,4.059376309257502,3962326526
GRB231129C,TR2,SBPL,1.8106166956963778,103.50126239744039,3.614041833624597,4.143758785560976,3962326526
GRB231129C,TR2,SBPL,1.8713292945889082,105.66184640409205,3.688513307201916,4.230134086231402,3962326526
GRB231129C,TR2,SBPL,1.9340776748111073,107.87428731520976,3.7644978039953543,4.318547072826419,3962326526
GRB231129C,TR2,SBPL,1.9989300990579977,110.13978261060707,3.842035397304471,4.4090435898586975,3962326526
GRB231129C,TR2,SBPL,2.0,110.17698220239251,3.843322881688394,4.410529242948527,3962326526
GRB231129C,TR2,SBPL,2.0659571189715846,112.45955665537274,3.922268771544722,4.5016704889611106,3962326526
GRB231129C,TR2,SBPL,2.135231651892562,114.83486134213838,4.004519854625613,4.596265154260962,3962326526
GRB231129C,TR2,SBPL,2.2068290601856124,117.26697673339834,4.088887616892464,4.69224177120104,3962326526
GRB231129C,TR2,SBPL,2.2808272332246045,119.7572117039602,4.175689756051469,4.7895076978493165,3962326526
GRB231129C,TR2,SBPL,2.3573066721268656,122.30690458379634,4.2633668870709585,4.890051922596996,3962326526
GRB231129C,TR2,SBPL,2.436350577328722,124.91742380174904,4.351889962075077,4.994124021399415,3962326526
GRB231129C,TR2,SBPL,2.518044939097574,127.59016853070597,4.442734187658132,5.1004997843296,3962326526
GRB231129C,TR2,SBPL,2.6024786310789683,130.32656933501121,4.537387199958502,5.208476630779728,3962326526
GRB231129C,TR2,SBPL,2.6897435069804407,133.1280888210078,4.634623430486442,5.317252358619498,3962326526
GRB231129C,TR2,SBPL,2.779934500497312,135.99622229171618,4.7312317448452745,5.42929515294486,3962326526
GRB231129C,TR2,SBPL,2.8731497285891345,138.93249840674653,4.8300940929255205,5.543176935278552,3962326526
GRB231129C,TR2,SBPL,2.96949059821915,141.93847984861358,4.932645948215793,5.659210661666805,3962326526
GRB231129C,TR2,SBPL,3.0,142.88451295167323,4.964948235683096,5.695757961896277,3962326526
GRB231129C,TR2,SBPL,3.069061916672877,145.01576399667715,5.037501335619879,5.777988943838437,3962326526
GRB231129C,TR2,SBPL,3.1719720055758387,148.1659836099686,5.143906534255905,5.90113109346089,3962326526
GRB231129C,TR2,SBPL,3.2783328187344702,151.39080752018285,5.254002583692511,6.024466303924072,3962326526
GRB231129C,TR2,SBPL,3.3882600639284024,154.69194133612413,5.364050354737202,6.151412446505219,3962326526
GRB231129C,TR2,SBPL,3.501873328786621,158.0711281608837,5.4727568004600755,6.280661925409049,3962326526
GRB231129C,TR2,SBPL,3.6192962108844253,161.53014932301363,5.586681154195787,6.41147204422569,3962326526
GRB231129C,TR2,SBPL,3.7406564522027392,165.07082512293064,5.705229280092965,6.547284827649662,3962326526
GRB231129C,TR2,SBPL,3.866086078096029,168.6950155957503,5.828529283323519,6.686750138481727,3962326526
GRB231129C,TR2,SBPL,3.995721540920016,172.40462129171084,5.953801381462142,6.825147697497442,3962326526
GRB231129C,TR2,SBPL,4.1297038684754455,176.20158407529954,6.081477062868203,6.966628255260417,3962326526
GRB231129C,TR2,SBPL,4.268178817429369,180.08788794414653,6.210157438055802,7.115404215931733,3962326526
GRB231129C,TR2,SBPL,4.411297031880894,184.06555986870052,6.34074609914245,7.2675813860289225,3962326526
GRB231129C,TR2,SBPL,4.559214207243838,188.136670653647,6.477947787398506,7.422508288535141,3962326526
GRB231129C,TR2,SBPL,4.712091259624634,192.3033358219833,6.619446673977791,7.57118329268738,3962326526
GRB231129C,TR2,SBPL,4.870094500879713,196.56771652261077,6.763389377123389,7.722116029602859,3962326526
GRB231129C,TR2,SBPL,5.0,200.0429769150388,6.881286815715896,7.8492543635055085,3962326526
GRB231129C,TR2,SBPL,5.033395819542804,200.93202046225824,6.909601173723928,7.88264737833174,3962326526
GRB231129C,TR2,SBPL,5.202172867819004,205.39850286250598,7.058920422525745,8.054195327634261,3962326526
GRB231129C,TR2,SBPL,5.376609254849018,209.96946744263707,7.213524640991665,8.221000034832088,3962326526
GRB231129C,TR2,SBPL,5.556894746453837,214.64726742900308,7.374056555392798,8.386450646188507,3962326526
GRB231129C,TR2,SBPL,5.743225471577138,219.4343065915574,7.531440792938696,8.560888953820637,3962326526
GRB231129C,TR2,SBPL,5.935804135649998,224.33304030817743,7.694946082008698,8.736604269762296,3962326526
GRB231129C,TR2,SBPL,6.134840241110043,229.34597665736865,7.856599922445753,8.926774448127077,3962326526
GRB231129C,TR2,SBPL,6.340550315314906,234.47567753992186,8.023028477337817,9.121236094646576,3962326526
GRB231129C,TR2,SBPL,6.553158146097979,239.72475983007357,8.19142728895551,9.318291831330868,3962326526
GRB231129C,TR2,SBPL,6.7728950252226605,245.09589655670402,8.366801771340704,9.515132501438302,3962326526
GRB231129C,TR2,SBPL,7.0,250.59181811509654,8.549010773305099,9.713260178245378,3962326526
