{
    "GRB150210935": {
        "0.064_31.36": {
            "BAND": {
                "_status": "SAFE",
                "amp_band": [
                    0.007500805426388979,
                    0.00010801958705997095
                ],
                "e_peak_band": [
                    2901.183349609375,
                    244.2382354736328
                ],
                "index1_band": [
                    -1.050052523612976,
                    0.016097307205200195
                ],
                "index2_band": [
                    -2.992229700088501,
                    0.08021173626184464
                ]
            },
            "BAND_BB": {
                "_status": "SAFE",
                "amp_band": [
                    0.007067326456308365,
                    0.00016517782933078706
                ],
                "e_peak_band": [
                    2314.06396484375,
                    483.5665588378906
                ],
                "index1_band": [
                    -1.1521451473236084,
                    0.02490748092532158
                ],
                "index2_band": [
                    -2.793154239654541,
                    0.10304027795791626
                ],
                "amp_bb": [
                    1.4612919763123955e-09,
                    4.5448003693771e-10
                ],
                "kt_bb": [
                    524.4385375976562,
                    54.83819580078125
                ]
            },
            "BAND_PL": {
                "_status": "SAFE",
                "amp_pl": [
                    0.0009045325568877161,
                    0.00012669696297962219
                ],
                "e_piv_pl": [
                    100.0,
                    0.0
                ],
                "index_pl": [
                    -1.9341118335723877,
                    0.030933110043406487
                ],
                "amp_band": [
                    0.006103860214352608,
                    0.00022877306037116796
                ],
                "e_peak_band": [
                    2546.093017578125,
                    192.52784729003906
                ],
                "index1_band": [
                    -0.8750338554382324,
                    0.03675500676035881
                ],
                "index2_band": [
                    -4.371893882751465,
                    2.860424757003784
                ]
            },
            "CPL": {
                "_status": "SAFE",
                "amp_cpl": [
                    0.007493618875741959,
                    0.00010555949847912416
                ],
                "e_peak_cpl": [
                    2956.127685546875,
                    219.729736328125
                ],
                "index_cpl": [
                    -1.050106406211853,
                    0.015320176258683205
                ],
                "e_piv_cpl": [
                    100.0,
                    0.0
                ]
            },
            "CPL_BB": {
                "_status": "SAFE",
                "amp_cpl": [
                    0.0070067415945231915,
                    0.00014895469939801842
                ],
                "e_peak_cpl": [
                    2687.354248046875,
                    351.7522277832031
                ],
                "index_cpl": [
                    -1.1583571434020996,
                    0.023684434592723846
                ],
                "e_piv_cpl": [
                    100.0,
                    0.0
                ],
                "amp_bb": [
                    1.6352375009631714e-09,
                    5.479071085723319e-10
                ],
                "kt_bb": [
                    493.8748474121094,
                    50.834991455078125
                ]
            },
            "CPL_PL": {
                "_status": "SAFE",
                "amp_pl": [
                    0.0009054955444298685,
                    0.00012588975368998945
                ],
                "e_piv_pl": [
                    100.0,
                    0.0
                ],
                "index_pl": [
                    -1.9338220357894897,
                    0.029652919620275497
                ],
                "amp_cpl": [
                    0.006103343330323696,
                    0.00022818810248281807
                ],
                "e_peak_cpl": [
                    2545.853515625,
                    181.0288543701172
                ],
                "index_cpl": [
                    -0.8746378421783447,
                    0.03613658249378204
                ],
                "e_piv_cpl": [
                    100.0,
                    0.0
                ]
            },
            "PL": {
                "_status": "SAFE",
                "amp_pl": [
                    0.005577415227890015,
                    7.775332778692245e-05
                ],
                "e_piv_pl": [
                    100.0,
                    0.0
                ],
                "index_pl": [
                    -1.7217967510223389,
                    0.011054071597754955
                ]
            },
            "PL_BB": {
                "_status": "SAFE",
                "amp_pl": [
                    0.0027007311582565308,
                    0.00010701522114686668
                ],
                "e_piv_pl": [
                    100.0,
                    0.0
                ],
                "index_pl": [
                    -1.8853566646575928,
                    0.023512177169322968
                ],
                "amp_bb": [
                    1.5068602010614995e-07,
                    1.1429473367741139e-08
                ],
                "kt_bb": [
                    161.50436401367188,
                    3.890056610107422
                ]
            },
            "SBPL": {
                "_status": "SAFE",
                "amp_sbpl": [
                    0.007083716336637735,
                    9.42300830502063e-05
                ],
                "e_piv_sbpl": [
                    100.0,
                    0.0
                ],
                "index1_sbpl": [
                    -1.108613133430481,
                    0.013076749630272388
                ],
                "e_break_sbpl": [
                    2407.712890625,
                    234.73841857910156
                ],
                "delta_sbpl": [
                    0.30000001192092896,
                    0.0
                ],
                "index2_sbpl": [
                    -3.0021419525146484,
                    0.0753738135099411
                ]
            },
            "SBPL_PL": {
                "_status": "SAFE",
                "amp_pl": [
                    0.0005852023605257273,
                    0.00015034126408863813
                ],
                "e_piv_pl": [
                    100.0,
                    0.0
                ],
                "index_pl": [
                    -1.8829258680343628,
                    0.039753422141075134
                ],
                "amp_sbpl": [
                    0.006213206332176924,
                    0.0002565848990343511
                ],
                "e_piv_sbpl": [
                    100.0,
                    0.0
                ],
                "index1_sbpl": [
                    -1.0369333028793335,
                    0.029680045321583748
                ],
                "e_break_sbpl": [
                    3500.31982421875,
                    825.9411010742188
                ],
                "delta_sbpl": [
                    0.30000001192092896,
                    0.0
                ],
                "index2_sbpl": [
                    -4.870996475219727,
                    1.3850278854370117
                ]
            },
            "BAND_PL_BB": {
                "_status": "UNSAFE",