GRBName,Model,EpisodeName,E_i_peak__1e+03_keV,E_i_peak_err_lower__1e+03_keV,E_i_peak_err_upper__1e+03_keV,E_0_iso__1e+52_erg,E_0_iso_err_lower__1e+52_erg,E_0_iso_err_upper__1e+52_erg
GRB080916C,SBPL_BB,T90,5.405383381307529,0.8774465192877405,0.8039717561519428,380.64993502370936,17.73510309335405,12.008632969611272
GRB080916C,BAND_BB,EX0,7.0655600662332585,1.3297600655235091,1.3081631962126048,88.79012771240204,6.989516078241983,4.511795513582304
GRB080916C,BAND_BB,TR1,7.161696430551654,1.3151574420264478,1.2794362054217872,74.98115629334312,5.904495651009388,4.050372172908385
GRB080916C,BAND,TR2,4.757814731904634,0.696040780211044,0.6862432238313777,96.20921371601602,5.072852091089878,3.8321232700092116
GRB080916C,SBPL,TR3,2.2530304148831575,0.1136594592428396,0.11520174046193825,179.66403332920345,4.143794246607318,4.186943701960532
GRB080916C,SBPL,TR4,1.2609698130674274,0.2041857123931336,0.20909426008250898,10.327193997401613,0.8210220870428855,0.8978326076760373
GRB080916C,SBPL,EX1,1.4142798189957522,0.3231204683381907,0.3094217085925802,13.422742353529816,0.9244697053527225,0.9881600643045825
GRB080916C,SBPL,TR5,1.3725662752817327,0.37554460300804293,0.3382710078048585,8.737896682861914,0.8227547166040369,0.8627913620006255
