GRBName,Model,EpisodeName,E_i_peak__keV,E_i_peak_err_lower__keV,E_i_peak_err_upper__keV,E_0_iso__1e52_erg,E_0_iso_err_lower__1e52_erg,E_0_iso_err_upper__1e52_erg
GRB080916C,SBPL_BB,T90,5.404714119670025,0.8773315555049549,0.7953838739686625,380.5599183195095,17.796185234140054,12.176825460716598
GRB080916C,BAND_BB,EX0,7.0123225758051175,1.3276020728253544,1.333417786927099,88.60010339648363,7.1326408493973945,4.70795261565908
GRB080916C,BAND_BB,TR1,7.151576345467685,1.3509860429890468,1.3187015723030782,74.9294446837437,6.041984440867948,4.067481730403009
GRB080916C,BAND,TR2,4.727507093310371,0.6796711826698866,0.6950081578671061,96.15782480343208,5.074065546151642,3.8228859266228787
GRB080916C,SBPL,TR3,2.2523769660620436,0.12013841555163982,0.11638654835362967,179.65860972336952,4.467402031259879,4.15580830240262
GRB080916C,SBPL,TR4,,,,10.372722398663154,0.8462369059294309,0.9123713845975618
GRB080916C,SBPL,EX1,1.4260068611149592,0.3123488101911605,0.2812592156007656,13.375411139171884,0.9868816484080162,1.0071635355087922
GRB080916C,SBPL,TR5,1.367149617028812,0.36341416462428683,0.3245154553756411,8.662347697396912,0.7800669759801361,0.8399403701227871
