GRBName,Model,EpisodeName,E_i_peak__keV,E_i_peak_err_lower__keV,E_i_peak_err_upper__keV,E_0_iso__1e52_erg,E_0_iso_err_lower__1e52_erg,E_0_iso_err_upper__1e52_erg
GRB080916C,SBPL_BB,T90,5.404714119670029,0.8773315555049612,0.7953838739686635,380.55991831955066,17.796185234881392,12.176825462062212
GRB080916C,BAND_BB,EX0,7.0123225758051175,1.3276020728253544,1.333417786927099,88.60010339657987,7.13264084956119,4.707952615834376
GRB080916C,BAND_BB,TR1,7.151576345467685,1.3509860429890468,1.3187015723030782,74.92944468369913,6.041984440761831,4.067481730447101
GRB080916C,BAND,TR2,4.727507093310371,0.6796711826698866,0.6950081578671061,96.15782480333907,5.074065546116372,3.8228859267277198
GRB080916C,SBPL,TR3,2.2523769660620436,0.12013841555163982,0.11638654835362967,179.65860972335958,4.467402031260559,4.155808302389042
GRB080916C,SBPL,TR4,,,,10.3727223986513,0.8462369059455507,0.912371384570688
GRB080916C,SBPL,EX1,1.423532848261354,0.3352917591022133,0.3103597452931408,13.456568514837805,0.9554240044941362,1.0010836740813334
GRB080916C,SBPL,TR5,1.3717830781669735,0.3736934074763217,0.33101595390891314,8.732114776111047,0.8049240327071137,0.8403059384781301
