t,y_data,y_fit,residual
2.95,0.0,0.0,0.0
2.9544998009278283,0.0,0.0,0.0
2.9589996018556564,0.0,0.0,0.0
2.963499402783484,0.0,0.0,0.0
2.967999203711312,0.0,0.0,0.0
2.97249900463914,0.0,0.0,0.0
2.9769988055669683,0.0,0.0,0.0
2.9814986064947964,0.0,0.0,0.0
2.985998407422624,0.0,0.0,0.0
2.990498208350452,0.0,0.0,0.0
2.99499800927828,0.0,0.0,0.0
2.9994978102061083,0.0,0.0,0.0
3.0039976111339364,0.0,0.0,0.0
3.0084974120617645,0.0,0.0,0.0
3.012997212989592,0.0,0.0,0.0
3.01749701391742,0.0,0.0,0.0
3.0219968148452483,0.0,0.0,0.0
3.0264966157730764,0.0,0.0,0.0
3.0309964167009045,0.0,0.0,0.0
3.035496217628732,0.0,0.0,0.0
3.03999601855656,0.0,0.0,0.0
3.0444958194843883,0.0,0.0,0.0
3.0489956204122164,0.0,0.0,0.0
3.0534954213400445,0.0,0.0,0.0
3.0579952222678726,0.0,0.0,0.0
3.0624950231957,0.0,0.0,0.0
3.0669948241235283,0.0,0.0,0.0
3.0714946250513564,0.0,0.0,0.0
3.0759944259791845,0.0,0.0,0.0
3.0804942269070126,0.0,0.0,0.0
3.0849940278348402,0.0,0.0,0.0
3.0894938287626683,0.0,0.0,0.0
3.0939936296904964,0.0,0.0,0.0
3.0984934306183245,0.0,0.0,0.0
3.1029932315461526,0.0,0.0,0.0
3.1074930324739802,0.0,0.0,0.0
3.1119928334018083,7.7e-321,7.7e-321,0.0
3.1164926343296364,5.060008647964656e-308,5.060008647964656e-308,0.0
3.1209924352574645,3.700889069043463e-296,3.700889069043463e-296,0.0
3.1254922361852926,3.813472524946891e-285,3.813472524946891e-285,0.0
3.1299920371131202,6.785534564989711e-275,6.785534564989711e-275,0.0
3.1344918380409483,2.4868885586757355e-265,2.4868885586757355e-265,0.0
3.1389916389687764,2.1886832881794878e-256,2.1886832881794878e-256,0.0
3.1434914398966045,5.289925326677899e-248,5.289925326677899e-248,0.0
3.1479912408244326,3.9505081308614334e-240,3.9505081308614334e-240,0.0
3.1524910417522607,1.0114559372862423e-232,1.0114559372862423e-232,0.0
3.1569908426800883,9.734382692394e-226,9.734382692394e-226,0.0
3.1614906436079164,3.8217165084381976e-219,3.8217165084381976e-219,0.0
3.1659904445357445,6.583647144396132e-213,6.583647144396132e-213,0.0
3.1704902454635726,5.312006877953661e-207,5.312006877953661e-207,0.0
3.1749900463914007,2.1283699925135036e-201,2.1283699925135036e-201,0.0
3.1794898473192283,4.4637113547095575e-196,4.4637113547095575e-196,0.0
3.1839896482470564,5.138458923423174e-191,5.138458923423174e-191,0.0
3.1884894491748845,3.3893395205170754e-186,3.3893395205170754e-186,0.0
3.1929892501027126,1.331864818832832e-181,1.331864818832832e-181,0.0
3.1974890510305407,3.230306448979863e-177,3.230306448979863e-177,0.0
3.201988851958369,4.994261842525171e-173,4.994261842525171e-173,0.0
3.2064886528861964,5.069061582889702e-169,5.069061582889702e-169,0.0
3.2109884538140245,3.4698166354470547e-165,3.4698166354470547e-165,0.0
3.2154882547418526,1.6418195774381782e-161,1.6418195774381782e-161,0.0
3.2199880556696807,5.493190467175189e-158,5.493190467175189e-158,0.0
3.2244878565975084,1.326953156416585e-154,1.326953156416585e-154,0.0
3.2289876575253365,2.3591640782714405e-151,2.3591640782714405e-151,0.0
3.2334874584531645,3.1421674501068055e-148,3.1421674501068055e-148,0.0
3.2379872593809926,3.1870142016512946e-145,3.1870142016512946e-145,0.0
3.2424870603088207,2.499245500404279e-142,2.499245500404279e-142,0.0
3.246986861236649,1.536776912917668e-139,1.536776912917668e-139,0.0
3.251486662164477,7.506878715089751e-137,7.506878715089751e-137,0.0
3.2559864630923046,2.948666504879949e-134,2.948666504879949e-134,0.0
3.2604862640201326,9.419251692964246e-132,9.419251692964246e-132,0.0
3.2649860649479607,2.472891963039886e-129,2.472891963039886e-129,0.0
3.269485865875789,5.388401136543662e-127,5.388401136543662e-127,0.0
3.2739856668036165,9.834864580735783e-125,9.834864580735783e-125,0.0
3.2784854677314446,1.5165630188860367e-122,1.5165630188860367e-122,0.0
3.2829852686592726,1.991722514140309e-120,1.991722514140309e-120,0.0
3.2874850695871007,2.2446441731638374e-118,2.2446441731638374e-118,0.0
3.291984870514929,2.186193827063662e-116,2.186193827063662e-116,0.0
3.296484671442757,1.8524136963078567e-114,1.8524136963078567e-114,0.0
3.3009844723705846,1.3740691004782338e-112,1.3740691004782338e-112,0.0
3.3054842732984127,8.975397383694124e-111,8.975397383694124e-111,0.0
3.3099840742262407,5.191326195357718e-109,5.191326195357718e-109,0.0
3.314483875154069,2.6726975823899224e-107,2.6726975823899224e-107,0.0
3.318983676081897,1.2308570104104187e-105,1.2308570104104187e-105,0.0
3.3234834770097246,5.094153610463938e-104,5.094153610463938e-104,0.0
3.3279832779375527,1.9030605889009353e-102,1.9030605889009353e-102,0.0
3.3324830788653808,6.443998982699351e-101,6.443998982699351e-101,0.0
3.336982879793209,1.9855930007497287e-99,1.9855930007497287e-99,0.0
3.341482680721037,5.588258209774415e-98,5.588258209774415e-98,0.0
3.345982481648865,1.4416154996493082e-96,1.4416154996493082e-96,0.0
3.3504822825766927,3.420311082753862e-95,3.420311082753862e-95,0.0
3.3549820835045208,7.486995124725275e-94,7.486995124725275e-94,0.0
3.359481884432349,1.5166614097527636e-92,1.5166614097527636e-92,0.0
3.363981685360177,2.8513943517865693e-91,2.8513943517865693e-91,0.0
3.3684814862880046,4.988855585681891e-90,4.988855585681891e-90,0.0
3.3729812872158327,8.144224055726957e-89,8.144224055726957e-89,0.0
3.3774810881436608,1.2435975946547645e-87,1.2435975946547645e-87,0.0
3.381980889071489,1.7803973800899975e-86,1.7803973800899975e-86,0.0
3.386480689999317,2.39518302128819e-85,2.39518302128819e-85,0.0
3.390980490927145,3.034435469485696e-84,3.034435469485696e-84,0.0
3.395480291854973,3.6276456547454516e-83,3.6276456547454516e-83,0.0
3.3999800927828008,4.1004338101149104e-82,4.1004338101149104e-82,0.0
3.404479893710629,4.390410763804257e-81,4.390410763804257e-81,0.0
3.408979694638457,4.460952082635012e-80,4.460952082635012e-80,0.0
3.413479495566285,4.3086365612876786e-79,4.3086365612876786e-79,0.0
3.4179792964941127,3.9623508046741207e-78,3.9623508046741207e-78,0.0
3.422479097421941,3.474940006918589e-77,3.474940006918589e-77,0.0
3.426978898349769,2.9105489564718594e-76,2.9105489564718594e-76,0.0
3.431478699277597,2.3316341311689194e-75,2.3316341311689194e-75,0.0
3.435978500205425,1.788968508153973e-74,1.788968508153973e-74,0.0
3.440478301133253,1.3163646437891709e-73,1.3163646437891709e-73,0.0
3.444978102061081,9.301053337029921e-73,9.301053337029921e-73,0.0
3.449477902988909,6.318290517630671e-72,6.318290517630671e-72,0.0
3.453977703916737,4.131299852621817e-71,4.131299852621817e-71,0.0
3.458477504844565,2.6030451743231707e-70,2.6030451743231707e-70,0.0
3.4629773057723927,1.5821722580883296e-69,1.5821722580883296e-69,0.0
3.467477106700221,9.286542349604454e-69,9.286542349604454e-69,0.0
3.471976907628049,5.268857837023473e-68,5.268857837023473e-68,0.0
3.476476708555877,2.8924018122159703e-67,2.8924018122159703e-67,0.0
3.480976509483705,1.5377381858952657e-66,1.5377381858952657e-66,0.0
3.485476310411533,7.924553914987505e-66,7.924553914987505e-66,0.0
3.4899761113393613,3.961947398289589e-65,3.961947398289589e-65,0.0
3.494475912267189,1.9232833646205072e-64,1.9232833646205072e-64,0.0
3.498975713195017,9.072454731290716e-64,9.072454731290716e-64,0.0
3.503475514122845,4.161857493626926e-63,4.161857493626926e-63,0.0
3.507975315050673,1.8580291661249078e-62,1.8580291661249078e-62,0.0
3.512475115978501,8.07851485802259e-62,8.07851485802259e-62,0.0
3.516974916906329,3.4231359138110094e-61,3.4231359138110094e-61,0.0
3.521474717834157,1.4145553748087715e-60,1.4145553748087715e-60,0.0
3.525974518761985,5.704251049424397e-60,5.704251049424397e-60,0.0
3.530474319689813,2.2461065733330695e-59,2.2461065733330695e-59,0.0
3.5349741206176413,8.641243219855043e-59,8.641243219855043e-59,0.0
3.5394739215454694,3.250039378273005e-58,3.250039378273005e-58,0.0
3.543973722473297,1.1956706555247816e-57,1.1956706555247816e-57,0.0
3.548473523401125,4.3050786933100703e-57,4.3050786933100703e-57,0.0
3.552973324328953,1.5178383910023683e-56,1.5178383910023683e-56,0.0
3.5574731252567813,5.242830950985174e-56,5.242830950985174e-56,0.0
3.561972926184609,1.7750718960680274e-55,1.7750718960680274e-55,0.0
3.566472727112437,5.893630539486944e-55,5.893630539486944e-55,0.0
3.570972528040265,1.919849997256115e-54,1.919849997256115e-54,0.0
3.575472328968093,6.138516264269345e-54,6.138516264269345e-54,0.0
3.5799721298959213,1.9273452138246028e-53,1.9273452138246028e-53,0.0
3.5844719308237494,5.944811092494172e-53,5.944811092494172e-53,0.0
3.5889717317515775,1.8020877987422557e-52,1.8020877987422557e-52,0.0
3.593471532679405,5.370870687042608e-52,5.370870687042608e-52,0.0
3.597971333607233,1.5743840055914138e-51,1.5743840055914138e-51,0.0
3.6024711345350613,4.5408301316612e-51,4.5408301316612e-51,0.0
3.606970935462889,1.2890657235992945e-50,1.2890657235992945e-50,0.0
3.611470736390717,3.6031478147192424e-50,3.6031478147192424e-50,0.0
3.615970537318545,9.919821648940357e-50,9.919821648940357e-50,0.0
3.620470338246373,2.690814063574743e-49,2.690814063574743e-49,0.0
3.6249701391742013,7.193838777136579e-49,7.193838777136579e-49,0.0
3.6294699401020294,1.896138545856005e-48,1.896138545856005e-48,0.0
3.6339697410298575,4.928821821112063e-48,4.928821821112063e-48,0.0
3.638469541957685,1.2638847782589895e-47,1.2638847782589895e-47,0.0
3.642969342885513,3.1980644875167975e-47,3.1980644875167975e-47,0.0
3.6474691438133413,7.987353865185273e-47,7.987353865185273e-47,0.0
3.6519689447411694,1.9695721121122938e-46,1.9695721121122938e-46,0.0
3.656468745668997,4.79632011231396e-46,4.79632011231396e-46,0.0
3.660968546596825,1.1537791969558449e-45,1.1537791969558449e-45,0.0
3.6654683475246532,2.7423537192793122e-45,2.7423537192793122e-45,0.0
3.6699681484524813,6.441922790053443e-45,6.441922790053443e-45,0.0
3.6744679493803094,1.4958949203097967e-44,1.4958949203097967e-44,0.0
3.6789677503081375,3.4346281687839683e-44,3.4346281687839683e-44,0.0
3.6834675512359656,7.799169406057727e-44,7.799169406057727e-44,0.0
3.6879673521637932,1.7518678770309846e-43,1.7518678770309846e-43,0.0
3.6924671530916213,3.893414514381455e-43,3.893414514381455e-43,0.0
3.6969669540194494,8.562997003512379e-43,8.562997003512379e-43,0.0
3.7014667549472775,1.8641207996052252e-42,1.8641207996052252e-42,0.0
3.705966555875105,4.017542290952487e-42,4.017542290952487e-42,0.0
3.7104663568029332,8.573692140983668e-42,8.573692140983668e-42,0.0
3.7149661577307613,1.8120790038619725e-41,1.8120790038619725e-41,0.0
3.7194659586585894,3.7937347073921336e-41,3.7937347073921336e-41,0.0
3.7239657595864175,7.868902893621062e-41,7.868902893621062e-41,0.0
3.7284655605142456,1.6173116963496769e-40,1.6173116963496769e-40,0.0
3.7329653614420737,3.2944176576589355e-40,3.2944176576589355e-40,0.0
3.7374651623699013,6.6518165965094056e-40,6.6518165965094056e-40,0.0
3.7419649632977294,1.3315212975070234e-39,1.3315212975070234e-39,0.0
3.7464647642255575,2.6428352727840294e-39,2.6428352727840294e-39,0.0
3.750964565153385,5.202025246186566e-39,5.202025246186566e-39,0.0
3.7554643660812133,1.0155934222965844e-38,1.0155934222965844e-38,0.0
3.7599641670090413,1.9668693520671624e-38,1.9668693520671624e-38,0.0
3.7644639679368694,3.779209930638406e-38,3.779209930638406e-38,0.0
3.7689637688646975,7.205375330999927e-38,7.205375330999927e-38,0.0
3.7734635697925256,1.3633303484531716e-37,1.3633303484531716e-37,0.0
3.7779633707203537,2.5603064743501535e-37,2.5603064743501535e-37,0.0
3.7824631716481814,4.772932555670816e-37,4.772932555670816e-37,0.0
3.7869629725760094,8.83356443507465e-37,8.83356443507465e-37,0.0
3.7914627735038375,1.6232955854909294e-36,1.6232955854909294e-36,0.0
3.7959625744316656,2.96225585450125e-36,2.96225585450125e-36,0.0
3.8004623753594933,5.368612642838717e-36,5.368612642838717e-36,0.0
3.8049621762873214,9.664206125781428e-36,9.664206125781428e-36,0.0
3.8094619772151495,1.7281596613727057e-35,1.7281596613727057e-35,0.0
3.8139617781429775,3.070173923085112e-35,3.070173923085112e-35,0.0
3.8184615790708056,5.419389275696645e-35,5.419389275696645e-35,0.0
3.8229613799986337,9.505867680748059e-35,9.505867680748059e-35,0.0
3.827461180926462,1.657036322048883e-34,1.657036322048883e-34,0.0
3.8319609818542895,2.870879518486273e-34,2.870879518486273e-34,0.0
3.8364607827821176,4.944056973400546e-34,4.944056973400546e-34,0.0
3.8409605837099456,8.46407485497368e-34,8.46407485497368e-34,0.0
3.8454603846377737,1.4406023794572527e-33,1.4406023794572527e-33,0.0
3.8499601855656014,2.4379094346511722e-33,2.4379094346511722e-33,0.0
3.8544599864934295,4.102411058396979e-33,4.102411058396979e-33,0.0
3.8589597874212576,6.8651096639708e-33,6.8651096639708e-33,0.0
3.8634595883490856,1.1425631486984994e-32,1.1425631486984994e-32,0.0
3.8679593892769137,1.8913605311763367e-32,1.8913605311763367e-32,0.0
3.872459190204742,3.1143397746008293e-32,3.1143397746008293e-32,0.0
3.87695899113257,5.101415133837849e-32,5.101415133837849e-32,0.0
3.8814587920603976,8.313483940745675e-32,8.313483940745675e-32,0.0
3.8859585929882257,1.3479605857628923e-31,1.3479605857628923e-31,0.0
3.8904583939160537,2.1747352123274666e-31,2.1747352123274666e-31,0.0
3.8949581948438814,3.4914296529650296e-31,3.4914296529650296e-31,0.0
3.8994579957717095,5.57827505470323e-31,5.57827505470323e-31,0.0
3.9039577966995376,8.870082052279867e-31,8.870082052279867e-31,0.0
3.9084575976273657,1.4038385920259817e-30,1.4038385920259817e-30,0.0
3.9129573985551938,2.2115597727579398e-30,2.2115597727579398e-30,0.0
3.917457199483022,3.468180540075266e-30,3.468180540075266e-30,0.0
3.92195700041085,5.414460534199529e-30,5.414460534199529e-30,0.0
3.9264568013386776,8.415648240653462e-30,8.415648240653462e-30,0.0
3.9309566022665057,1.3023469585424858e-29,1.3023469585424858e-29,0.0
3.9354564031943338,2.0067805855697834e-29,2.0067805855697834e-29,0.0
3.939956204122162,3.079171969360277e-29,3.079171969360277e-29,0.0
3.9444560050499895,4.7049514763307034e-29,4.7049514763307034e-29,0.0
3.9489558059778176,7.159608782723558e-29,7.159608782723558e-29,0.0
3.9534556069056457,1.0850797947313918e-28,1.0850797947313918e-28,0.0
3.9579554078334738,1.637936755355997e-28,1.637936755355997e-28,0.0
3.962455208761302,2.4627482008626015e-28,2.4627482008626015e-28,0.0
3.96695500968913,3.6885377359359382e-28,3.6885377359359382e-28,0.0
3.971454810616958,5.503300856909662e-28,5.503300856909662e-28,0.0
3.9759546115447857,8.179939992493886e-28,8.179939992493886e-28,0.0
3.980454412472614,1.2113159260351662e-27,1.2113159260351662e-27,0.0
3.984954213400442,1.787176236603723e-27,1.787176236603723e-27,0.0
3.9894540143282695,2.627252250204534e-27,2.627252250204534e-27,0.0
3.9939538152560976,3.848415900116293e-27,3.848415900116293e-27,0.0
3.9984536161839257,5.617318861178585e-27,5.617318861178585e-27,0.0
4.002953417111754,8.170782272148604e-27,8.170782272148604e-27,0.0
4.007453218039582,1.1844205956494612e-26,1.1844205956494612e-26,0.0
4.01195301896741,1.7111020886981193e-26,1.7111020886981193e-26,0.0
4.016452819895238,2.4637299576112037e-26,2.4637299576112037e-26,0.0
4.020952620823066,3.5357105844349564e-26,3.5357105844349564e-26,0.0
4.025452421750893,5.057613135498838e-26,5.057613135498838e-26,0.0
4.029952222678721,7.211379318828043e-26,7.211379318828043e-26,0.0
4.0344520236065495,1.0249746612954485e-25,1.0249746612954485e-25,0.0
4.038951824534378,1.4522717113531081e-25,1.4522717113531081e-25,0.0
4.043451625462206,2.0513519627080925e-25,2.0513519627080925e-25,0.0
4.047951426390034,2.888732532163797e-25,2.888732532163797e-25,0.0
4.052451227317862,4.0557047221519482e-25,4.0557047221519482e-25,0.0
4.05695102824569,5.677195857719351e-25,5.677195857719351e-25,0.0
4.061450829173518,7.923670423324658e-25,7.923670423324658e-25,0.0
4.065950630101346,1.1027068021458977e-24,1.1027068021458977e-24,0.0
4.070450431029174,1.5302088305790075e-24,1.5302088305790075e-24,0.0
4.074950231957002,2.117453900274455e-24,2.117453900274455e-24,0.0
4.07945003288483,2.9218988890811783e-24,2.9218988890811783e-24,0.0
4.0839498338126585,4.02086467229998e-24,4.02086467229998e-24,0.0
4.088449634740486,5.518126202179063e-24,5.518126202179063e-24,0.0
4.092949435668314,7.552596803916384e-24,7.552596803916384e-24,0.0
4.097449236596142,1.0309742841794633e-23,1.0309742841794633e-23,0.0
4.10194903752397,1.4036549192648878e-23,1.4036549192648878e-23,0.0
4.106448838451798,1.906109101794436e-23,1.906109101794436e-23,0.0
4.110948639379626,2.5818066410678018e-23,2.5818066410678018e-23,0.0
4.115448440307454,3.488202414034479e-23,3.488202414034479e-23,0.0
4.1199482412352815,4.70105014891089e-23,4.70105014891089e-23,0.0
4.12444804216311,6.319989457839768e-23,6.319989457839768e-23,0.0
4.128947843090938,8.475764921371637e-23,8.475764921371637e-23,0.0
4.133447644018766,1.133953231436278e-22,1.133953231436278e-22,0.0
4.137947444946594,1.5134827882416564e-22,1.5134827882416564e-22,0.0
4.142447245874422,2.0152927843999474e-22,2.0152927843999474e-22,0.0
4.14694704680225,2.677251426256046e-22,2.677251426256046e-22,0.0
4.151446847730078,3.5484798990991788e-22,3.5484798990991788e-22,0.0
4.155946648657906,4.692555039461149e-22,4.692555039461149e-22,0.0
4.160446449585734,6.191583124646792e-22,6.191583124646792e-22,0.0
4.164946250513562,8.151370666786405e-22,8.151370666786405e-22,0.0
4.1694460514413905,1.070797378167686e-21,1.070797378167686e-21,0.0
4.173945852369219,1.4035976390969413e-21,1.4035976390969413e-21,0.0
4.178445653297047,1.8358932076455103e-21,1.8358932076455103e-21,0.0
4.182945454224874,2.3962508297298453e-21,2.3962508297298453e-21,0.0
4.187445255152702,3.121099907322934e-21,3.121099907322934e-21,0.0
4.19194505608053,4.056802814036515e-21,4.056802814036515e-21,0.0
4.196444857008358,5.2622455015590715e-21,5.2622455015590715e-21,0.0
4.200944657936186,6.812072856357686e-21,6.812072856357686e-21,0.0
4.205444458864014,8.800721515974e-21,8.800721515974e-21,0.0
4.209944259791842,1.1347437165976582e-20,1.1347437165976582e-20,0.0
4.2144440607196705,1.4602504936364854e-20,1.4602504936364854e-20,0.0
4.218943861647498,1.875497185553139e-20,1.875497185553139e-20,0.0
4.223443662575326,2.4042201128440785e-20,2.4042201128440785e-20,0.0
4.227943463503154,3.0761671330396664e-20,3.0761671330396664e-20,0.0
4.232443264430982,3.928552186977366e-20,3.928552186977366e-20,0.0
4.23694306535881,5.0078452130886476e-20,5.0078452130886476e-20,0.0
4.241442866286638,6.371970893130656e-20,6.371970893130656e-20,0.0
4.245942667214466,8.093004928137171e-20,8.093004928137171e-20,0.0
4.250442468142294,1.0260474757526243e-19,1.0260474757526243e-19,0.0
4.254942269070122,1.2985393373589545e-19,1.2985393373589545e-19,0.0
4.2594420699979505,1.6405180787683173e-19,1.6405180787683173e-19,0.0
4.263941870925779,2.0689658521146416e-19,2.0689658521146416e-19,0.0
4.268441671853607,2.6048339096151415e-19,2.6048339096151415e-19,0.0
4.272941472781435,3.273927590646062e-19,3.273927590646062e-19,0.0
4.277441273709262,4.107979023895623e-19,4.107979023895623e-19,0.0
4.28194107463709,5.145945296869353e-19,5.145945296869353e-19,0.0
4.286440875564918,6.435577015790066e-19,6.435577015790066e-19,0.0
4.290940676492746,8.035310630007428e-19,8.035310630007428e-19,0.0
4.295440477420574,1.001654784000825e-18,1.001654784000825e-18,0.0
4.299940278348402,1.2466397093698741e-18,1.2466397093698741e-18,0.0
4.3044400792762305,1.5490965886243635e-18,1.5490965886243635e-18,0.0
4.308939880204059,1.921930864190593e-18,1.921930864190593e-18,0.0
4.313439681131886,2.3808153748601945e-18,2.3808153748601945e-18,0.0
4.317939482059714,2.9447555269604786e-18,2.9447555269604786e-18,0.0
4.322439282987542,3.636764046765739e-18,3.636764046765739e-18,0.0
4.32693908391537,4.484665411230637e-18,4.484665411230637e-18,0.0
4.331438884843198,5.522053525028826e-18,5.522053525028826e-18,0.0
4.335938685771026,6.789430244233611e-18,6.789430244233611e-18,0.0
4.340438486698854,8.335557025253642e-18,8.335557025253642e-18,0.0
4.344938287626682,1.021905739804442e-17,1.021905739804442e-17,0.0
4.3494380885545105,1.2510314234558105e-17,1.2510314234558105e-17,0.0
4.353937889482339,1.5293713031132444e-17,1.5293713031132444e-17,0.0
4.358437690410167,1.8670290787988296e-17,1.8670290787988296e-17,0.0
4.362937491337995,2.276085970988107e-17,2.276085970988107e-17,0.0
4.367437292265823,2.7709686049866607e-17,2.7709686049866607e-17,0.0
4.371937093193651,3.368881717721797e-17,3.368881717721797e-17,0.0
4.376436894121478,4.09031646011393e-17,4.09031646011393e-17,0.0
4.380936695049306,4.9596467483712354e-17,4.9596467483712354e-17,0.0
4.385436495977134,6.00582804207745e-17,6.00582804207745e-17,0.0
4.3899362969049625,7.263215128695805e-17,7.263215128695805e-17,0.0
4.3944360978327905,8.772518009991533e-17,8.772518009991533e-17,0.0
4.398935898760619,1.058191785730433e-16,1.058191785730433e-16,0.0
4.403435699688447,1.2748368275971747e-16,1.2748368275971747e-16,0.0
4.407935500616274,1.5339110846437433e-16,1.5339110846437433e-16,0.0
4.412435301544102,1.8433438148722073e-16,1.8433438148722073e-16,0.0
4.41693510247193,2.2124742292784782e-16,2.2124742292784782e-16,0.0
4.421434903399758,2.652289244216563e-16,2.652289244216563e-16,0.0
4.425934704327586,3.1756991012658853e-16,3.1756991012658853e-16,0.0
4.430434505255414,3.7978565241268734e-16,3.7978565241268734e-16,0.0
4.4349343061832425,4.536525875291282e-16,4.536525875291282e-16,0.0
4.439434107111071,5.412509671389308e-16,5.412509671389308e-16,0.0
4.443933908038899,6.45014082746829e-16,6.45014082746829e-16,0.0
4.448433708966727,7.67785014060311e-16,7.67785014060311e-16,0.0
4.452933509894555,9.128819807216576e-16,9.128819807216576e-16,0.0
4.457433310822383,1.0841735212929298e-15,1.0841735212929298e-15,0.0
4.461933111750211,1.2861648857039042e-15,1.2861648857039042e-15,0.0
4.466432912678039,1.5240972096104498e-15,1.5240972096104498e-15,0.0
4.470932713605866,1.8040612434928116e-15,1.8040612434928116e-15,0.0
4.475432514533694,2.1331276383088996e-15,2.1331276383088996e-15,0.0
4.4799323154615225,2.5194960458107864e-15,2.5194960458107864e-15,0.0
4.484432116389351,2.972665578210411e-15,2.972665578210411e-15,0.0
4.488931917317179,3.50362949200015e-15,3.50362949200015e-15,0.0
4.493431718245007,4.125097317980539e-15,4.125097317980539e-15,0.0
4.497931519172835,4.851748057837915e-15,4.851748057837915e-15,0.0
4.502431320100663,5.700518511243375e-15,5.700518511243375e-15,0.0
4.50693112102849,6.690931291103033e-15,6.690931291103033e-15,0.0
4.511430921956318,7.845467633407366e-15,7.845467633407366e-15,0.0
4.515930722884146,9.189990717692486e-15,9.189990717692486e-15,0.0
4.520430523811974,1.0754225890558859e-14,1.0754225890558859e-14,0.0
4.5249303247398025,1.257230493460998e-14,1.257230493460998e-14,0.0
4.529430125667631,1.4683382355842473e-14,1.4683382355842473e-14,0.0
4.533929926595459,1.7132332581779647e-14,1.7132332581779647e-14,0.0
4.538429727523287,1.9970537979055017e-14,1.9970537979055017e-14,0.0
4.542929528451115,2.3256778721987153e-14,2.3256778721987153e-14,0.0
4.547429329378943,2.705823678300744e-14,2.705823678300744e-14,0.0
4.551929130306771,3.145162768250027e-14,3.145162768250027e-14,0.0
4.556428931234599,3.6524475141496435e-14,3.6524475141496435e-14,0.0
4.560928732162427,4.237654543847135e-14,4.237654543847135e-14,0.0
4.565428533090254,4.912146009504663e-14,4.912146009504663e-14,0.0
4.5699283340180825,5.688850751955744e-14,5.688850751955744e-14,0.0
4.574428134945911,6.582467643824332e-14,6.582467643824332e-14,0.0
4.578927935873739,7.609693635868488e-14,7.609693635868488e-14,0.0
4.583427736801567,8.78947929574939e-14,8.78947929574939e-14,0.0
4.587927537729395,1.0143314918440517e-13,1.0143314918440517e-13,0.0
4.592427338657223,1.169555060492721e-13,1.169555060492721e-13,0.0
4.596927139585051,1.347375405302352e-13,1.347375405302352e-13,0.0
4.601426940512878,1.5509110183539047e-13,1.5509110183539047e-13,0.0
4.605926741440706,1.7836867139328813e-13,1.7836867139328813e-13,0.0
4.610426542368534,2.0496833646801485e-13,2.0496833646801485e-13,0.0
4.6149263432963625,2.353393322233904e-13,2.353393322233904e-13,0.0
4.619426144224191,2.699882124301048e-13,2.699882124301048e-13,0.0
4.623925945152019,3.0948571485505245e-13,3.0948571485505245e-13,0.0
4.628425746079847,3.544743937306042e-13,3.544743937306042e-13,0.0
4.632925547007675,4.0567709861316636e-13,4.0567709861316636e-13,0.0
4.637425347935503,4.639063864477637e-13,4.639063864477637e-13,0.0
4.641925148863331,5.300749618035791e-13,5.300749618035791e-13,0.0
4.646424949791159,6.052072490830673e-13,6.052072490830673e-13,0.0
4.650924750718987,6.904522100854116e-13,6.904522100854116e-13,0.0
4.655424551646815,7.870975306786642e-13,7.870975306786642e-13,0.0
4.659924352574643,8.965853115615874e-13,8.965853115615874e-13,0.0
4.664424153502471,1.0205294102380612e-12,1.0205294102380612e-12,0.0
4.668923954430299,1.1607345944487165e-12,1.1607345944487165e-12,0.0
4.673423755358127,1.319217681475537e-12,1.319217681475537e-12,0.0
4.677923556285955,1.4982308530301694e-12,1.4982308530301694e-12,0.0
4.682423357213783,1.7002873519303717e-12,1.7002873519303717e-12,0.0
4.686923158141611,1.9281897845470585e-12,1.9281897845470585e-12,0.0
4.691422959069439,2.1850612721505994e-12,2.1850612721505994e-12,0.0
4.695922759997266,2.4743797148927545e-12,2.4743797148927545e-12,0.0
4.7004225609250945,2.8000154543263014e-12,2.8000154543263014e-12,0.0
4.704922361852923,3.1662726441884733e-12,3.1662726441884733e-12,0.0
4.709422162780751,3.5779346647677344e-12,3.5779346647677344e-12,0.0
4.713921963708579,4.040313943645155e-12,4.040313943645155e-12,0.0
4.718421764636407,4.559306575073403e-12,4.559306575073403e-12,0.0
4.722921565564235,5.141452161853011e-12,5.141452161853011e-12,0.0
4.727421366492063,5.793999337418185e-12,5.793999337418185e-12,0.0
4.731921167419891,6.524977462090733e-12,6.524977462090733e-12,0.0
4.736420968347719,7.343275026246649e-12,7.343275026246649e-12,0.0
4.740920769275547,8.25872533461667e-12,8.25872533461667e-12,0.0
4.745420570203375,9.28220009026969e-12,9.28220009026969e-12,0.0
4.7499203711312035,1.042571154417053e-11,1.042571154417053e-11,0.0
4.754420172059032,1.1702523926740898e-11,1.1702523926740898e-11,0.0
4.758919972986859,1.3127274931758604e-11,1.3127274931758604e-11,0.0
4.763419773914687,1.4716108080407068e-11,1.4716108080407068e-11,0.0
4.767919574842515,1.6486816854515636e-11,1.6486816854515636e-11,0.0
4.772419375770343,1.8459001553247605e-11,1.8459001553247605e-11,0.0
4.776919176698171,2.0654239896877354e-11,2.0654239896877354e-11,0.0
4.781418977625999,2.3096272475105925e-11,2.3096272475105925e-11,0.0
4.785918778553827,2.5811204215819108e-11,2.5811204215819108e-11,0.0
4.790418579481655,2.8827723133530102e-11,2.8827723133530102e-11,0.0
4.794918380409483,3.217733770523791e-11,3.217733770523791e-11,0.0
4.799418181337311,3.5894634315335626e-11,3.5894634315335626e-11,0.0
4.803917982265139,4.001755631076224e-11,4.001755631076224e-11,0.0
4.808417783192967,4.458770631316261e-11,4.458770631316261e-11,0.0
4.812917584120795,4.965067354660098e-11,4.965067354660098e-11,0.0
4.817417385048623,5.525638805775896e-11,5.525638805775896e-11,0.0
4.821917185976451,6.145950383079593e-11,6.145950383079593e-11,0.0
4.826416986904279,6.831981293151525e-11,6.831981293151525e-11,0.0
4.830916787832107,7.590269295547977e-11,7.590269295547977e-11,0.0
4.835416588759935,8.427959020263433e-11,8.427959020263433e-11,0.0
4.8399163896877635,9.352854115714644e-11,9.352854115714644e-11,0.0
4.844416190615592,1.037347350159541e-10,1.037347350159541e-10,0.0
4.84891599154342,1.1499112018333631e-10,1.1499112018333631e-10,0.0
4.853415792471247,1.27399057831983e-10,1.27399057831983e-10,0.0
4.857915593399075,1.410690258241142e-10,1.410690258241142e-10,0.0
4.862415394326903,1.5612137648936488e-10,1.5612137648936488e-10,0.0
4.866915195254731,1.7268715197015642e-10,1.7268715197015642e-10,0.0
4.871414996182559,1.909089610702053e-10,1.909089610702053e-10,0.0
4.875914797110387,2.1094192177842526e-10,2.1094192177842526e-10,0.0
4.880414598038215,2.3295467388903626e-10,2.3295467388903626e-10,0.0
4.8849143989660435,2.5713046639980624e-10,2.5713046639980624e-10,0.0
4.889414199893871,2.8366832464439583e-10,2.8366832464439583e-10,0.0
4.893914000821699,3.127843024023125e-10,3.127843024023125e-10,0.0
4.898413801749527,3.447128245315356e-10,3.447128245315356e-10,0.0
4.902913602677355,3.797081259849363e-10,3.797081259849363e-10,0.0
4.907413403605183,4.1804579340272954e-10,4.1804579340272954e-10,0.0
4.911913204533011,4.600244158198112e-10,4.600244158198112e-10,0.0
4.916413005460839,5.059673513898075e-10,5.059673513898075e-10,0.0
4.920912806388667,5.562246174071003e-10,5.562246174071003e-10,0.0
4.925412607316495,6.111749113049148e-10,6.111749113049148e-10,0.0
4.9299124082443235,6.712277707224053e-10,6.712277707224053e-10,0.0
4.934412209172152,7.368258811665785e-10,7.368258811665785e-10,0.0
4.93891201009998,8.084475402473604e-10,8.084475402473604e-10,0.0
4.943411811027808,8.866092879357723e-10,8.866092879357723e-10,0.0
4.947911611955636,9.718687127875632e-10,9.718687127875632e-10,0.0
4.952411412883464,1.0648274445874886e-09,1.0648274445874886e-09,0.0
4.956911213811291,1.1661343444042716e-09,1.1661343444042716e-09,0.0
4.961411014739119,1.2764889036030952e-09,1.2764889036030952e-09,0.0
4.965910815666947,1.3966448639416364e-09,1.3966448639416364e-09,0.0
4.9704106165947755,1.527414071479667e-09,1.527414071479667e-09,0.0
4.9749104175226035,1.6696705776586657e-09,1.6696705776586657e-09,0.0
4.979410218450431,1.8243550015602644e-09,1.8243550015602644e-09,0.0
4.983910019378259,1.992479168030156e-09,1.992479168030156e-09,0.0
4.988409820306087,2.1751310370568e-09,2.1751310370568e-09,0.0
4.992909621233915,2.3734799405259e-09,2.3734799405259e-09,0.0
4.997409422161743,2.588782143228629e-09,2.588782143228629e-09,0.0
5.001909223089571,2.8223867457876506e-09,2.8223867457876506e-09,0.0
5.006409024017399,3.0757419479801467e-09,3.0757419479801467e-09,0.0
5.010908824945227,3.3504016917808407e-09,3.3504016917808407e-09,0.0
5.0154086258730555,3.6480327043227626e-09,3.6480327043227626e-09,0.0
5.019908426800884,3.9704219618783415e-09,3.9704219618783415e-09,0.0
5.024408227728712,4.319484596899884e-09,4.319484596899884e-09,0.0
5.02890802865654,4.697272271127618e-09,4.697272271127618e-09,0.0
5.033407829584368,5.105982038773956e-09,5.105982038773956e-09,0.0
5.037907630512196,5.547965724828604e-09,5.547965724828604e-09,0.0
5.042407431440024,6.025739844596119e-09,6.025739844596119e-09,0.0
5.046907232367852,6.5419960916827415e-09,6.5419960916827415e-09,0.0
5.051407033295679,7.099612422785846e-09,7.099612422785846e-09,0.0
5.055906834223507,7.701664768815836e-09,7.701664768815836e-09,0.0
5.0604066351513355,8.351439403087383e-09,8.351439403087383e-09,0.0
5.064906436079164,9.05244599856936e-09,9.05244599856936e-09,0.0
5.069406237006992,9.808431407463893e-09,9.808431407463893e-09,0.0
5.07390603793482,1.0623394197708478e-08,1.0623394197708478e-08,0.0
5.078405838862647,1.1501599982358962e-08,1.1501599982358962e-08,0.0
5.082905639790475,1.244759757921012e-08,1.244759757921012e-08,0.0
5.087405440718303,1.346623603944758e-08,1.346623603944758e-08,0.0
5.091905241646131,1.4562682585613032e-08,1.4562682585613032e-08,0.0
5.096405042573959,1.5742441500674377e-08,1.5742441500674377e-08,0.0
5.100904843501787,1.7011374011562244e-08,1.7011374011562244e-08,0.0
5.1054046444296155,1.837571921213009e-08,1.837571921213009e-08,0.0
5.109904445357444,1.984211607214361e-08,1.984211607214361e-08,0.0
5.114404246285272,2.1417626580585023e-08,2.1417626580585023e-08,0.0
5.1189040472131,2.3109760073290392e-08,2.3109760073290392e-08,0.0
5.123403848140928,2.492649879670297e-08,2.492649879670297e-08,0.0
5.127903649068756,2.6876324761340466e-08,2.6876324761340466e-08,0.0
5.132403449996584,2.8968247940427016e-08,2.8968247940427016e-08,0.0
5.136903250924412,3.121183587103696e-08,3.121183587103696e-08,0.0
5.14140305185224,3.3617244717042494e-08,3.3617244717042494e-08,0.0
5.145902852780067,3.61952518551301e-08,3.61952518551301e-08,0.0
5.1504026537078955,3.895729004719394e-08,3.895729004719394e-08,0.0
5.154902454635724,4.1915483264453685e-08,4.1915483264453685e-08,0.0
5.159402255563552,4.5082684230796056e-08,4.5082684230796056e-08,0.0
5.16390205649138,4.8472513754954266e-08,4.8472513754954266e-08,0.0
5.168401857419208,5.2099401923360755e-08,5.2099401923360755e-08,0.0
5.172901658347035,5.597863122773895e-08,5.597863122773895e-08,0.0
5.177401459274863,6.012638170378379e-08,6.012638170378379e-08,0.0
5.181901260202691,6.45597781595921e-08,6.45597781595921e-08,0.0
5.186401061130519,6.929693957488996e-08,6.929693957488996e-08,0.0
5.190900862058347,7.435703075448729e-08,7.435703075448729e-08,0.0
5.1954006629861755,7.97603163218417e-08,7.97603163218417e-08,0.0
5.199900463914004,8.552821714110675e-08,8.552821714110675e-08,0.0
5.204400264841832,9.168336925855443e-08,9.168336925855443e-08,0.0
5.20890006576966,9.824968545681759e-08,9.824968545681759e-08,0.0
5.213399866697488,1.0525241951802484e-07,1.0525241951802484e-07,0.0
5.217899667625316,1.127182332945094e-07,1.127182332945094e-07,0.0
5.222399468553144,1.2067526668845316e-07,1.2067526668845316e-07,0.0
5.226899269480972,1.2915321064456008e-07,1.2915321064456008e-07,0.0
5.2313990704088,1.3818338326255546e-07,1.3818338326255546e-07,0.0
5.235898871336628,1.4779880913911924e-07,1.4779880913911924e-07,0.0
5.240398672264456,1.5803430205165967e-07,1.5803430205165967e-07,0.0
5.244898473192284,1.6892655109914934e-07,1.6892655109914934e-07,0.0
5.249398274120112,1.8051421041817886e-07,1.8051421041817886e-07,0.0
5.25389807504794,1.9283799259517238e-07,1.9283799259517238e-07,0.0
5.258397875975768,2.0594076589877345e-07,2.0594076589877345e-07,0.0
5.262897676903596,2.1986765545923518e-07,2.1986765545923518e-07,0.0
5.267397477831423,2.3466614852468527e-07,2.3466614852468527e-07,0.0
5.271897278759251,2.503862039271602e-07,2.503862039271602e-07,0.0
5.276397079687079,2.670803658942062e-07,2.670803658942062e-07,0.0
5.2808968806149075,2.8480388234504814e-07,2.8480388234504814e-07,0.0
5.285396681542736,3.0361482781322304e-07,3.0361482781322304e-07,0.0
5.289896482470564,3.235742311407672e-07,3.235742311407672e-07,0.0
5.294396283398392,3.447462080920249e-07,3.447462080920249e-07,0.0
5.29889608432622,3.671980990383496e-07,3.671980990383496e-07,0.0
5.303395885254048,3.9100061186795507e-07,3.9100061186795507e-07,0.0
5.307895686181876,4.162279702784287e-07,4.162279702784287e-07,0.0
5.312395487109704,4.4295806761235497e-07,4.4295806761235497e-07,0.0
5.316895288037532,4.712726263998127e-07,4.712726263998127e-07,0.0
5.32139508896536,5.012573637744632e-07,5.012573637744632e-07,0.0
5.325894889893188,5.330021629331849e-07,5.330021629331849e-07,0.0
5.3303946908210165,5.666012508122413e-07,5.666012508122413e-07,0.0
5.334894491748845,6.021533821561107e-07,6.021533821561107e-07,0.0
5.339394292676672,6.39762030158241e-07,6.39762030158241e-07,0.0
5.3438940936045,6.79535583855999e-07,6.79535583855999e-07,0.0
5.348393894532328,7.215875524651813e-07,7.215875524651813e-07,0.0
5.352893695460156,7.660367768425732e-07,7.660367768425732e-07,0.0
5.357393496387984,8.130076482679649e-07,8.130076482679649e-07,0.0
5.361893297315812,8.626303347401369e-07,8.626303347401369e-07,0.0
5.366393098243639,9.150410149842286e-07,9.150410149842286e-07,0.0
5.3708928991714675,9.70382120370938e-07,9.70382120370938e-07,0.0
5.375392700099296,1.0288025849507962e-06,1.0288025849507962e-06,0.0
5.379892501027124,1.0904581038098248e-06,1.0904581038098248e-06,0.0
5.384392301954952,1.1555113999555622e-06,1.1555113999555622e-06,0.0
5.38889210288278,1.2241324999453215e-06,1.2241324999453215e-06,0.0
5.393391903810608,1.2964990184712733e-06,1.2964990184712733e-06,0.0
5.397891704738436,1.3727964521197053e-06,1.3727964521197053e-06,0.0
5.402391505666264,1.453218482524393e-06,1.453218482524393e-06,0.0
5.406891306594092,1.5379672891366833e-06,1.5379672891366833e-06,0.0
5.41139110752192,1.6272538718373254e-06,1.6272538718373254e-06,0.0
5.415890908449748,1.7212983836177834e-06,1.7212983836177834e-06,0.0
5.4203907093775765,1.8203304735607876e-06,1.8203304735607876e-06,0.0
5.424890510305405,1.9245896403527696e-06,1.9245896403527696e-06,0.0
5.429390311233233,2.034325596562487e-06,2.034325596562487e-06,0.0
5.43389011216106,2.1497986439228458e-06,2.1497986439228458e-06,0.0
5.438389913088888,2.271280059854786e-06,2.271280059854786e-06,0.0
5.442889714016716,2.3990524954739448e-06,2.3990524954739448e-06,0.0
5.447389514944544,2.533410385323378e-06,2.533410385323378e-06,0.0
5.451889315872372,2.674660369076654e-06,2.674660369076654e-06,0.0
5.4563891168002,2.8231217254581458e-06,2.8231217254581458e-06,0.0
5.4608889177280275,2.979126818628201e-06,2.979126818628201e-06,0.0
5.465388718655856,3.1430215572834485e-06,3.1430215572834485e-06,0.0
5.469888519583684,3.315165866722595e-06,3.315165866722595e-06,0.0
5.474388320511512,3.49593417413108e-06,3.49593417413108e-06,0.0
5.47888812143934,3.6857159073372846e-06,3.6857159073372846e-06,0.0
5.483387922367168,3.884916007295866e-06,3.884916007295866e-06,0.0
5.487887723294996,4.09395545455341e-06,4.09395545455341e-06,0.0
5.492387524222824,4.313271809953364e-06,4.313271809953364e-06,0.0
5.496887325150652,4.543319769837319e-06,4.543319769837319e-06,0.0
5.50138712607848,4.7845717360007054e-06,4.7845717360007054e-06,0.0
5.505886927006308,5.037518400661271e-06,5.037518400661271e-06,0.0
5.5103867279341365,5.302669346698921e-06,5.302669346698921e-06,0.0
5.514886528861965,5.580553663425915e-06,5.580553663425915e-06,0.0
5.519386329789793,5.871720578146319e-06,5.871720578146319e-06,0.0
5.523886130717621,6.176740103763375e-06,6.176740103763375e-06,0.0
5.528385931645449,6.496203702693628e-06,6.496203702693628e-06,0.0
5.532885732573276,6.830724967344973e-06,6.830724967344973e-06,0.0
5.537385533501104,7.180940317417898e-06,7.180940317417898e-06,0.0
5.541885334428932,7.547509714284234e-06,7.547509714284234e-06,0.0
5.54638513535676,7.931117392701309e-06,7.931117392701309e-06,0.0
5.5508849362845885,8.332472610115384e-06,8.332472610115384e-06,0.0
5.555384737212416,8.752310413807575e-06,8.752310413807575e-06,0.0
5.559884538140244,9.191392426134976e-06,9.191392426134976e-06,0.0
5.564384339068072,9.650507648116205e-06,9.650507648116205e-06,0.0
5.5688841399959,1.0130473281611943e-05,1.0130473281611943e-05,0.0
5.573383940923728,1.063213557034461e-05,1.063213557034461e-05,0.0
5.577883741851556,1.1156370660003809e-05,1.1156370660003809e-05,0.0
5.582383542779384,1.1704085477678602e-05,1.1704085477678602e-05,0.0
5.586883343707212,1.227621863085558e-05,1.227621863085558e-05,0.0
5.59138314463504,1.2873741326221225e-05,1.2873741326221225e-05,0.0
5.5958829455628685,1.349765830850034e-05,1.349765830850034e-05,0.0
5.600382746490697,1.4149008819563447e-05,1.4149008819563447e-05,0.0
5.604882547418525,1.4828867578027814e-05,1.4828867578027814e-05,0.0
5.609382348346353,1.5538345779579207e-05,1.5538345779579207e-05,0.0
5.613882149274181,1.627859211823107e-05,1.627859211823107e-05,0.0
5.618381950202009,1.70507938287397e-05,1.70507938287397e-05,0.0
5.622881751129837,1.785617775038634e-05,1.785617775038634e-05,0.0
5.627381552057664,1.869601141233341e-05,1.869601141233341e-05,0.0
5.631881352985492,1.9571604140758785e-05,1.9571604140758785e-05,0.0
5.63638115391332,2.048430818796528e-05,2.048430818796528e-05,0.0
5.6408809548411485,2.1435519883658727e-05,2.1435519883658727e-05,0.0
5.645380755768977,2.2426680808583386e-05,2.2426680808583386e-05,0.0
5.649880556696805,2.3459278990695895e-05,2.3459278990695895e-05,0.0
5.654380357624632,2.4534850124054925e-05,2.4534850124054925e-05,0.0
5.65888015855246,2.5654978810598463e-05,2.5654978810598463e-05,0.0
5.663379959480288,2.6821299824970816e-05,2.6821299824970816e-05,0.0
5.667879760408116,2.803549940256144e-05,2.803549940256144e-05,0.0
5.672379561335944,2.9299316550904384e-05,2.9299316550904384e-05,0.0
5.676879362263772,3.0614544384585006e-05,3.0614544384585006e-05,0.0
5.6813791631916,3.198303148379218e-05,3.198303148379218e-05,0.0
5.6858789641194285,3.340668327664577e-05,3.340668327664577e-05,0.0
5.690378765047257,3.48874634454248e-05,3.48874634454248e-05,0.0
5.694878565975085,3.642739535681008e-05,3.642739535681008e-05,0.0
5.699378366902913,3.802856351625095e-05,3.802856351625095e-05,0.0
5.703878167830741,3.969311504655595e-05,3.969311504655595e-05,0.0
5.708377968758569,4.14232611907977e-05,4.14232611907977e-05,0.0
5.712877769686397,4.322127883961724e-05,4.322127883961724e-05,0.0
5.717377570614225,4.50895120830004e-05,4.50895120830004e-05,0.0
5.721877371542052,4.703037378659334e-05,4.703037378659334e-05,0.0
5.72637717246988,4.904634719261341e-05,4.904634719261341e-05,0.0
5.7308769733977085,5.113998754539967e-05,5.113998754539967e-05,0.0
5.735376774325537,5.331392374164567e-05,5.331392374164567e-05,0.0
5.739876575253365,5.557086000533729e-05,5.557086000533729e-05,0.0
5.744376376181193,5.791357758741756e-05,5.791357758741756e-05,0.0
5.74887617710902,6.034493649018211e-05,6.034493649018211e-05,0.0
5.753375978036848,6.28678772164069e-05,6.28678772164069e-05,0.0
5.757875778964676,6.54854225431899e-05,6.54854225431899e-05,0.0
5.762375579892504,6.820067932048733e-05,6.820067932048733e-05,0.0
5.766875380820332,7.101684029430788e-05,7.101684029430788e-05,0.0
5.77137518174816,7.393718595451752e-05,7.393718595451752e-05,0.0
5.7758749826759885,7.696508640719904e-05,7.696508640719904e-05,0.0
5.780374783603817,8.010400327149914e-05,8.010400327149914e-05,0.0
5.784874584531645,8.335749160087568e-05,8.335749160087568e-05,0.0
5.789374385459473,8.672920182866427e-05,8.672920182866427e-05,0.0
5.793874186387301,9.022288173784756e-05,9.022288173784756e-05,0.0
5.798373987315129,9.384237845492129e-05,9.384237845492129e-05,0.0
5.802873788242957,9.75916404677208e-05,9.75916404677208e-05,0.0
5.807373589170785,0.00010147471966706924,0.00010147471966706924,0.0
5.811873390098613,0.00010549577341209856,0.00010549577341209856,0.0
5.816373191026441,0.00010965906661906557,0.00010965906661906557,0.0
5.8208729919542685,0.0001139689738734975,0.0001139689738734975,0.0
5.825372792882097,0.0001184299815654629,0.0001184299815654629,0.0
5.829872593809925,0.00012304669004776592,0.00012304669004776592,0.0
5.834372394737753,0.00012782381581684878,0.00012782381581684878,0.0
5.838872195665581,0.00013276619371616714,0.00013276619371616714,0.0
5.843371996593408,0.00013787877916178812,0.00013787877916178812,0.0
5.847871797521236,0.0001431666503899638,0.0001431666503899638,0.0
5.852371598449064,0.00014863501072638722,0.00014863501072638722,0.0
5.856871399376892,0.00015428919087686856,0.00015428919087686856,0.0
5.8613712003047205,0.0001601346512391062,0.0001601346512391062,0.0
5.865871001232549,0.000166176984235256,0.000166176984235256,0.0
5.870370802160377,0.00017242191666496076,0.00017242191666496076,0.0
5.874870603088205,0.00017887531207849637,0.00017887531207849637,0.0
5.879370404016033,0.00018554317316968425,0.00018554317316968425,0.0
5.883870204943861,0.00019243164418818558,0.00019243164418818558,0.0
5.888370005871689,0.00019954701337080764,0.00019954701337080764,0.0
5.892869806799517,0.00020689571539140976,0.00020689571539140976,0.0
5.897369607727345,0.00021448433382899461,0.00021448433382899461,0.0
5.901869408655173,0.00022231960365356635,0.00022231960365356635,0.0
5.906369209583001,0.00023040841372929375,0.00023040841372929375,0.0
5.9108690105108295,0.0002387578093345423,0.0002387578093345423,0.0
5.915368811438657,0.00024737499469827944,0.00024737499469827944,0.0
5.919868612366485,0.0002562673355523909,0.0002562673355523909,0.0
5.924368413294313,0.0002654423616993775,0.0002654423616993775,0.0
5.928868214222141,0.0002749077695949388,0.0002749077695949388,0.0
5.933368015149969,0.00028467142494491195,0.00028467142494491195,0.0
5.937867816077797,0.0002947413653160054,0.0002947413653160054,0.0
5.942367617005624,0.0003051258027597773,0.0003051258027597773,0.0
5.946867417933452,0.00031583312644929993,0.00031583312644929993,0.0
5.9513672188612805,0.0003268719053278784,0.0003268719053278784,0.0
5.955867019789109,0.0003382508907692836,0.0003382508907692836,0.0
5.960366820716937,0.0003499790192488181,0.0003499790192488181,0.0
5.964866621644765,0.0003620654150246452,0.0003620654150246452,0.0
5.969366422572593,0.00037451939282868215,0.00037451939282868215,0.0
5.973866223500421,0.0003873504605664401,0.0003873504605664401,0.0
5.978366024428249,0.0004005683220251146,0.0004005683220251146,0.0
5.982865825356077,0.00041418287958925167,0.00041418287958925167,0.0
5.987365626283905,0.0004282042369632874,0.0004282042369632874,0.0
5.991865427211733,0.00044264270190024537,0.00044264270190024537,0.0
5.996365228139561,0.00045750878893586637,0.00045750878893586637,0.0
6.0008650290673895,0.00047281322212743606,0.00047281322212743606,0.0
6.005364829995218,0.0004885669377965506,0.0004885669377965506,0.0
6.009864630923045,0.0005047810872750504,0.0005047810872750504,0.0
6.014364431850873,0.0005214670396533733,0.0005214670396533733,0.0
6.018864232778701,0.0005386363845304808,0.0005386363845304808,0.0
6.023364033706529,0.0005563009347646094,0.0005563009347646094,0.0
6.027863834634357,0.0005744727292240087,0.0005744727292240087,0.0
6.032363635562185,0.0005931640355368142,0.0005931640355368142,0.0
6.0368634364900124,0.0006123873528392756,0.0006123873528392756,0.0
6.0413632374178405,0.0006321554145214291,0.0006321554145214291,0.0
6.045863038345669,0.0006524811909693608,0.0006524811909693608,0.0
6.050362839273497,0.0006733778923032443,0.0006733778923032443,0.0
6.054862640201325,0.0006948589711101815,0.0006948589711101815,0.0
6.059362441129153,0.0007169381251710179,0.0007169381251710179,0.0
6.063862242056981,0.0007396293001801934,0.0007396293001801934,0.0
6.068362042984809,0.0007629466924577243,0.0007629466924577243,0.0
6.072861843912637,0.00078690475165239,0.00078690475165239,0.0
6.077361644840465,0.0008115181834351655,0.0008115181834351655,0.0
6.081861445768293,0.0008368019521820038,0.0008368019521820038,0.0
6.086361246696121,0.000862771283644957,0.000862771283644957,0.0
6.0908610476239495,0.0008894416676107133,0.0008894416676107133,0.0
6.095360848551778,0.000916828860545547,0.000916828860545547,0.0
6.099860649479606,0.0009449488882257407,0.0009449488882257407,0.0
6.104360450407434,0.0009738180483524361,0.0009738180483524361,0.0
6.108860251335261,0.0010034529131499779,0.0010034529131499779,0.0
6.113360052263089,0.0010338703319466925,0.0010338703319466925,0.0
6.117859853190917,0.0010650874337371238,0.0010650874337371238,0.0
6.122359654118745,0.0010971216297246925,0.0010971216297246925,0.0
6.126859455046573,0.0011299906158437716,0.0011299906158437716,0.0
6.131359255974401,0.0011637123752601237,0.0011637123752601237,0.0
6.135859056902229,0.001198305180848723,0.001198305180848723,0.0
6.140358857830057,0.001233787597647772,0.001233787597647772,0.0
6.144858658757885,0.0012701784852880856,0.0012701784852880856,0.0
6.149358459685713,0.001307497000396613,0.001307497000396613,0.0
6.153858260613541,0.0013457625989731102,0.0013457625989731102,0.0
6.158358061541369,0.0013849950387389153,0.0013849950387389153,0.0
6.162857862469197,0.0014252143814567127,0.0014252143814567127,0.0
6.167357663397025,0.001466440995220318,0.001466440995220318,0.0
6.171857464324853,0.0015086955567132567,0.0015086955567132567,0.0
6.1763572652526815,0.0015519990534352559,0.0015519990534352559,0.0
6.18085706618051,0.0015963727858953904,0.0015963727858953904,0.0
6.185356867108338,0.001641838369770971,0.001641838369770971,0.0
6.189856668036166,0.0016884177380309753,0.0016884177380309753,0.0
6.194356468963994,0.0017361331430229842,0.0017361331430229842,0.0
6.198856269891822,0.0017850071585226066,0.0017850071585226066,0.0
6.203356070819649,0.0018350626817441936,0.0018350626817441936,0.0
6.207855871747477,0.0018863229353118993,0.0018863229353118993,0.0
6.212355672675305,0.0019388114691898746,0.0019388114691898746,0.0
6.216855473603133,0.0019925521625706196,0.0019925521625706196,0.0
6.2213552745309615,0.0020475692257204137,0.0020475692257204137,0.0
6.22585507545879,0.0021038872017806803,0.0021038872017806803,0.0
6.230354876386617,0.002161530968524256,0.002161530968524256,0.0
6.234854677314445,0.002220525740065597,0.002220525740065597,0.0
6.239354478242273,0.002280897068523585,0.002280897068523585,0.0
6.243854279170101,0.0023426708456362444,0.0023426708456362444,0.0
6.248354080097929,0.0024058733043259657,0.0024058733043259657,0.0
6.252853881025757,0.0024705310202144583,0.0024705310202144583,0.0
6.257353681953585,0.0025366709130861488,0.0025366709130861488,0.0
6.261853482881413,0.0026043202482992018,0.0026043202482992018,0.0
6.2663532838092415,0.002673506638142991,0.002673506638142991,0.0
6.27085308473707,0.0027442580431409646,0.0027442580431409646,0.0
6.275352885664898,0.002816602773298044,0.002816602773298044,0.0
6.279852686592726,0.0028905694892913726,0.0028905694892913726,0.0
6.284352487520554,0.0029661872036034513,0.0029661872036034513,0.0
6.288852288448382,0.0030434852815967826,0.0030434852815967826,0.0
6.29335208937621,0.0031224934425287615,0.0031224934425287615,0.0
6.297851890304037,0.003203241760506178,0.003203241760506178,0.0
6.302351691231865,0.003285760665378084,0.003285760665378084,0.0
6.306851492159693,0.0033700809435660453,0.0033700809435660453,0.0
6.3113512930875215,0.0034562337388311486,0.0034562337388311486,0.0
6.31585109401535,0.0035442505529763822,0.0035442505529763822,0.0
6.320350894943178,0.003634163246483882,0.003634163246483882,0.0
6.324850695871005,0.0037260040390855956,0.0037260040390855956,0.0
6.329350496798833,0.0038198055102672216,0.0038198055102672216,0.0
6.333850297726661,0.003915600599703549,0.003915600599703549,0.0
6.338350098654489,0.004013422607625202,0.004013422607625202,0.0
6.342849899582317,0.004113305195115392,0.004113305195115392,0.0
6.347349700510145,0.004215282384336026,0.004215282384336026,0.0
6.3518495014379734,0.004319388558682125,0.004319388558682125,0.0
6.3563493023658015,0.004425658462864023,0.004425658462864023,0.0
6.36084910329363,0.004534127202916288,0.004534127202916288,0.0
6.365348904221458,0.004644830246132546,0.004644830246132546,0.0
6.369848705149286,0.004757803420925658,0.004757803420925658,0.0
6.374348506077114,0.004873082916612187,0.004873082916612187,0.0
6.378848307004942,0.0049907052831205615,0.0049907052831205615,0.0
6.38334810793277,0.005110707430622177,0.005110707430622177,0.0
6.387847908860598,0.005233126629084699,0.005233126629084699,0.0
6.392347709788426,0.005358000507746763,0.005358000507746763,0.0
6.3968475107162535,0.005485367054513588,0.005485367054513588,0.0
6.4013473116440816,0.005615264615272622,0.005615264615272622,0.0
6.40584711257191,0.00574773189312854,0.00574773189312854,0.0
6.410346913499738,0.00588280794755734,0.00588280794755734,0.0
6.414846714427566,0.006020532193478353,0.006020532193478353,0.0
6.419346515355393,0.006160944400243902,0.006160944400243902,0.0
6.423846316283221,0.006304084690546227,0.006304084690546227,0.0
6.428346117211049,0.006449993539240406,0.006449993539240406,0.0
6.432845918138877,0.006598711772083519,0.006598711772083519,0.0
6.437345719066705,0.006750280564389117,0.006750280564389117,0.0
6.4418455199945335,0.006904741439596417,0.006904741439596417,0.0
6.446345320922362,0.007062136267754123,0.007062136267754123,0.0
6.45084512185019,0.007222507263917944,0.007222507263917944,0.0
6.455344922778018,0.00738589698646173,0.00738589698646173,0.0
6.459844723705846,0.007552348335301597,0.007552348335301597,0.0
6.464344524633674,0.007721904550032801,0.007721904550032801,0.0
6.468844325561502,0.00789460920797883,0.00789460920797883,0.0
6.47334412648933,0.008070506222152397,0.008070506222152397,0.0
6.477843927417158,0.008249639839128088,0.008249639839128088,0.0
6.482343728344986,0.008432054636826362,0.008432054636826362,0.0
6.486843529272814,0.008617795522208373,0.008617795522208373,0.0
6.491343330200642,0.008806907728881532,0.008806907728881532,0.0
6.49584313112847,0.008999436814616043,0.008999436814616043,0.0
6.500342932056298,0.009195428658770734,0.009195428658770734,0.0
6.504842732984126,0.009394929459630053,0.009394929459630053,0.0
6.509342533911954,0.009597985731650126,0.009597985731650126,0.0
6.513842334839782,0.009804644302615136,0.009804644302615136,0.0
6.518342135767609,0.010014952310702813,0.010014952310702813,0.0
6.522841936695437,0.010228957201460142,0.010228957201460142,0.0
6.527341737623265,0.010446706724687754,0.010446706724687754,0.0
6.5318415385510935,0.010668248931234248,0.010668248931234248,0.0
6.536341339478922,0.010893632169699656,0.010893632169699656,0.0
6.54084114040675,0.011122905083048494,0.011122905083048494,0.0
6.545340941334578,0.011356116605131864,0.011356116605131864,0.0
6.549840742262406,0.011593315957119245,0.011593315957119245,0.0
6.554340543190234,0.011834552643839822,0.011834552643839822,0.0
6.558840344118062,0.012079876450033169,0.012079876450033169,0.0
6.56334014504589,0.012329337436509916,0.012329337436509916,0.0
6.567839945973718,0.012582985936222214,0.012582985936222214,0.0
6.572339746901546,0.012840872550244006,0.012840872550244006,0.0
6.576839547829374,0.013103048143661918,0.013103048143661918,0.0
6.5813393487572025,0.01336956384137637,0.01336956384137637,0.0
6.58583914968503,0.01364047102381327,0.01364047102381327,0.0
6.590338950612858,0.013915821322547149,0.013915821322547149,0.0
6.594838751540686,0.014195666615834901,0.014195666615834901,0.0
6.599338552468514,0.014480059024061662,0.014480059024061662,0.0
6.603838353396342,0.014769050905098256,0.014769050905098256,0.0
6.60833815432417,0.015062694849571326,0.015062694849571326,0.0
6.612837955251997,0.015361043676045513,0.015361043676045513,0.0
6.6173377561798254,0.015664150426119752,0.015664150426119752,0.0
6.6218375571076535,0.015972068359436067,0.015972068359436067,0.0
6.626337358035482,0.01628485094860291,0.01628485094860291,0.0
6.63083715896331,0.016602551874033308,0.016602551874033308,0.0
6.635336959891138,0.016925225018697358,0.016925225018697358,0.0
6.639836760818966,0.017252924462790965,0.017252924462790965,0.0
6.644336561746794,0.017585704478320485,0.017585704478320485,0.0
6.648836362674622,0.017923619523603742,0.017923619523603742,0.0
6.65333616360245,0.01826672423768925,0.01826672423768925,0.0
6.657835964530278,0.01861507343469278,0.01861507343469278,0.0
6.662335765458106,0.01896872209805269,0.01896872209805269,0.0
6.666835566385934,0.019327725374704917,0.019327725374704917,0.0
6.6713353673137625,0.019692138569177835,0.019692138569177835,0.0
6.675835168241591,0.020062017137607774,0.020062017137607774,0.0
6.680334969169419,0.02043741668167688,0.02043741668167688,0.0
6.684834770097246,0.020818392942471873,0.020818392942471873,0.0
6.689334571025074,0.021205001794267955,0.021205001794267955,0.0
6.693834371952902,0.02159729923823471,0.02159729923823471,0.0
6.69833417288073,0.02199534139606827,0.02199534139606827,0.0
6.702833973808558,0.02239918450354865,0.02239918450354865,0.0
6.7073337747363855,0.022808884904023826,0.022808884904023826,0.0
6.711833575664214,0.023224499041821448,0.023224499041821448,0.0
6.716333376592042,0.02364608345558846,0.02364608345558846,0.0
6.72083317751987,0.024073694771561262,0.024073694771561262,0.0
6.725332978447698,0.024507389696765282,0.024507389696765282,0.0
6.729832779375526,0.02494722501214659,0.02494722501214659,0.0
6.734332580303354,0.025393257565635527,0.025393257565635527,0.0
6.738832381231182,0.025845544265144568,0.025845544265144568,0.0
6.74333218215901,0.026304142071499916,0.026304142071499916,0.0
6.747831983086838,0.026769107991309472,0.026769107991309472,0.0
6.752331784014666,0.027240499069767117,0.027240499069767117,0.0
6.7568315849424945,0.02771837238339524,0.02771837238339524,0.0
6.761331385870323,0.028202785032726062,0.028202785032726062,0.0
6.765831186798151,0.028693794134923286,0.028693794134923286,0.0
6.770330987725979,0.02919145681634528,0.02919145681634528,0.0
6.774830788653807,0.02969583020505094,0.02969583020505094,0.0
6.779330589581634,0.030206971423248644,0.030206971423248644,0.0
6.783830390509462,0.03072493757969169,0.03072493757969169,0.0
6.78833019143729,0.031249785762018534,0.031249785762018534,0.0
6.792829992365118,0.03178157302904173,0.03178157302904173,0.0
6.797329793292946,0.03232035640298533,0.03232035640298533,0.0
6.8018295942207745,0.03286619286167224,0.03286619286167224,0.0
6.806329395148602,0.03341913933066407,0.03341913933066407,0.0
6.81082919607643,0.03397925267535249,0.03397925267535249,0.0
6.815328997004258,0.03454658969300608,0.03454658969300608,0.0
6.819828797932086,0.03512120710477175,0.03512120710477175,0.0
6.824328598859914,0.035703161547633845,0.035703161547633845,0.0
6.828828399787742,0.03629250956633157,0.03629250956633157,0.0
6.83332820071557,0.036889307605235615,0.036889307605235615,0.0
6.837828001643398,0.03749361200018637,0.03749361200018637,0.0
6.842327802571226,0.03810547897029575,0.03810547897029575,0.0
6.8468276034990545,0.03872496460971069,0.03872496460971069,0.0
6.851327404426883,0.03935212487934488,0.03935212487934488,0.0
6.855827205354711,0.03998701559857642,0.03998701559857642,0.0
6.860327006282539,0.040629692436912716,0.040629692436912716,0.0
6.864826807210367,0.04128021090562844,0.04128021090562844,0.0
6.869326608138195,0.04193862634937209,0.04193862634937209,0.0
6.873826409066022,0.042604993937747,0.042604993937747,0.0
6.87832620999385,0.0432793686568675,0.0432793686568675,0.0
6.882826010921678,0.04396180530088921,0.04396180530088921,0.0
6.887325811849506,0.044652358463519407,0.044652358463519407,0.0
6.8918256127773345,0.045351082529505087,0.045351082529505087,0.0
6.896325413705163,0.04605803166610224,0.04605803166610224,0.0
6.90082521463299,0.04677325981452752,0.04677325981452752,0.0
6.905325015560818,0.047496820681394866,0.047496820681394866,0.0
6.909824816488646,0.048228767730135055,0.048228767730135055,0.0
6.914324617416474,0.048969154172405265,0.048969154172405265,0.0
6.918824418344302,0.04971803295948669,0.04971803295948669,0.0
6.92332421927213,0.05047545677367075,0.05047545677367075,0.0
6.927824020199958,0.05124147801963941,0.05124147801963941,0.0
6.9323238211277864,0.05201614881583905,0.05201614881583905,0.0
6.9368236220556145,0.05279952098584702,0.05279952098584702,0.0
6.941323422983443,0.05359164604973897,0.05359164604973897,0.0
6.945823223911271,0.05439257521545088,0.05439257521545088,0.0
6.950323024839099,0.055202359370143964,0.055202359370143964,0.0
6.954822825766927,0.05602104907157021,0.05602104907157021,0.0
6.959322626694754,0.056848694539440435,0.056848694539440435,0.0
6.963822427622582,0.05768534564679984,0.05768534564679984,0.0
6.96832222855041,0.0585310519114083,0.0585310519114083,0.0
6.972822029478238,0.05938586248712859,0.05938586248712859,0.0
6.9773218304060665,0.060249826155326286,0.060249826155326286,0.0
6.9818216313338946,0.06112299131628088,0.06112299131628088,0.0
6.986321432261723,0.06200540598060866,0.06200540598060866,0.0
6.990821233189551,0.06289711776070277,0.06289711776070277,0.0
6.995321034117379,0.06379817386218858,0.06379817386218858,0.0
6.999820835045207,0.06470862107539586,0.06470862107539586,0.0
7.004320635973035,0.0656285057668549,0.0656285057668549,0.0
7.008820436900862,0.06655787387080946,0.06655787387080946,0.0
7.01332023782869,0.06749677088075609,0.06749677088075609,0.0
7.017820038756518,0.06844524184100681,0.06844524184100681,0.0
7.0223198396843465,0.06940333133827833,0.06940333133827833,0.0
7.026819640612175,0.07037108349330948,0.07037108349330948,0.0
7.031319441540003,0.07134854195250888,0.07134854195250888,0.0
7.035819242467831,0.07233574987963186,0.07233574987963186,0.0
7.040319043395659,0.07333274994749334,0.07333274994749334,0.0
7.044818844323487,0.07433958432971206,0.07433958432971206,0.0
7.049318645251315,0.07535629469249307,0.07535629469249307,0.0
7.053818446179142,0.07638292218644746,0.07638292218644746,0.0
7.05831824710697,0.07741950743845052,0.07741950743845052,0.0
7.062818048034798,0.07846609054354126,0.07846609054354126,0.0
7.0673178489626265,0.0795227110568647,0.0795227110568647,0.0
7.071817649890455,0.08058940798565824,0.08058940798565824,0.0
7.076317450818283,0.08166621978128194,0.08166621978128194,0.0
7.080817251746111,0.0827531843312992,0.0827531843312992,0.0
7.085317052673939,0.08385033895160157,0.08385033895160157,0.0
7.089816853601767,0.08495772037858872,0.08495772037858872,0.0
7.094316654529595,0.08607536476139625,0.08607536476139625,0.0
7.098816455457423,0.08720330765417775,0.08720330765417775,0.0
7.10331625638525,0.08834158400844305,0.08834158400844305,0.0
7.107816057313078,0.08949022816545148,0.08949022816545148,0.0
7.1123158582409065,0.0906492738486613,0.0906492738486613,0.0
7.116815659168735,0.09181875415624173,0.09181875415624173,0.0
7.121315460096563,0.09299870155364305,0.09299870155364305,0.0
7.125815261024391,0.09418914786622884,0.09418914786622884,0.0
7.130315061952219,0.09539012427197341,0.09539012427197341,0.0
7.134814862880047,0.09660166129422186,0.09660166129422186,0.0
7.139314663807875,0.09782378879451872,0.09782378879451872,0.0
7.143814464735703,0.0990565359655034,0.0990565359655034,0.0
7.148314265663531,0.10029993132387194,0.10029993132387194,0.0
7.152814066591358,0.10155400270341527,0.10155400270341527,0.0
7.1573138675191865,0.10281877724812448,0.10281877724812448,0.0
7.161813668447015,0.10409428140536903,0.10409428140536903,0.0
7.166313469374843,0.10538054091915361,0.10538054091915361,0.0
7.170813270302671,0.10667758082344603,0.10667758082344603,0.0
7.175313071230499,0.10798542543558483,0.10798542543558483,0.0
7.179812872158327,0.10930409834976604,0.10930409834976604,0.0
7.184312673086155,0.11063362243060594,0.11063362243060594,0.0
7.188812474013983,0.11197401980678752,0.11197401980678752,0.0
7.193312274941811,0.11332531186478972,0.11332531186478972,0.0
7.197812075869639,0.11468751924269698,0.11468751924269698,0.0
7.2023118767974665,0.1160606618240952,0.1160606618240952,0.0
7.206811677725295,0.11744475873205415,0.11744475873205415,0.0
7.211311478653123,0.11883982832319284,0.11883982832319284,0.0
7.215811279580951,0.1202458881818389,0.1202458881818389,0.0
7.220311080508779,0.12166295511427111,0.12166295511427111,0.0
7.224810881436607,0.12309104514305476,0.12309104514305476,0.0
7.229310682364435,0.12453017350146953,0.12453017350146953,0.0
7.233810483292263,0.12598035462802692,0.12598035462802692,0.0
7.238310284220091,0.12744160216108302,0.12744160216108302,0.0
7.242810085147919,0.1289139289335446,0.1289139289335446,0.0
7.2473098860757466,0.13039734696767136,0.13039734696767136,0.0
7.251809687003575,0.13189186746997406,0.13189186746997406,0.0
7.256309487931403,0.13339750082620977,0.13339750082620977,0.0
7.260809288859231,0.13491425659647613,0.13491425659647613,0.0
7.265309089787059,0.13644214351040482,0.13644214351040482,0.0
7.269808890714887,0.13798116946245484,0.13798116946245484,0.0
7.274308691642715,0.1395313415073049,0.1395313415073049,0.0
7.278808492570543,0.1410926658553538,0.1410926658553538,0.0
7.283308293498371,0.14266514786831463,0.14266514786831463,0.0
7.287808094426199,0.14424879205492083,0.14424879205492083,0.0
7.2923078953540275,0.14584360206673233,0.14584360206673233,0.0
7.296807696281855,0.1474495806940462,0.1474495806940462,0.0
7.301307497209683,0.14906672986191594,0.14906672986191594,0.0
7.305807298137511,0.150695050626278,0.150695050626278,0.0
7.310307099065339,0.15233454317017897,0.15233454317017897,0.0
7.314806899993167,0.15398520680012104,0.15398520680012104,0.0
7.319306700920995,0.1556470399425083,0.1556470399425083,0.0
7.323806501848823,0.15732004014020495,0.15732004014020495,0.0
7.328306302776651,0.15900420404920615,0.15900420404920615,0.0
7.332806103704479,0.16069952743541405,0.16069952743541405,0.0
7.3373059046323075,0.1624060051715302,0.1624060051715302,0.0
7.341805705560135,0.16412363123405885,0.16412363123405885,0.0
7.346305506487963,0.16585239870041874,0.16585239870041874,0.0
7.350805307415791,0.16759229974617298,0.16759229974617298,0.0
7.355305108343619,0.16934332564237004,0.16934332564237004,0.0
7.359804909271447,0.17110546675299687,0.17110546675299687,0.0
7.364304710199275,0.17287871253255135,0.17287871253255135,0.0
7.368804511127103,0.17466305152372233,0.17466305152372233,0.0
7.373304312054931,0.17645847135519208,0.17645847135519208,0.0
7.377804112982759,0.17826495873955184,0.17826495873955184,0.0
7.3823039139105875,0.1800824994713279,0.1800824994713279,0.0
7.386803714838416,0.18191107842513526,0.18191107842513526,0.0
7.391303515766243,0.18375067955393623,0.18375067955393623,0.0
7.395803316694071,0.18560128588742444,0.18560128588742444,0.0
7.400303117621899,0.18746287953052,0.18746287953052,0.0
7.404802918549727,0.18933544166198996,0.18933544166198996,0.0
7.409302719477555,0.1912189525331741,0.1912189525331741,0.0
7.413802520405383,0.19311339146684325,0.19311339146684325,0.0
7.418302321333211,0.19501873685616486,0.19501873685616486,0.0
7.422802122261039,0.1969349661637897,0.1969349661637897,0.0
7.4273019231888675,0.19886205592106185,0.19886205592106185,0.0
7.431801724116696,0.20079998172733893,0.20079998172733893,0.0
7.436301525044524,0.20274871824943805,0.20274871824943805,0.0
7.440801325972351,0.20470823922119544,0.20470823922119544,0.0
7.445301126900179,0.20667851744315097,0.20667851744315097,0.0
7.449800927828007,0.20865952478234243,0.20865952478234243,0.0
7.454300728755835,0.21065123217222928,0.21065123217222928,0.0
7.458800529683663,0.21265360961272636,0.21265360961272636,0.0
7.463300330611491,0.21466662617036106,0.21466662617036106,0.0
7.467800131539319,0.2166902499785478,0.2166902499785478,0.0
7.4722999324671475,0.21872444823798207,0.21872444823798207,0.0
7.476799733394976,0.2207691872171528,0.2207691872171528,0.0
7.481299534322804,0.22282443225297127,0.22282443225297127,0.0
7.485799335250632,0.22489014775152133,0.22489014775152133,0.0
7.490299136178459,0.22696629718892763,0.22696629718892763,0.0
7.494798937106287,0.22905284311233706,0.22905284311233706,0.0
7.499298738034115,0.23114974714102446,0.23114974714102446,0.0
7.503798538961943,0.23325696996761286,0.23325696996761286,0.0
7.508298339889771,0.235374471359411,0.235374471359411,0.0
7.5127981408175994,0.2375022101598667,0.2375022101598667,0.0
7.5172979417454275,0.2396401442901405,0.2396401442901405,0.0
7.521797742673256,0.24178823075079114,0.24178823075079114,0.0
7.526297543601084,0.24394642562358546,0.24394642562358546,0.0
7.530797344528912,0.2461146840734092,0.2461146840734092,0.0
7.535297145456739,0.24829296035031218,0.24829296035031218,0.0
7.539796946384567,0.25048120779165184,0.25048120779165184,0.0
7.544296747312395,0.2526793788243639,0.2526793788243639,0.0
7.548796548240223,0.2548874249673352,0.2548874249673352,0.0
7.553296349168051,0.25710529683390426,0.25710529683390426,0.0
7.5577961500958795,0.25933294413446406,0.25933294413446406,0.0
7.5622959510237076,0.2615703156791801,0.2615703156791801,0.0
7.566795751951536,0.2638173593808253,0.2638173593808253,0.0
7.571295552879364,0.2660740222577235,0.2660740222577235,0.0
7.575795353807192,0.26834025043680215,0.26834025043680215,0.0
7.58029515473502,0.2706159891567611,0.2706159891567611,0.0
7.584794955662847,0.2729011827713438,0.2729011827713438,0.0
7.589294756590675,0.27519577475272977,0.27519577475272977,0.0
7.593794557518503,0.2774997076950244,0.2774997076950244,0.0
7.598294358446331,0.2798129233178607,0.2798129233178607,0.0
7.6027941593741595,0.2821353624701145,0.2821353624701145,0.0
7.607293960301988,0.28446696513371844,0.28446696513371844,0.0
7.611793761229816,0.2868076704275879,0.2868076704275879,0.0
7.616293562157644,0.2891574166116511,0.2891574166116511,0.0
7.620793363085472,0.2915161410909822,0.2915161410909822,0.0
7.6252931640133,0.2938837804200425,0.2938837804200425,0.0
7.629792964941127,0.29626027030701874,0.29626027030701874,0.0
7.634292765868955,0.2986455456182766,0.2986455456182766,0.0
7.638792566796783,0.301039540382899,0.301039540382899,0.0
7.643292367724611,0.30344218779734206,0.30344218779734206,0.0
7.6477921686524395,0.3058534202301759,0.3058534202301759,0.0
7.652291969580268,0.30827316922694553,0.30827316922694553,0.0
7.656791770508096,0.31070136551510463,0.31070136551510463,0.0
7.661291571435924,0.31313793900906944,0.31313793900906944,0.0
7.665791372363752,0.31558281881535993,0.31558281881535993,0.0
7.67029117329158,0.3180359332378367,0.3180359332378367,0.0
7.674790974219408,0.3204972097830324,0.3204972097830324,0.0
7.679290775147235,0.3229665751655886,0.3229665751655886,0.0
7.683790576075063,0.32544395531376763,0.32544395531376763,0.0
7.688290377002891,0.32792927537507144,0.32792927537507144,0.0
7.6927901779307195,0.3304224597219506,0.3304224597219506,0.0
7.697289978858548,0.33292343195759205,0.33292343195759205,0.0
7.701789779786376,0.3354321149218158,0.3354321149218158,0.0
7.706289580714204,0.33794843069704245,0.33794843069704245,0.0
7.710789381642032,0.34047230061435746,0.34047230061435746,0.0
7.71528918256986,0.3430036452596643,0.3430036452596643,0.0
7.719788983497688,0.3455423844799132,0.3455423844799132,0.0
7.724288784425516,0.34808843738942674,0.34808843738942674,0.0
7.728788585353343,0.3506417223763022,0.3506417223763022,0.0
7.733288386281171,0.3532021571088965,0.3532021571088965,0.0
7.7377881872089995,0.3557696585423903,0.3557696585423903,0.0
7.742287988136828,0.3583441429254468,0.3583441429254468,0.0
7.746787789064656,0.3609255258069264,0.3609255258069264,0.0
7.751287589992484,0.3635137220427041,0.3635137220427041,0.0
7.755787390920312,0.3661086458025445,0.3661086458025445,0.0
7.76028719184814,0.36871021057706516,0.36871021057706516,0.0
7.764786992775968,0.371318329184773,0.371318329184773,0.0
7.769286793703796,0.3739329137791662,0.3739329137791662,0.0
7.773786594631624,0.37655387585592137,0.37655387585592137,0.0
7.7782863955594514,0.37918112626014433,0.37918112626014433,0.0
7.7827861964872795,0.3818145751936948,0.3818145751936948,0.0
7.787285997415108,0.3844541322225754,0.3844541322225754,0.0
7.791785798342936,0.38709970628439727,0.38709970628439727,0.0
7.796285599270764,0.3897512056959035,0.3897512056959035,0.0
7.800785400198592,0.39240853816056764,0.39240853816056764,0.0
7.80528520112642,0.3950716107762507,0.3950716107762507,0.0
7.809785002054248,0.39774033004292003,0.39774033004292003,0.0
7.814284802982076,0.4004146018704395,0.4004146018704395,0.0
7.818784603909904,0.4030943315864105,0.4030943315864105,0.0
7.8232844048377315,0.4057794239440769,0.4057794239440769,0.0
7.8277842057655596,0.40846978313029514,0.40846978313029514,0.0
7.832284006693388,0.41116531277355206,0.41116531277355206,0.0
7.836783807621216,0.41386591595203853,0.41386591595203853,0.0
7.841283608549044,0.41657149520179276,0.41657149520179276,0.0
7.845783409476872,0.419281952524878,0.419281952524878,0.0
7.8502832104047,0.4219971893976287,0.4219971893976287,0.0
7.854783011332528,0.42471710677893515,0.42471710677893515,0.0
7.859282812260356,0.42744160511859103,0.42744160511859103,0.0
7.863782613188184,0.4301705843656807,0.4301705843656807,0.0
7.868282414116012,0.432903943977015,0.432903943977015,0.0
7.87278221504384,0.43564158292561683,0.43564158292561683,0.0
7.877282015971668,0.4383833997092547,0.4383833997092547,0.0
7.881781816899496,0.44112929235901055,0.44112929235901055,0.0
7.886281617827324,0.4438791584478928,0.4438791584478928,0.0
7.890781418755152,0.44663289509950754,0.44663289509950754,0.0
7.89528121968298,0.44939039899674055,0.44939039899674055,0.0
7.899781020610808,0.45215156639050114,0.45215156639050114,0.0
7.904280821538636,0.45491629310850096,0.45491629310850096,0.0
7.908780622466464,0.45768447456405154,0.45768447456405154,0.0
7.913280423394292,0.4604560057649257,0.4604560057649257,0.0
7.91778022432212,0.4632307813222204,0.4632307813222204,0.0
7.922280025249948,0.4660086954592891,0.4660086954592891,0.0
7.926779826177776,0.4687896420206648,0.4687896420206648,0.0
7.931279627105604,0.4715735144810503,0.4715735144810503,0.0
7.935779428033432,0.47436020595430894,0.47436020595430894,0.0
7.94027922896126,0.4771496092025045,0.4771496092025045,0.0
7.944779029889088,0.47994161664494933,0.47994161664494933,0.0
7.949278830816916,0.48273612036729047,0.48273612036729047,0.0
7.953778631744744,0.48553301213062133,0.48553301213062133,0.0
7.958278432672572,0.4883321833805922,0.4883321833805922,0.0
7.9627782336004005,0.49113352525658194,0.49113352525658194,0.0
7.967278034528228,0.49393692860084887,0.49393692860084887,0.0
7.971777835456056,0.49674228396772846,0.49674228396772846,0.0
7.976277636383884,0.49954948163284396,0.49954948163284396,0.0
7.980777437311712,0.5023584116023108,0.5023584116023108,0.0
7.98527723823954,0.5051689636219964,0.5051689636219964,0.0
7.989777039167368,0.5079810271867584,0.5079810271867584,0.0
7.994276840095196,0.5107944915497077,0.5107944915497077,0.0
7.998776641023024,0.5136092457314907,0.5136092457314907,0.0
8.003276441950852,0.5164251785295734,0.5164251785295734,0.0
8.00777624287868,0.5192421785275319,0.5192421785275319,0.0
8.012276043806509,0.522060134104362,0.522060134104362,0.0
8.016775844734337,0.5248789334437785,0.5248789334437785,0.0
8.021275645662165,0.5276984645435383,0.5276984645435383,0.0
8.025775446589993,0.5305186152247581,0.5305186152247581,0.0
8.030275247517821,0.5333392731412304,0.5333392731412304,0.0
8.034775048445649,0.5361603257887501,0.5361603257887501,0.0
8.039274849373477,0.5389816605144422,0.5389816605144422,0.0
8.043774650301305,0.541803164526077,0.541803164526077,0.0
8.048274451229133,0.544624724901401,0.544624724901401,0.0
8.052774252156961,0.5474462285974455,0.5474462285974455,0.0
8.05727405308479,0.5502675624598498,0.5502675624598498,0.0
8.061773854012618,0.5530886132321637,0.5530886132321637,0.0
8.066273654940444,0.5559092675651544,0.5559092675651544,0.0
8.070773455868272,0.5587294120261013,0.5587294120261013,0.0
8.0752732567961,0.5615489331080836,0.5615489331080836,0.0
8.079773057723928,0.5643677172392495,0.5643677172392495,0.0
8.084272858651756,0.5671856507920892,0.5671856507920892,0.0
8.088772659579584,0.5700026200926903,0.5700026200926903,0.0
8.093272460507412,0.5728185114299698,0.5728185114299698,0.0
8.09777226143524,0.5756332110649081,0.5756332110649081,0.0
8.102272062363069,0.5784466052397547,0.5784466052397547,0.0
8.106771863290897,0.5812585801872215,0.5812585801872215,0.0
8.111271664218723,0.5840690221396655,0.5840690221396655,0.0
8.115771465146551,0.5868778173382461,0.5868778173382461,0.0
8.12027126607438,0.5896848520420493,0.5896848520420493,0.0
8.124771067002207,0.5924900125372252,0.5924900125372252,0.0
8.129270867930035,0.5952931851460732,0.5952931851460732,0.0
8.133770668857863,0.5980942562361115,0.5980942562361115,0.0
8.138270469785692,0.6008931122291346,0.6008931122291346,0.0
8.14277027071352,0.6036896396102296,0.6036896396102296,0.0
8.147270071641348,0.6064837249367806,0.6064837249367806,0.0
8.151769872569176,0.6092752548474313,0.6092752548474313,0.0
8.156269673497004,0.6120641160710381,0.6120641160710381,0.0
8.160769474424832,0.614850195435576,0.614850195435576,0.0
8.16526927535266,0.6176333798770274,0.6176333798770274,0.0
8.169769076280488,0.6204135564482326,0.6204135564482326,0.0
8.174268877208316,0.6231906123277131,0.6231906123277131,0.0
8.178768678136144,0.625964434828457,0.625964434828457,0.0
8.183268479063972,0.6287349114066793,0.6287349114066793,0.0
8.1877682799918,0.6315019296705375,0.6315019296705375,0.0
8.192268080919629,0.6342653773888159,0.6342653773888159,0.0
8.196767881847457,0.6370251424995752,0.6370251424995752,0.0
8.201267682775285,0.6397811131187692,0.6397811131187692,0.0
8.205767483703113,0.6425331775488002,0.6425331775488002,0.0
8.210267284630941,0.6452812242870667,0.6452812242870667,0.0
8.214767085558769,0.6480251420344594,0.6480251420344594,0.0
8.219266886486597,0.6507648197037944,0.6507648197037944,0.0
8.223766687414425,0.6535001464282406,0.6535001464282406,0.0
8.228266488342253,0.656231011569681,0.656231011569681,0.0
8.232766289270081,0.658957304727037,0.658957304727037,0.0
8.23726609019791,0.66167891574455,0.66167891574455,0.0
8.241765891125738,0.6643957347200121,0.6643957347200121,0.0
8.246265692053566,0.6671076520129539,0.6671076520129539,0.0
8.250765492981394,0.6698145582527992,0.6698145582527992,0.0
8.25526529390922,0.6725163443469376,0.6725163443469376,0.0
8.259765094837048,0.6752129014887928,0.6752129014887928,0.0
8.264264895764876,0.677904121165809,0.677904121165809,0.0
8.268764696692704,0.680589895167398,0.680589895167398,0.0
8.273264497620533,0.6832701155928335,0.6832701155928335,0.0
8.27776429854836,0.6859446748591104,0.6859446748591104,0.0
8.282264099476189,0.6886134657087214,0.6886134657087214,0.0
8.286763900404017,0.6912763812174118,0.6912763812174118,0.0
8.291263701331845,0.6939333148018605,0.6939333148018605,0.0
8.295763502259673,0.6965841602273106,0.6965841602273106,0.0
8.300263303187501,0.6992288116151633,0.6992288116151633,0.0
8.304763104115327,0.7018671634504824,0.7018671634504824,0.0
8.309262905043155,0.7044991105894791,0.7044991105894791,0.0
8.313762705970984,0.7071245482669114,0.7071245482669114,0.0
8.318262506898812,0.7097433721034436,0.7097433721034436,0.0
8.32276230782664,0.7123554781129428,0.7123554781129428,0.0
8.327262108754468,0.7149607627097114,0.7149607627097114,0.0
8.331761909682296,0.7175591227156765,0.7175591227156765,0.0
8.336261710610124,0.7201504553674937,0.7201504553674937,0.0
8.340761511537952,0.7227346583236216,0.7227346583236216,0.0
8.34526131246578,0.7253116296713089,0.7253116296713089,0.0
8.349761113393608,0.7278812679335378,0.7278812679335378,0.0
8.354260914321436,0.7304434720758933,0.7304434720758933,0.0
8.358760715249264,0.7329981415133752,0.7329981415133752,0.0
8.363260516177093,0.7355451761171594,0.7355451761171594,0.0
8.36776031710492,0.7380844762212699,0.7380844762212699,0.0
8.372260118032749,0.7406159426292076,0.7406159426292076,0.0
8.376759918960577,0.7431394766205114,0.7431394766205114,0.0
8.381259719888405,0.7456549799572463,0.7456549799572463,0.0
8.385759520816233,0.7481623548904296,0.7481623548904296,0.0
8.390259321744061,0.7506615041664041,0.7506615041664041,0.0
8.39475912267189,0.7531523310331224,0.7531523310331224,0.0
8.399258923599717,0.7556347392463846,0.7556347392463846,0.0
8.403758724527545,0.7581086330759942,0.7581086330759942,0.0
8.408258525455373,0.7605739173118596,0.7605739173118596,0.0
8.412758326383202,0.7630304972700209,0.7630304972700209,0.0
8.41725812731103,0.7654782787986034,0.7654782787986034,0.0
8.421757928238858,0.7679171682837161,0.7679171682837161,0.0
8.426257729166686,0.7703470726552719,0.7703470726552719,0.0
8.430757530094514,0.7727678993927338,0.7727678993927338,0.0
8.435257331022342,0.7751795565308145,0.7751795565308145,0.0
8.43975713195017,0.7775819526650691,0.7775819526650691,0.0
8.444256932877998,0.7799749969574533,0.7799749969574533,0.0
8.448756733805824,0.782358599141793,0.782358599141793,0.0
8.453256534733653,0.7847326695291894,0.7847326695291894,0.0
8.45775633566148,0.7870971190133382,0.7870971190133382,0.0
8.462256136589309,0.7894518590758081,0.7894518590758081,0.0
8.466755937517137,0.7917968017912155,0.7917968017912155,0.0
8.471255738444965,0.7941318598323429,0.7941318598323429,0.0
8.475755539372793,0.7964569464751946,0.7964569464751946,0.0
8.480255340300621,0.7987719756039535,0.7987719756039535,0.0
8.48475514122845,0.8010768617158937,0.8010768617158937,0.0
8.489254942156277,0.8033715199262036,0.8033715199262036,0.0
8.493754743084104,0.8056558659727376,0.8056558659727376,0.0
8.498254544011932,0.807929816220707,0.807929816220707,0.0
8.50275434493976,0.8101932876672812,0.8101932876672812,0.0
8.507254145867588,0.8124461979461203,0.8124461979461203,0.0
8.511753946795416,0.814688465331847,0.814688465331847,0.0
8.516253747723244,0.816920008744427,0.816920008744427,0.0
8.520753548651072,0.8191407477534863,0.8191407477534863,0.0
8.5252533495789,0.8213506025825565,0.8213506025825565,0.0
8.529753150506728,0.823549494113231,0.823549494113231,0.0
8.534252951434556,0.8257373438892651,0.8257373438892651,0.0
8.538752752362385,0.8279140741206005,0.8279140741206005,0.0
8.543252553290213,0.8300796076872949,0.8300796076872949,0.0
8.54775235421804,0.8322338681434022,0.8322338681434022,0.0
8.552252155145869,0.8343767797207733,0.8343767797207733,0.0
8.556751956073697,0.8365082673327616,0.8365082673327616,0.0
8.561251757001525,0.8386282565778902,0.8386282565778902,0.0
8.565751557929353,0.8407366737434055,0.8407366737434055,0.0
8.570251358857181,0.8428334458087892,0.8428334458087892,0.0
8.57475115978501,0.8449185004491788,0.8449185004491788,0.0
8.579250960712837,0.8469917660387121,0.8469917660387121,0.0
8.583750761640665,0.84905317165381,0.84905317165381,0.0
8.588250562568494,0.851102647076371,0.851102647076371,0.0
8.592750363496322,0.853140122796902,0.853140122796902,0.0
8.59725016442415,0.8551655300175672,0.8551655300175672,0.0
8.601749965351978,0.8571788006551679,0.8571788006551679,0.0
8.606249766279806,0.8591798673440424,0.8591798673440424,0.0
8.610749567207634,0.8611686634389037,0.8611686634389037,0.0
8.615249368135462,0.863145123017584,0.863145123017584,0.0
8.61974916906329,0.8651091808837233,0.8651091808837233,0.0
8.624248969991118,0.8670607725693746,0.8670607725693746,0.0
8.628748770918946,0.8689998343375387,0.8689998343375387,0.0
8.633248571846774,0.8709263031846203,0.8709263031846203,0.0
8.637748372774603,0.8728401168428184,0.8728401168428184,0.0
8.642248173702429,0.8747412137824399,0.8747412137824399,0.0
8.646747974630257,0.8766295332141344,0.8766295332141344,0.0
8.651247775558085,0.8785050150910663,0.8785050150910663,0.0
8.655747576485913,0.8803676001110018,0.8803676001110018,0.0
8.660247377413741,0.8822172297183344,0.8822172297183344,0.0
8.66474717834157,0.8840538461060358,0.8840538461060358,0.0
8.669246979269397,0.8858773922175187,0.8858773922175187,0.0
8.673746780197225,0.8876878117484562,0.8876878117484562,0.0
8.678246581125054,0.889485049148502,0.889485049148502,0.0
8.682746382052882,0.8912690496229494,0.8912690496229494,0.0
8.687246182980708,0.8930397591343255,0.8930397591343255,0.0
8.691745983908536,0.894797124403903,0.894797124403903,0.0
8.696245784836364,0.8965410929131414,0.8965410929131414,0.0
8.700745585764192,0.898271612905071,0.898271612905071,0.0
8.70524538669202,0.8999886333855792,0.8999886333855792,0.0
8.709745187619848,0.9016921041246585,0.9016921041246585,0.0
8.714244988547676,0.9033819756575628,0.9033819756575628,0.0
8.718744789475505,0.905058199285895,0.905058199285895,0.0
8.723244590403333,0.9067207270786289,0.9067207270786289,0.0
8.72774439133116,0.9083695118730768,0.9083695118730768,0.0
8.732244192258989,0.9100045072757491,0.9100045072757491,0.0
8.736743993186817,0.9116256676631871,0.9116256676631871,0.0
8.741243794114645,0.9132329481826977,0.9132329481826977,0.0
8.745743595042473,0.9148263047530362,0.9148263047530362,0.0
8.750243395970301,0.9164056940650185,0.9164056940650185,0.0
8.75474319689813,0.9179710735820497,0.9179710735820497,0.0
8.759242997825957,0.9195224015406125,0.9195224015406125,0.0
8.763742798753785,0.9210596369506662,0.9210596369506662,0.0
8.768242599681614,0.9225827395959851,0.9225827395959851,0.0
8.772742400609442,0.9240916700344407,0.9240916700344407,0.0
8.77724220153727,0.9255863895982025,0.9255863895982025,0.0
8.781742002465098,0.927066860393874,0.927066860393874,0.0
8.786241803392926,0.9285330453025838,0.9285330453025838,0.0
8.790741604320754,0.9299849079799886,0.9299849079799886,0.0
8.795241405248582,0.931422412856211,0.931422412856211,0.0
8.79974120617641,0.9328455251357393,0.9328455251357393,0.0
8.804241007104238,0.9342542107972331,0.9342542107972331,0.0
8.808740808032066,0.9356484365932852,0.9356484365932852,0.0
8.813240608959894,0.937028170050101,0.937028170050101,0.0
8.817740409887723,0.9383933794671385,0.9383933794671385,0.0
8.82224021081555,0.9397440339166796,0.9397440339166796,0.0
8.826740011743379,0.9410801032433123,0.9410801032433123,0.0
8.831239812671205,0.9424015580633904,0.9424015580633904,0.0
8.835739613599033,0.9437083697644202,0.9437083697644202,0.0
8.840239414526861,0.9450005105043583,0.9450005105043583,0.0
8.84473921545469,0.9462779532108888,0.9462779532108888,0.0
8.849239016382517,0.9475406715806233,0.9475406715806233,0.0
8.853738817310346,0.9487886400782314,0.9487886400782314,0.0
8.858238618238174,0.9500218339355293,0.9500218339355293,0.0
8.862738419166002,0.9512402291505011,0.9512402291505011,0.0
8.86723822009383,0.9524438024862638,0.9524438024862638,0.0
8.871738021021658,0.9536325314699677,0.9536325314699677,0.0
8.876237821949486,0.954806394391656,0.954806394391656,0.0
8.880737622877312,0.9559653703030467,0.9559653703030467,0.0
8.88523742380514,0.9571094390162737,0.9571094390162737,0.0
8.889737224732968,0.9582385811025702,0.9582385811025702,0.0
8.894237025660797,0.9593527778908778,0.9593527778908778,0.0
8.898736826588625,0.960452011466436,0.960452011466436,0.0
8.903236627516453,0.9615362646692787,0.9615362646692787,0.0
8.90773642844428,0.9626055210927005,0.9626055210927005,0.0
8.912236229372109,0.9636597650816707,0.9636597650816707,0.0
8.916736030299937,0.9646989817311721,0.9646989817311721,0.0
8.921235831227765,0.9657231568845098,0.9657231568845098,0.0
8.925735632155593,0.9667322771315615,0.9667322771315615,0.0
8.930235433083421,0.9677263298069643,0.9677263298069643,0.0
8.93473523401125,0.9687053029882662,0.9687053029882662,0.0
8.939235034939077,0.9696691854940223,0.9696691854940223,0.0
8.943734835866906,0.9706179668818284,0.9706179668818284,0.0
8.948234636794734,0.9715516374463253,0.9715516374463253,0.0
8.952734437722562,0.972470188217137,0.972470188217137,0.0
8.95723423865039,0.973373610956764,0.973373610956764,0.0
8.961734039578218,0.974261898158441,0.974261898158441,0.0
8.966233840506046,0.9751350430439203,0.9751350430439203,0.0
8.970733641433874,0.9759930395612321,0.9759930395612321,0.0
8.975233442361702,0.9768358823823969,0.9768358823823969,0.0
8.97973324328953,0.9776635669010638,0.9776635669010638,0.0
8.984233044217358,0.9784760892301432,0.9784760892301432,0.0
8.988732845145186,0.9792734461993619,0.9792734461993619,0.0
8.993232646073015,0.980055635352784,0.980055635352784,0.0
8.997732447000843,0.980822654946301,0.980822654946301,0.0
9.00223224792867,0.9815745039450504,0.9815745039450504,0.0
9.006732048856499,0.9823111820208139,0.9823111820208139,0.0
9.011231849784327,0.9830326895493706,0.9830326895493706,0.0
9.015731650712155,0.9837390276077873,0.9837390276077873,0.0
9.020231451639983,0.9844301979716985,0.9844301979716985,0.0
9.02473125256781,0.9851062031125155,0.9851062031125155,0.0
9.029231053495637,0.985767046194617,0.985767046194617,0.0
9.033730854423466,0.9864127310724803,0.9864127310724803,0.0
9.038230655351294,0.9870432622877966,0.9870432622877966,0.0
9.042730456279122,0.9876586450665207,0.9876586450665207,0.0
9.04723025720695,0.9882588853159029,0.9882588853159029,0.0
9.051730058134778,0.9888439896214675,0.9888439896214675,0.0
9.056229859062606,0.9894139652439652,0.9894139652439652,0.0
9.060729659990434,0.989968820116282,0.989968820116282,0.0
9.065229460918262,0.990508562840312,0.990508562840312,0.0
9.069729261846089,0.9910332026837992,0.9910332026837992,0.0
9.074229062773917,0.9915427495771391,0.9915427495771391,0.0
9.078728863701745,0.9920372141101377,0.9920372141101377,0.0
9.083228664629573,0.992516607528751,0.992516607528751,0.0
9.0877284655574,0.9929809417317925,0.9929809417317925,0.0
9.092228266485229,0.9934302292675782,0.9934302292675782,0.0
9.096728067413057,0.9938644833305715,0.9938644833305715,0.0
9.101227868340885,0.9942837177579886,0.9942837177579886,0.0
9.105727669268713,0.9946879470263494,0.9946879470263494,0.0
9.110227470196541,0.9950771862480297,0.9950771862480297,0.0
9.11472727112437,0.9954514511677585,0.9954514511677585,0.0
9.119227072052198,0.9958107581590936,0.9958107581590936,0.0
9.123726872980026,0.9961551242208702,0.9961551242208702,0.0
9.128226673907854,0.9964845669736162,0.9964845669736162,0.0
9.132726474835682,0.9967991046559347,0.9967991046559347,0.0
9.13722627576351,0.997098756120872,0.997098756120872,0.0
9.141726076691338,0.9973835408322415,0.9973835408322415,0.0
9.146225877619166,0.9976534788609241,0.9976534788609241,0.0
9.150725678546994,0.9979085908811652,0.9979085908811652,0.0
9.155225479474822,0.9981488981667935,0.9981488981667935,0.0
9.15972528040265,0.9983744225874802,0.9983744225874802,0.0
9.164225081330478,0.9985851866049111,0.9985851866049111,0.0
9.168724882258307,0.9987812132689803,0.9987812132689803,0.0
9.173224683186135,0.9989625262139374,0.9989625262139374,0.0
9.177724484113963,0.9991291496545036,0.9991291496545036,0.0
9.18222428504179,0.9992811083819887,0.9992811083819887,0.0
9.186724085969619,0.9994184277603766,0.9994184277603766,0.0
9.191223886897447,0.9995411337223675,0.9995411337223675,0.0
9.195723687825275,0.9996492527654307,0.9996492527654307,0.0
9.200223488753103,0.9997428119478127,0.9997428119478127,0.0
9.204723289680931,0.9998218388845366,0.9998218388845366,0.0
9.20922309060876,0.9998863617433867,0.9998863617433867,0.0
9.213722891536587,0.9999364092408428,0.9999364092408428,0.0
9.218222692464414,0.9999720106380374,0.9999720106380374,0.0
9.222722493392242,0.9999931957366709,0.9999931957366709,0.0
9.22722229432007,0.9999999948748997,0.9999999948748997,0.0
9.231722095247898,0.9999924389232326,0.9999924389232326,0.0
9.236221896175726,0.9999705592803882,0.9999705592803882,0.0
9.240721697103554,0.9999343878691501,0.9999343878691501,0.0
9.245221498031382,0.9998839571321846,0.9998839571321846,0.0
9.24972129895921,0.999819300027881,0.999819300027881,0.0
9.254221099887038,0.9997404500261295,0.9997404500261295,0.0
9.258720900814867,0.9996474411041247,0.9996474411041247,0.0
9.263220701742693,0.9995403077421239,0.9995403077421239,0.0
9.267720502670521,0.9994190849192182,0.9994190849192182,0.0
9.272220303598349,0.9992838081090669,0.9992838081090669,0.0
9.276720104526177,0.9991345132756411,0.9991345132756411,0.0
9.281219905454005,0.9989712368689279,0.9989712368689279,0.0
9.285719706381833,0.9987940158206531,0.9987940158206531,0.0
9.290219507309661,0.9986028875399694,0.9986028875399694,0.0
9.29471930823749,0.9983978899091377,0.9983978899091377,0.0
9.299219109165318,0.998179061279218,0.998179061279218,0.0
9.303718910093146,0.9979464404657092,0.9979464404657092,0.0
9.308218711020974,0.9977000667442252,0.9977000667442252,0.0
9.312718511948802,0.9974399798461334,0.9974399798461334,0.0
9.31721831287663,0.9971662199541801,0.9971662199541801,0.0
9.321718113804458,0.99687882769814,0.99687882769814,0.0
9.326217914732286,0.9965778441504201,0.9965778441504201,0.0
9.330717715660114,0.9962633108216713,0.9962633108216713,0.0
9.335217516587942,0.9959352696564133,0.9959352696564133,0.0
9.33971731751577,0.9955937630286111,0.9955937630286111,0.0
9.344217118443598,0.9952388337372773,0.9952388337372773,0.0
9.348716919371427,0.9948705250020682,0.9948705250020682,0.0
9.353216720299255,0.9944888804588485,0.9944888804588485,0.0
9.357716521227083,0.9940939441552801,0.9940939441552801,0.0
9.36221632215491,0.9936857605463971,0.9936857605463971,0.0
9.366716123082739,0.9932643744901573,0.9932643744901573,0.0
9.371215924010567,0.9928298312430346,0.9928298312430346,0.0
9.375715724938395,0.9923821764555515,0.9923821764555515,0.0
9.380215525866223,0.9919214561678583,0.9919214561678583,0.0
9.384715326794051,0.9914477168052795,0.9914477168052795,0.0
9.38921512772188,0.9909610051738752,0.9909610051738752,0.0
9.393714928649707,0.990461368455985,0.990461368455985,0.0
9.398214729577536,0.9899488542057914,0.9899488542057914,0.0
9.402714530505364,0.9894235103448566,0.9894235103448566,0.0
9.40721433143319,0.9888853851576862,0.9888853851576862,0.0
9.411714132361018,0.9883345272872709,0.9883345272872709,0.0
9.416213933288846,0.9877709857306395,0.9877709857306395,0.0
9.420713734216674,0.9871948098344072,0.9871948098344072,0.0
9.425213535144502,0.9866060492903417,0.9866060492903417,0.0
9.42971333607233,0.986004754130893,0.986004754130893,0.0
9.434213137000159,0.9853909747247739,0.9853909747247739,0.0
9.438712937927987,0.984764761772502,0.984764761772502,0.0
9.443212738855815,0.9841261663019643,0.9841261663019643,0.0
9.447712539783643,0.983475239663987,0.983475239663987,0.0
9.45221234071147,0.9828120335278919,0.9828120335278919,0.0
9.456712141639297,0.9821365998770704,0.9821365998770704,0.0
9.461211942567125,0.9814489910045697,0.9814489910045697,0.0
9.465711743494953,0.9807492595086487,0.9807492595086487,0.0
9.470211544422781,0.9800374582883798,0.9800374582883798,0.0
9.47471134535061,0.9793136405392363,0.9793136405392363,0.0
9.479211146278438,0.9785778597486772,0.9785778597486772,0.0
9.483710947206266,0.9778301696917493,0.9778301696917493,0.0
9.488210748134094,0.9770706244267038,0.9770706244267038,0.0
9.492710549061922,0.9762992782905912,0.9762992782905912,0.0
9.49721034998975,0.9755161858948975,0.9755161858948975,0.0
9.501710150917578,0.9747214021211563,0.9747214021211563,0.0
9.506209951845406,0.9739149821165854,0.9739149821165854,0.0
9.510709752773234,0.9730969812897377,0.9730969812897377,0.0
9.515209553701062,0.972267455306137,0.972267455306137,0.0
9.51970935462889,0.9714264600839397,0.9714264600839397,0.0
9.524209155556719,0.970574051789605,0.970574051789605,0.0
9.528708956484547,0.9697102868335643,0.9697102868335643,0.0
9.533208757412375,0.968835221865908,0.968835221865908,0.0
9.537708558340203,0.9679489137720767,0.9679489137720767,0.0
9.542208359268031,0.9670514196685642,0.9670514196685642,0.0
9.546708160195859,0.9661427968986371,0.9661427968986371,0.0
9.551207961123687,0.9652231030280519,0.9652231030280519,0.0
9.555707762051515,0.9642923958407854,0.9642923958407854,0.0
9.560207562979343,0.9633507333347977,0.9633507333347977,0.0
9.564707363907171,0.9623981737177683,0.9623981737177683,0.0
9.569207164835,0.9614347754028723,0.9614347754028723,0.0
9.573706965762828,0.9604605970045663,0.9604605970045663,0.0
9.578206766690656,0.9594756973343685,0.9594756973343685,0.0
9.582706567618484,0.9584801353966768,0.9584801353966768,0.0
9.587206368546312,0.9574739703845704,0.9574739703845704,0.0
9.59170616947414,0.9564572616756437,0.9564572616756437,0.0
9.596205970401968,0.9554300688278647,0.9554300688278647,0.0
9.600705771329794,0.9543924515754042,0.9543924515754042,0.0
9.605205572257622,0.9533444698245246,0.9533444698245246,0.0
9.60970537318545,0.9522861836494556,0.9522861836494556,0.0
9.614205174113279,0.9512176532882937,0.9512176532882937,0.0
9.618704975041107,0.9501389391389113,0.9501389391389113,0.0
9.623204775968935,0.9490501017548841,0.9490501017548841,0.0
9.627704576896763,0.9479512018414353,0.9479512018414353,0.0
9.632204377824591,0.9468423002513793,0.9468423002513793,0.0
9.636704178752419,0.9457234579811103,0.9457234579811103,0.0
9.641203979680247,0.944594736166573,0.944594736166573,0.0
9.645703780608073,0.9434561960792768,0.9434561960792768,0.0
9.650203581535902,0.9423078991222965,0.9423078991222965,0.0
9.65470338246373,0.9411499068263273,0.9411499068263273,0.0
9.659203183391558,0.9399822808457188,0.9399822808457188,0.0
9.663702984319386,0.9388050829545477,0.9388050829545477,0.0
9.668202785247214,0.9376183750426987,0.9376183750426987,0.0
9.672702586175042,0.9364222191119723,0.9364222191119723,0.0
9.67720238710287,0.9352166772721855,0.9352166772721855,0.0
9.681702188030698,0.9340018117373194,0.9340018117373194,0.0
9.686201988958526,0.9327776848216702,0.9327776848216702,0.0
9.690701789886354,0.9315443589360122,0.9315443589360122,0.0
9.695201590814182,0.9303018965837844,0.9303018965837844,0.0
9.69970139174201,0.9290503603573084,0.9290503603573084,0.0
9.704201192669839,0.9277898129339899,0.9277898129339899,0.0
9.708700993597667,0.9265203170725805,0.9265203170725805,0.0
9.713200794525495,0.9252419356094255,0.9252419356094255,0.0
9.717700595453323,0.923954731454744,0.923954731454744,0.0
9.722200396381151,0.9226587675889367,0.9226587675889367,0.0
9.726700197308979,0.921354107058881,0.921354107058881,0.0
9.731199998236807,0.9200408129742854,0.9200408129742854,0.0
9.735699799164635,0.9187189485040401,0.9187189485040401,0.0
9.740199600092463,0.9173885768725811,0.9173885768725811,0.0
9.744699401020291,0.916049761356299,0.916049761356299,0.0
9.74919920194812,0.9147025652799369,0.9147025652799369,0.0
9.753699002875948,0.9133470520130343,0.9133470520130343,0.0
9.758198803803776,0.9119832849663783,0.9119832849663783,0.0
9.762698604731604,0.9106113275884711,0.9106113275884711,0.0
9.767198405659432,0.9092312433620304,0.9092312433620304,0.0
9.77169820658726,0.9078430958005018,0.9078430958005018,0.0
9.776198007515088,0.9064469484445858,0.9064469484445858,0.0
9.780697808442916,0.9050428648588017,0.9050428648588017,0.0
9.785197609370744,0.9036309086280632,0.9036309086280632,0.0
9.789697410298572,0.9022111433542647,0.9022111433542647,0.0
9.794197211226399,0.9007836326529146,0.9007836326529146,0.0
9.798697012154227,0.8993484401497567,0.8993484401497567,0.0
9.803196813082055,0.8979056294774397,0.8979056294774397,0.0
9.807696614009883,0.8964552642722008,0.8964552642722008,0.0
9.812196414937711,0.8949974081705625,0.8949974081705625,0.0
9.816696215865539,0.8935321248060522,0.8935321248060522,0.0
9.821196016793367,0.8920594778059618,0.8920594778059618,0.0
9.825695817721195,0.8905795307880991,0.8905795307880991,0.0
9.830195618649023,0.8890923473575865,0.8890923473575865,0.0
9.834695419576851,0.8875979911036705,0.8875979911036705,0.0
9.839195220504678,0.886096525596552,0.886096525596552,0.0
9.843695021432506,0.8845880143842367,0.8845880143842367,0.0
9.848194822360334,0.883072520989426,0.883072520989426,0.0
9.852694623288162,0.8815501089064013,0.8815501089064013,0.0
9.85719442421599,0.8800208415979477,0.8800208415979477,0.0
9.861694225143818,0.8784847824923081,0.8784847824923081,0.0
9.866194026071646,0.8769419949801348,0.8769419949801348,0.0
9.870693826999474,0.8753925424114887,0.8753925424114887,0.0
9.875193627927302,0.8738364880928449,0.8738364880928449,0.0
9.87969342885513,0.8722738952841255,0.8722738952841255,0.0
9.884193229782959,0.8707048271957599,0.8707048271957599,0.0
9.888693030710787,0.8691293469857576,0.8691293469857576,0.0
9.893192831638615,0.8675475177568136,0.8675475177568136,0.0
9.897692632566443,0.8659594025534373,0.8659594025534373,0.0
9.902192433494271,0.864365064359086,0.864365064359086,0.0
9.9066922344221,0.8627645660933461,0.8627645660933461,0.0
9.911192035349927,0.8611579706091296,0.8611579706091296,0.0
9.915691836277755,0.859545340689872,0.859545340689872,0.0
9.920191637205583,0.8579267390467916,0.8579267390467916,0.0
9.924691438133411,0.8563022283161388,0.8563022283161388,0.0
9.92919123906124,0.8546718710564846,0.8546718710564846,0.0
9.933691039989068,0.8530357297460306,0.8530357297460306,0.0
9.938190840916896,0.8513938667799361,0.8513938667799361,0.0
9.942690641844724,0.8497463444676759,0.8497463444676759,0.0
9.947190442772552,0.8480932250304185,0.8480932250304185,0.0
9.95169024370038,0.8464345705984198,0.8464345705984198,0.0
9.956190044628208,0.8447704432084596,0.8447704432084596,0.0
9.960689845556036,0.8431009048012765,0.8431009048012765,0.0
9.965189646483864,0.8414260172190465,0.8414260172190465,0.0
9.969689447411692,0.8397458422028722,0.8397458422028722,0.0
9.97418924833952,0.8380604413903006,0.8380604413903006,0.0
9.978689049267349,0.8363698763128663,0.8363698763128663,0.0
9.983188850195175,0.8346742083936561,0.8346742083936561,0.0
9.987688651123003,0.832973498944884,0.832973498944884,0.0
9.992188452050831,0.8312678091655186,0.8312678091655186,0.0
9.99668825297866,0.8295572001389061,0.8295572001389061,0.0
10.001188053906487,0.8278417328304273,0.8278417328304273,0.0
10.005687854834315,0.8261214680851827,0.8261214680851827,0.0
10.010187655762143,0.8243964666256911,0.8243964666256911,0.0
10.014687456689972,0.8226667890496191,0.8226667890496191,0.0
10.0191872576178,0.8209324958275318,0.8209324958275318,0.0
10.023687058545628,0.8191936473006602,0.8191936473006602,0.0
10.028186859473456,0.8174503036787044,0.8174503036787044,0.0
10.032686660401282,0.8157025250376531,0.8157025250376531,0.0
10.03718646132911,0.8139503713176169,0.8139503713176169,0.0
10.041686262256938,0.8121939023207088,0.8121939023207088,0.0
10.046186063184766,0.8104331777089221,0.8104331777089221,0.0
10.050685864112594,0.8086682570020486,0.8086682570020486,0.0
10.055185665040423,0.8068991995756091,0.8068991995756091,0.0
10.05968546596825,0.80512606465882,0.80512606465882,0.0
10.064185266896079,0.8033489113325661,0.8033489113325661,0.0
10.068685067823907,0.8015677985274086,0.8015677985274086,0.0
10.073184868751735,0.7997827850216184,0.7997827850216184,0.0
10.077684669679563,0.7979939294392132,0.7979939294392132,0.0
10.082184470607391,0.796201290248049,0.796201290248049,0.0
10.08668427153522,0.7944049257579002,0.7944049257579002,0.0
10.091184072463047,0.7926048941185863,0.7926048941185863,0.0
10.095683873390875,0.7908012533181159,0.7908012533181159,0.0
10.100183674318703,0.7889940611808488,0.7889940611808488,0.0
10.104683475246532,0.7871833753656774,0.7871833753656774,0.0
10.10918327617436,0.7853692533642535,0.7853692533642535,0.0
10.113683077102188,0.7835517524992023,0.7835517524992023,0.0
10.118182878030016,0.781730929922389,0.781730929922389,0.0
10.122682678957844,0.7799068426131961,0.7799068426131961,0.0
10.127182479885672,0.7780795473768178,0.7780795473768178,0.0
10.1316822808135,0.7762491008425922,0.7762491008425922,0.0
10.136182081741328,0.7744155594623372,0.7744155594623372,0.0
10.140681882669156,0.7725789795087213,0.7725789795087213,0.0
10.145181683596984,0.7707394170736583,0.7707394170736583,0.0
10.149681484524812,0.7688969280667117,0.7688969280667117,0.0
10.15418128545264,0.7670515682135313,0.7670515682135313,0.0
10.158681086380469,0.7652033930543161,0.7652033930543161,0.0
10.163180887308297,0.763352457942279,0.763352457942279,0.0
10.167680688236125,0.7614988180421605,0.7614988180421605,0.0
10.172180489163953,0.7596425283287447,0.7596425283287447,0.0
10.17668029009178,0.7577836435853993,0.7577836435853993,0.0
10.181180091019607,0.7559222184026447,0.7559222184026447,0.0
10.185679891947435,0.7540583071767492,0.7540583071767492,0.0
10.190179692875263,0.7521919641083212,0.7521919641083212,0.0
10.194679493803092,0.7503232432009568,0.7503232432009568,0.0
10.19917929473092,0.7484521982598786,0.7484521982598786,0.0
10.203679095658748,0.7465788828906118,0.7465788828906118,0.0
10.208178896586576,0.7447033504976884,0.7447033504976884,0.0
10.212678697514404,0.7428256542833487,0.7428256542833487,0.0
10.217178498442232,0.740945847246286,0.740945847246286,0.0
10.221678299370058,0.7390639821804076,0.7390639821804076,0.0
10.226178100297886,0.7371801116736033,0.7371801116736033,0.0
10.230677901225715,0.7352942881065533,0.7352942881065533,0.0
10.235177702153543,0.7334065636515531,0.7334065636515531,0.0
10.23967750308137,0.7315169902713405,0.7315169902713405,0.0
10.244177304009199,0.7296256197179709,0.7296256197179709,0.0
10.248677104937027,0.7277325035316957,0.7277325035316957,0.0
10.253176905864855,0.7258376930398623,0.7258376930398623,0.0
10.257676706792683,0.7239412393558436,0.7239412393558436,0.0
10.262176507720511,0.722043193377972,0.722043193377972,0.0
10.26667630864834,0.7201436057885218,0.7201436057885218,0.0
10.271176109576167,0.7182425270526739,0.7182425270526739,0.0
10.275675910503995,0.7163400074175291,0.7163400074175291,0.0
10.280175711431824,0.714436096911131,0.714436096911131,0.0
10.284675512359652,0.712530845341512,0.712530845341512,0.0
10.28917531328748,0.7106243022957585,0.7106243022957585,0.0
10.293675114215308,0.7087165171390863,0.7087165171390863,0.0
10.298174915143136,0.7068075390139535,0.7068075390139535,0.0
10.302674716070964,0.7048974168391772,0.7048974168391772,0.0
10.307174516998792,0.7029861993090758,0.7029861993090758,0.0
10.31167431792662,0.701073934892632,0.701073934892632,0.0
10.316174118854448,0.6991606718326784,0.6991606718326784,0.0
10.320673919782276,0.6972464581450849,0.6972464581450849,0.0
10.325173720710104,0.6953313416179878,0.6953313416179878,0.0
10.329673521637933,0.6934153698110245,0.6934153698110245,0.0
10.33417332256576,0.6914985900545826,0.6914985900545826,0.0
10.338673123493589,0.689581049449092,0.689581049449092,0.0
10.343172924421417,0.6876627948642998,0.6876627948642998,0.0
10.347672725349245,0.6857438729385921,0.6857438729385921,0.0
10.352172526277073,0.6838243300783249,0.6838243300783249,0.0
10.356672327204901,0.6819042124571654,0.6819042124571654,0.0
10.36117212813273,0.6799835660154752,0.6799835660154752,0.0
10.365671929060557,0.6780624364596715,0.6780624364596715,0.0
10.370171729988384,0.6761408692616523,0.6761408692616523,0.0
10.374671530916212,0.6742189096582034,0.6742189096582034,0.0
10.37917133184404,0.6722966026504439,0.6722966026504439,0.0
10.383671132771868,0.6703739930032743,0.6703739930032743,0.0
10.388170933699696,0.6684511252448683,0.6684511252448683,0.0
10.392670734627524,0.6665280436661414,0.6665280436661414,0.0
10.397170535555352,0.664604792320273,0.664604792320273,0.0
10.40167033648318,0.6626814150222313,0.6626814150222313,0.0
10.406170137411008,0.6607579553483093,0.6607579553483093,0.0
10.410669938338836,0.6588344566356924,0.6588344566356924,0.0
10.415169739266663,0.6569109619820386,0.6569109619820386,0.0
10.41966954019449,0.654987514245053,0.654987514245053,0.0
10.424169341122319,0.6530641560421219,0.6530641560421219,0.0
10.428669142050147,0.6511409297499214,0.6511409297499214,0.0
10.433168942977975,0.6492178775040733,0.6492178775040733,0.0
10.437668743905803,0.6472950411987926,0.6472950411987926,0.0
10.442168544833631,0.6453724624865801,0.6453724624865801,0.0
10.44666834576146,0.643450182777897,0.643450182777897,0.0
10.451168146689287,0.6415282432408811,0.6415282432408811,0.0
10.455667947617115,0.6396066848010676,0.6396066848010676,0.0
10.460167748544944,0.6376855481411339,0.6376855481411339,0.0
10.464667549472772,0.6357648737006588,0.6357648737006588,0.0
10.4691673504006,0.6338447016758713,0.6338447016758713,0.0
10.473667151328428,0.631925072019466,0.631925072019466,0.0
10.478166952256256,0.6300060244403787,0.6300060244403787,0.0
10.482666753184084,0.6280875984036213,0.6280875984036213,0.0
10.487166554111912,0.6261698331301132,0.6261698331301132,0.0
10.49166635503974,0.6242527675965133,0.6242527675965133,0.0
10.496166155967568,0.6223364405350942,0.6223364405350942,0.0
10.500665956895396,0.6204208904336168,0.6204208904336168,0.0
10.505165757823224,0.6185061555352206,0.6185061555352206,0.0
10.509665558751053,0.6165922738383247,0.6165922738383247,0.0
10.51416535967888,0.6146792830965602,0.6146792830965602,0.0
10.518665160606709,0.6127672208186906,0.6127672208186906,0.0
10.523164961534537,0.6108561242685662,0.6108561242685662,0.0
10.527664762462365,0.6089460304650898,0.6089460304650898,0.0
10.532164563390193,0.6070369761821877,0.6070369761821877,0.0
10.536664364318021,0.60512899794881,0.60512899794881,0.0
10.54116416524585,0.6032221320489154,0.6032221320489154,0.0
10.545663966173677,0.6013164145215159,0.6013164145215159,0.0
10.550163767101505,0.5994118811606802,0.5994118811606802,0.0
10.554663568029333,0.5975085675155981,0.5975085675155981,0.0
10.55916336895716,0.5956065088906295,0.5956065088906295,0.0
10.563663169884988,0.5937057403453809,0.5937057403453809,0.0
10.568162970812816,0.5918062966947832,0.5918062966947832,0.0
10.572662771740644,0.5899082125091902,0.5899082125091902,0.0
10.577162572668472,0.5880115221144955,0.5880115221144955,0.0
10.5816623735963,0.5861162595922458,0.5861162595922458,0.0
10.586162174524128,0.5842224587797736,0.5842224587797736,0.0
10.590661975451956,0.5823301532703633,0.5823301532703633,0.0
10.595161776379785,0.5804393764133896,0.5804393764133896,0.0
10.599661577307613,0.5785501613144982,0.5785501613144982,0.0
10.60416137823544,0.5766625408357907,0.5766625408357907,0.0
10.608661179163267,0.5747765475960226,0.5747765475960226,0.0
10.613160980091095,0.5728922139708065,0.5728922139708065,0.0
10.617660781018923,0.5710095720928345,0.5710095720928345,0.0
10.622160581946751,0.5691286538521051,0.5691286538521051,0.0
10.62666038287458,0.5672494908961794,0.5672494908961794,0.0
10.631160183802407,0.5653721146304186,0.5653721146304186,0.0
10.635659984730236,0.5634965562182559,0.5634965562182559,0.0
10.640159785658064,0.5616228465814853,0.5616228465814853,0.0
10.644659586585892,0.5597510164005316,0.5597510164005316,0.0
10.64915938751372,0.5578810961147572,0.5578810961147572,0.0
10.653659188441548,0.5560131159227734,0.5560131159227734,0.0
10.658158989369376,0.5541471057827587,0.5541471057827587,0.0
10.662658790297204,0.5522830954127953,0.5522830954127953,0.0
10.667158591225032,0.5504211142911979,0.5504211142911979,0.0
10.67165839215286,0.5485611916568849,0.5485611916568849,0.0
10.676158193080688,0.5467033565097186,0.5467033565097186,0.0
10.680657994008516,0.5448476376109008,0.5448476376109008,0.0
10.685157794936345,0.5429940634833325,0.5429940634833325,0.0
10.689657595864173,0.5411426624120327,0.5411426624120327,0.0
10.694157396792,0.5392934624445169,0.5392934624445169,0.0
10.698657197719829,0.5374464913912171,0.5374464913912171,0.0
10.703156998647657,0.5356017768259176,0.5356017768259176,0.0
10.707656799575485,0.5337593460861603,0.5337593460861603,0.0
10.712156600503313,0.531919226273715,0.531919226273715,0.0
10.716656401431141,0.5300814442550024,0.5300814442550024,0.0
10.72115620235897,0.5282460266615695,0.5282460266615695,0.0
10.725656003286797,0.5264129998905593,0.5264129998905593,0.0
10.730155804214625,0.5245823901051752,0.5245823901051752,0.0
10.734655605142454,0.5227542232351834,0.5227542232351834,0.0
10.739155406070282,0.5209285249773972,0.5209285249773972,0.0
10.74365520699811,0.5191053207961787,0.5191053207961787,0.0
10.748155007925938,0.5172846359239646,0.5172846359239646,0.0
10.752654808853764,0.5154664953617741,0.5154664953617741,0.0
10.757154609781592,0.5136509238797393,0.5136509238797393,0.0
10.76165441070942,0.5118379460176571,0.5118379460176571,0.0
10.766154211637248,0.5100275860855107,0.5100275860855107,0.0
10.770654012565076,0.5082198681640436,0.5082198681640436,0.0
10.775153813492905,0.50641481610531,0.50641481610531,0.0
10.779653614420733,0.5046124535332471,0.5046124535332471,0.0
10.78415341534856,0.5028128038442531,0.5028128038442531,0.0
10.788653216276389,0.5010158902077777,0.5010158902077777,0.0
10.793153017204217,0.499221735566894,0.499221735566894,0.0
10.797652818132043,0.49743036263892315,0.49743036263892315,0.0
10.802152619059871,0.49564179391602564,0.49564179391602564,0.0
10.8066524199877,0.4938560516658173,0.4938560516658173,0.0
10.811152220915528,0.49207315793199286,0.49207315793199286,0.0
10.815652021843356,0.4902931345349563,0.4902931345349563,0.0
10.820151822771184,0.4885160030724535,0.4885160030724535,0.0
10.824651623699012,0.48674178492021125,0.48674178492021125,0.0
10.82915142462684,0.4849705012325852,0.4849705012325852,0.0
10.833651225554668,0.4832021729432251,0.4832021729432251,0.0
10.838151026482496,0.48143682076572697,0.48143682076572697,0.0
10.842650827410324,0.4796744651942997,0.4796744651942997,0.0
10.847150628338152,0.477915126504444,0.477915126504444,0.0
10.85165042926598,0.4761588247536368,0.4761588247536368,0.0
10.856150230193808,0.4744055797820109,0.4744055797820109,0.0
10.860650031121637,0.4726554112130432,0.4726554112130432,0.0
10.865149832049465,0.47090833845426866,0.47090833845426866,0.0
10.869649632977293,0.4691643806979753,0.4691643806979753,0.0
10.87414943390512,0.4674235569219084,0.4674235569219084,0.0
10.878649234832949,0.46568588589000043,0.46568588589000043,0.0
10.883149035760777,0.4639513861530766,0.4639513861530766,0.0
10.887648836688605,0.4622200760495976,0.4622200760495976,0.0
10.892148637616433,0.4604919737063815,0.4604919737063815,0.0
10.896648438544261,0.4587670970393375,0.4587670970393375,0.0
10.90114823947209,0.45704546375422606,0.45704546375422606,0.0
10.905648040399917,0.4553270913473806,0.4553270913473806,0.0
10.910147841327746,0.4536119971064861,0.4536119971064861,0.0
10.914647642255574,0.4519001981113219,0.4519001981113219,0.0
10.919147443183402,0.45019171123452173,0.45019171123452173,0.0
10.92364724411123,0.4484865531423516,0.4484865531423516,0.0
10.928147045039058,0.44678474029547455,0.44678474029547455,0.0
10.932646845966886,0.4450862889497224,0.4450862889497224,0.0
10.937146646894714,0.44339121515689317,0.44339121515689317,0.0
10.941646447822542,0.4416995347655163,0.4416995347655163,0.0
10.946146248750368,0.4400112634216508,0.4400112634216508,0.0
10.950646049678198,0.4383264165696813,0.4383264165696813,0.0
10.955145850606026,0.4366450094531123,0.4366450094531123,0.0
10.959645651533855,0.43496705711536937,0.43496705711536937,0.0
10.964145452461683,0.433292574400603,0.433292574400603,0.0
10.968645253389507,0.43162157595450706,0.43162157595450706,0.0
10.973145054317335,0.4299540762251171,0.4299540762251171,0.0
10.977644855245163,0.428290089463639,0.428290089463639,0.0
10.982144656172991,0.42662962972526863,0.42662962972526863,0.0
10.98664445710082,0.4249727108700052,0.4249727108700052,0.0
10.991144258028648,0.4233193465634975,0.4233193465634975,0.0
10.995644058956476,0.42166955027785097,0.42166955027785097,0.0
11.000143859884304,0.42002333529248215,0.42002333529248215,0.0
11.004643660812132,0.4183807146949429,0.4183807146949429,0.0
11.00914346173996,0.41674170138176925,0.41674170138176925,0.0
11.013643262667788,0.4151063080593198,0.4151063080593198,0.0
11.018143063595616,0.41347454724462146,0.41347454724462146,0.0
11.022642864523444,0.411846431266223,0.411846431266223,0.0
11.027142665451272,0.41022197226504087,0.41022197226504087,0.0
11.0316424663791,0.40860118219521946,0.40860118219521946,0.0
11.036142267306928,0.406984072824986,0.406984072824986,0.0
11.040642068234757,0.4053706557375102,0.4053706557375102,0.0
11.045141869162585,0.40376094233176973,0.40376094233176973,0.0
11.049641670090413,0.40215494382340705,0.40215494382340705,0.0
11.05414147101824,0.40055267124560545,0.40055267124560545,0.0
11.058641271946069,0.39895413544995445,0.39895413544995445,0.0
11.063141072873897,0.3973593471073225,0.3973593471073225,0.0
11.067640873801725,0.39576831670872953,0.39576831670872953,0.0
11.072140674729553,0.39418105456622254,0.39418105456622254,0.0
11.076640475657381,0.3925975708137554,0.3925975708137554,0.0
11.08114027658521,0.39101787540806554,0.39101787540806554,0.0
11.085640077513037,0.3894419781295619,0.3894419781295619,0.0
11.090139878440866,0.3878698885831984,0.3878698885831984,0.0
11.094639679368694,0.3863016161993685,0.3863016161993685,0.0
11.099139480296522,0.3847371702347821,0.3847371702347821,0.0
11.10363928122435,0.3831765597733663,0.3831765597733663,0.0
11.108139082152178,0.38161979372714117,0.38161979372714117,0.0
11.112638883080006,0.38006688083712514,0.38006688083712514,0.0
11.117138684007834,0.3785178296742154,0.3785178296742154,0.0
11.121638484935662,0.37697264864008856,0.37697264864008856,0.0
11.12613828586349,0.3754313459680914,0.3754313459680914,0.0
11.130638086791318,0.3738939297241399,0.3738939297241399,0.0
11.135137887719146,0.3723604078076196,0.3723604078076196,0.0
11.139637688646975,0.3708307879522786,0.3708307879522786,0.0
11.144137489574803,0.3693050777271285,0.3693050777271285,0.0
11.14863729050263,0.3677832845373446,0.3677832845373446,0.0
11.153137091430459,0.3662654156251662,0.3662654156251662,0.0
11.157636892358283,0.36475147807080627,0.36475147807080627,0.0
11.162136693286111,0.36324147879333707,0.36324147879333707,0.0
11.16663649421394,0.36173542455161506,0.36173542455161506,0.0
11.171136295141768,0.36023332194516683,0.36023332194516683,0.0
11.175636096069596,0.3587351774151013,0.3587351774151013,0.0
11.180135896997424,0.35724099724501596,0.35724099724501596,0.0
11.184635697925252,0.3557507875619012,0.3557507875619012,0.0
11.18913549885308,0.3542645543370425,0.3542645543370425,0.0
11.193635299780908,0.3527823033869294,0.3527823033869294,0.0
11.198135100708736,0.3513040403741634,0.3513040403741634,0.0
11.202634901636564,0.34982977080836253,0.34982977080836253,0.0
11.207134702564392,0.348359500047066,0.348359500047066,0.0
11.21163450349222,0.346893233296648,0.346893233296648,0.0
11.216134304420049,0.3454309756132186,0.3454309756132186,0.0
11.220634105347877,0.34397273190352573,0.34397273190352573,0.0
11.225133906275705,0.342518506925877,0.342518506925877,0.0
11.229633707203533,0.34106830529103394,0.34106830529103394,0.0
11.234133508131361,0.3396221314631205,0.3396221314631205,0.0
11.238633309059189,0.338179989760533,0.338179989760533,0.0
11.243133109987017,0.3367418843568443,0.3367418843568443,0.0
11.247632910914845,0.33530781928170744,0.33530781928170744,0.0
11.252132711842673,0.3338777984217652,0.3338777984217652,0.0
11.256632512770501,0.3324518255215494,0.3324518255215494,0.0
11.26113231369833,0.331029904184391,0.331029904184391,0.0
11.265632114626158,0.32961203787332205,0.32961203787332205,0.0
11.270131915553986,0.32819822991197317,0.32819822991197317,0.0
11.274631716481814,0.3267884834854869,0.3267884834854869,0.0
11.279131517409642,0.3253828016414109,0.3253828016414109,0.0
11.28363131833747,0.32398118729060205,0.32398118729060205,0.0
11.288131119265298,0.32258364320813054,0.32258364320813054,0.0
11.292630920193126,0.3211901720341734,0.3211901720341734,0.0
11.297130721120954,0.3198007762749163,0.3198007762749163,0.0
11.301630522048782,0.3184154583034522,0.3184154583034522,0.0
11.30613032297661,0.3170342203606764,0.3170342203606764,0.0
11.310630123904438,0.31565706455618836,0.31565706455618836,0.0
11.315129924832267,0.3142839928691758,0.3142839928691758,0.0
11.319629725760095,0.3129150071493187,0.3129150071493187,0.0
11.324129526687923,0.31155010911767533,0.31155010911767533,0.0
11.32862932761575,0.31018930036758013,0.31018930036758013,0.0
11.333129128543579,0.3088325823655288,0.3088325823655288,0.0
11.337628929471407,0.30747995645207277,0.30747995645207277,0.0
11.342128730399235,0.30613142384269754,0.30613142384269754,0.0
11.346628531327063,0.3047869856287224,0.3047869856287224,0.0
11.351128332254888,0.3034466427781749,0.3034466427781749,0.0
11.355628133182716,0.3021103961366782,0.3021103961366782,0.0
11.360127934110544,0.30077824642833717,0.30077824642833717,0.0
11.364627735038372,0.2994501942566149,0.2994501942566149,0.0
11.3691275359662,0.2981262401052129,0.2981262401052129,0.0
11.373627336894028,0.2968063843389493,0.2968063843389493,0.0
11.378127137821856,0.29549062720463665,0.29549062720463665,0.0
11.382626938749684,0.29417896883195177,0.29417896883195177,0.0
11.387126739677512,0.29287140923431787,0.29287140923431787,0.0
11.39162654060534,0.29156794830976496,0.29156794830976496,0.0
11.396126341533169,0.29026858584180837,0.29026858584180837,0.0
11.400626142460997,0.288973321500309,0.288973321500309,0.0
11.405125943388825,0.28768215484234755,0.28768215484234755,0.0
11.409625744316653,0.2863950853130801,0.2863950853130801,0.0
11.414125545244481,0.28511211224661154,0.28511211224661154,0.0
11.418625346172309,0.2838332348668407,0.2838332348668407,0.0
11.423125147100137,0.28255845228833415,0.28255845228833415,0.0
11.427624948027965,0.28128776351717033,0.28128776351717033,0.0
11.432124748955793,0.2800211674518066,0.2800211674518066,0.0
11.436624549883621,0.27875866288391954,0.27875866288391954,0.0
11.44112435081145,0.2775002484992617,0.2775002484992617,0.0
11.445624151739278,0.2762459228785133,0.2762459228785133,0.0
11.450123952667106,0.2749956844981207,0.2749956844981207,0.0
11.454623753594934,0.27374953173114186,0.27374953173114186,0.0
11.459123554522762,0.2725074628480986,0.2725074628480986,0.0
11.46362335545059,0.27126947601780393,0.27126947601780393,0.0
11.468123156378418,0.2700355693082031,0.2700355693082031,0.0
11.472622957306246,0.2688057406872122,0.2688057406872122,0.0
11.477122758234074,0.2675799880235498,0.2675799880235498,0.0
11.481622559161902,0.26635830908756647,0.26635830908756647,0.0
11.48612236008973,0.26514070155207453,0.26514070155207453,0.0
11.490622161017559,0.26392716299317204,0.26392716299317204,0.0
11.495121961945387,0.2627176908910701,0.2627176908910701,0.0
11.499621762873215,0.2615122826309117,0.2615122826309117,0.0
11.504121563801043,0.26031093550358697,0.26031093550358697,0.0
11.50862136472887,0.2591136467065614,0.2591136467065614,0.0
11.513121165656699,0.25792041334467386,0.25792041334467386,0.0
11.517620966584527,0.2567312324309629,0.2567312324309629,0.0
11.522120767512355,0.25554610088746355,0.25554610088746355,0.0
11.526620568440183,0.254365015546022,0.254365015546022,0.0
11.531120369368011,0.25318797314909486,0.25318797314909486,0.0
11.53562017029584,0.25201497035055503,0.25201497035055503,0.0
11.540119971223668,0.25084600371648424,0.25084600371648424,0.0
11.544619772151492,0.24968106972597431,0.24968106972597431,0.0
11.54911957307932,0.2485201647719147,0.2485201647719147,0.0
11.553619374007148,0.2473632851617904,0.2473632851617904,0.0
11.558119174934976,0.24621042711846491,0.24621042711846491,0.0
11.562618975862804,0.24506158678096665,0.24506158678096665,0.0
11.567118776790632,0.2439167602052728,0.2439167602052728,0.0
11.57161857771846,0.24277594336508587,0.24277594336508587,0.0
11.576118378646289,0.24163913215261304,0.24163913215261304,0.0
11.580618179574117,0.24050632237934325,0.24050632237934325,0.0
11.585117980501945,0.23937750977681155,0.23937750977681155,0.0
11.589617781429773,0.238252689997375,0.238252689997375,0.0
11.594117582357601,0.23713185861497313,0.23713185861497313,0.0
11.59861738328543,0.2360150111258922,0.2360150111258922,0.0
11.603117184213257,0.23490214294952852,0.23490214294952852,0.0
11.607616985141085,0.23379324942914032,0.23379324942914032,0.0
11.612116786068913,0.23268832583260865,0.23268832583260865,0.0
11.616616586996741,0.23158736735318025,0.23158736735318025,0.0
11.62111638792457,0.23049036911022264,0.23049036911022264,0.0
11.625616188852398,0.2293973261499686,0.2293973261499686,0.0
11.630115989780226,0.22830823344625636,0.22830823344625636,0.0
11.634615790708054,0.22722308590127158,0.22722308590127158,0.0
11.639115591635882,0.22614187834628152,0.22614187834628152,0.0
11.64361539256371,0.22506460554237206,0.22506460554237206,0.0
11.648115193491538,0.22399126218117346,0.22399126218117346,0.0
11.652614994419366,0.22292184288559297,0.22292184288559297,0.0
11.657114795347194,0.22185634221053388,0.22185634221053388,0.0
11.661614596275022,0.22079475464362439,0.22079475464362439,0.0
11.66611439720285,0.21973707460593064,0.21973707460593064,0.0
11.670614198130679,0.2186832964526702,0.2186832964526702,0.0
11.675113999058507,0.21763341447393064,0.21763341447393064,0.0
11.679613799986335,0.21658742289537297,0.21658742289537297,0.0
11.684113600914163,0.21554531587894352,0.21554531587894352,0.0
11.688613401841991,0.2145070875235702,0.2145070875235702,0.0
11.693113202769819,0.21347273186586602,0.21347273186586602,0.0
11.697613003697647,0.2124422428808269,0.2124422428808269,0.0
11.702112804625475,0.2114156144825242,0.2114156144825242,0.0
11.706612605553303,0.21039284052479348,0.21039284052479348,0.0
11.711112406481131,0.20937391480192222,0.20937391480192222,0.0
11.71561220740896,0.20835883104933817,0.20835883104933817,0.0
11.720112008336788,0.2073475829442836,0.2073475829442836,0.0
11.724611809264616,0.20634016410649642,0.20634016410649642,0.0
11.729111610192444,0.205336568098887,0.205336568098887,0.0
11.733611411120268,0.2043367884282065,0.2043367884282065,0.0
11.738111212048096,0.20334081854571492,0.20334081854571492,0.0
11.742611012975924,0.20234865184784617,0.20234865184784617,0.0
11.747110813903753,0.20136028167687328,0.20136028167687328,0.0
11.75161061483158,0.20037570132156285,0.20037570132156285,0.0
11.756110415759409,0.1993949040178295,0.1993949040178295,0.0
11.760610216687237,0.19841788294939533,0.19841788294939533,0.0
11.765110017615065,0.19744463124843017,0.19744463124843017,0.0
11.769609818542893,0.19647514199619961,0.19647514199619961,0.0
11.774109619470721,0.19550940822371168,0.19550940822371168,0.0
11.77860942039855,0.19454742291235116,0.19454742291235116,0.0
11.783109221326377,0.19358917899451572,0.19358917899451572,0.0
11.787609022254205,0.19263466935425294,0.19263466935425294,0.0
11.792108823182033,0.19168388682788282,0.19168388682788282,0.0
11.796608624109862,0.19073682420463056,0.19073682420463056,0.0
11.80110842503769,0.18979347422724535,0.18979347422724535,0.0
11.805608225965518,0.18885382959261826,0.18885382959261826,0.0
11.810108026893346,0.187917882952407,0.187917882952407,0.0
11.814607827821174,0.18698562691363704,0.18698562691363704,0.0
11.819107628749002,0.1860570540393205,0.1860570540393205,0.0
11.82360742967683,0.1851321568490589,0.1851321568490589,0.0
11.828107230604658,0.18421092781964618,0.18421092781964618,0.0
11.832607031532486,0.18329335938566885,0.18329335938566885,0.0
11.837106832460314,0.1823794439401051,0.1823794439401051,0.0
11.841606633388142,0.18146917383491265,0.18146917383491265,0.0
11.84610643431597,0.1805625413816238,0.1805625413816238,0.0
11.850606235243799,0.17965953885193015,0.17965953885193015,0.0
11.855106036171627,0.17876015847826446,0.17876015847826446,0.0
11.859605837099455,0.17786439245438598,0.17786439245438598,0.0
11.864105638027283,0.17697223293595019,0.17697223293595019,0.0
11.868605438955111,0.17608367204108732,0.17608367204108732,0.0
11.873105239882939,0.17519870185097017,0.17519870185097017,0.0
11.877605040810767,0.1743173144103829,0.1743173144103829,0.0
11.882104841738595,0.17343950172828607,0.17343950172828607,0.0
11.886604642666423,0.17256525577837067,0.17256525577837067,0.0
11.891104443594251,0.17169456849962184,0.17169456849962184,0.0
11.89560424452208,0.17082743179686993,0.17082743179686993,0.0
11.900104045449908,0.1699638375413408,0.1699638375413408,0.0
11.904603846377736,0.16910377757120384,0.16910377757120384,0.0
11.909103647305564,0.16824724369211705,0.16824724369211705,0.0
11.913603448233392,0.1673942276777639,0.1673942276777639,0.0
11.91810324916122,0.1665447212703958,0.1665447212703958,0.0
11.922603050089048,0.16569871618136206,0.16569871618136206,0.0
11.927102851016873,0.16485620409164353,0.16485620409164353,0.0
11.9316026519447,0.1640171766523763,0.1640171766523763,0.0
11.936102452872529,0.16318162548538395,0.16318162548538395,0.0
11.940602253800357,0.16234954218369008,0.16234954218369008,0.0
11.945102054728187,0.1615209183120394,0.1615209183120394,0.0
