time_s,rate_cts_per_s,rate_err_cts_per_s,background_cts_per_s,background_err_cts_per_s,net_cts_per_s,net_err_cts_per_s,energy_low_keV,energy_high_keV,detectors_summed
-0.96,2069.246,180.10390206766755,1860.3299000000002,6.177473206554603,208.91609999999991,180.2098130380743,10,400,n3+n4
-0.896,1660.7060000000008,161.30188435353136,1860.3124000000003,6.17562485746989,-199.60639999999944,161.4200614495615,10,400,n3+n4
-0.832,2320.787,190.76602260884925,1860.2961,6.173772815143105,460.4908999999998,190.86589756363756,10,400,n3+n4
-0.768,1959.373999999999,175.25196734131114,1860.2866,6.171929117642229,99.08739999999898,175.36061349696854,10,400,n3+n4
-0.704,1928.0259999999998,173.84253105900177,1860.2758000000001,6.170083730290862,67.75019999999972,173.95199205021711,10,400,n3+n4
-0.64,2179.1090000000013,184.82967427607508,1860.2579000000003,6.168239043803345,318.851100000001,184.9325705923689,10,400,n3+n4
-0.576,2179.6549999999993,184.87563058445537,1860.2486,6.166390546867755,319.4063999999994,184.97843970683857,10,400,n3+n4
-0.512,1676.6119999999992,162.0834453329519,1860.231299999999,6.164541754258787,-183.61929999999984,162.20063139840119,10,400,n3+n4
-0.448,1896.5389999999995,172.41231729780793,1860.2163,6.162690391233363,36.322699999999486,172.5224214670609,10,400,n3+n4
-0.384,1849.316999999999,170.24329533053566,1860.2043999999992,6.1608448657956,-10.88740000000007,170.354734640574,10,400,n3+n4
-0.32,2210.7440000000006,186.17837828007842,1860.1927999999994,6.158997381457473,350.55120000000124,186.28022382353092,10,400,n3+n4
-0.256,2430.987,195.26234136668543,1860.1815000000001,6.157151927092591,570.8054999999999,195.35939310883745,10,400,n3+n4
-0.192,2006.1430000000014,177.32037329365173,1860.1634000000004,6.155308069658252,145.97960000000103,177.4271754902061,10,400,n3+n4
-0.128,2667.5380000000014,204.5909763357123,1860.1492000000003,6.153461441229644,807.3888000000011,204.68349392588715,10,400,n3+n4
-0.064,2856.2380000000003,211.7187454194834,1860.1354000000003,6.151611450847655,996.1025999999999,211.80809589211228,10,400,n3+n4
0.0,2887.6810000000005,212.88216737904568,1860.1259000000007,6.149766105121397,1027.5550999999998,212.97097645253854,10,400,n3+n4
0.064,3203.924000000002,224.31909738138668,1860.1147999999998,6.147921723737219,1343.809200000002,224.40332972467507,10,400,n3+n4
0.128,3045.05,218.62156357962493,1860.0991,6.146081336079112,1184.9509000000003,218.70793853399488,10,400,n3+n4
0.192,3361.2420000000006,229.77021587664493,1860.0825999999997,6.144232691044505,1501.159400000001,229.85235195525345,10,400,n3+n4
0.256,3203.2830000000004,224.27405386044998,1860.0692999999992,6.142385680572329,1343.2137000000012,224.35815148295575,10,400,n3+n4
0.32,3581.928999999999,237.219463685002,1860.0557000000001,6.140537415015073,1721.873299999999,237.29892572606641,10,400,n3+n4
0.384,2998.258,216.94620729803052,1860.0423999999998,6.138688392075297,1138.2156,217.03303978006443,10,400,n3+n4
0.448,2982.5819999999994,216.38024950304492,1860.032400000001,6.136846870747227,1122.5495999999985,216.46725679537533,10,400,n3+n4
0.512,3455.0519999999988,232.94064921348536,1860.0122999999999,6.135006157560072,1595.039699999999,233.02142467282562,10,400,n3+n4
0.576,3533.8160000000016,235.58926091611227,1860.0003000000006,6.133149314821872,1673.815700000001,235.6690802365001,10,400,n3+n4
0.64,3360.4170000000004,229.71147400380335,1859.9867000000013,6.1313103744550395,1500.430299999999,229.79328592434533,10,400,n3+n4
0.704,3471.6190000000006,233.52550103147195,1859.975600000001,6.129467525291246,1611.6433999999997,233.60592887198646,10,400,n3+n4
0.768,3834.9880000000003,245.50908475044255,1859.9606999999996,6.127620436482665,1975.0273000000007,245.58554197512032,10,400,n3+n4
0.832,3739.3370000000004,242.38527739118143,1859.9461000000001,6.125778136449279,1879.3909000000003,242.46267311439294,10,400,n3+n4
0.896,3612.8370000000004,238.2237516684682,1859.9323000000002,6.123932659974308,1752.9047000000003,238.30245154052426,10,400,n3+n4
0.96,3818.7680000000046,244.9729888518325,1859.9209999999994,6.122093544352291,1958.8470000000052,245.04947520116392,10,400,n3+n4
1.024,4514.839,266.5022155011098,1859.9057999999998,6.120245331193838,2654.9332000000004,266.5724822068361,10,400,n3+n4
1.088,4467.703000000003,265.11028298992846,1859.8935000000006,6.118401572976392,2607.8095000000026,265.1808759786576,10,400,n3+n4
1.152,4151.602999999999,255.51460120118375,1859.8796000000002,6.116553877396977,2291.723399999999,255.58780029245347,10,400,n3+n4
1.216,4689.411,271.64851921922934,1859.8628999999994,6.114711244956706,2829.548100000001,271.71733048815497,10,400,n3+n4
1.28,4135.67,255.0156382047972,1859.8507000000004,6.1128678909739245,2275.8192999999997,255.0888921196933,10,400,n3+n4
1.344,4958.647999999999,279.38957275460376,1859.8404,6.11102980357648,3098.807599999999,279.4563974026364,10,400,n3+n4
1.408,4703.815999999997,272.028932343602,1859.8237999999992,6.109182870597344,2843.992199999998,272.09752322898197,10,400,n3+n4
1.472,5007.381000000003,280.80024954582933,1859.8116999999993,6.1073373255863315,3147.5693000000038,280.866658245881,10,400,n3+n4
1.536,4816.158999999998,275.3225639173077,1859.7953,6.105496971877065,2956.363699999998,275.3902527237912,10,400,n3+n4
1.6,4547.308999999998,267.4903089795964,1859.7841999999998,6.1036467715620635,2687.5247999999983,267.55993702703694,10,400,n3+n4
1.664,4197.589000000001,256.88704714523845,1859.7685999999999,6.101811232330937,2337.820400000001,256.9595047693604,10,400,n3+n4
1.728,4689.069999999999,271.63078157123505,1859.7572,6.099968240745193,2829.312799999999,271.69926593485326,10,400,n3+n4
1.792,4467.383,265.09077921346113,1859.7457000000002,6.098122109690819,2607.6372999999994,265.16091023615206,10,400,n3+n4
1.856,4198.017000000002,256.91312149246096,1859.7286,6.0962825611269045,2338.2884000000017,256.9854405526996,10,400,n3+n4
1.92,3787.0949999999993,243.94830275490742,1859.7118999999993,6.09443840528395,1927.3831,244.0244180332693,10,400,n3+n4
1.984,4324.668999999997,260.7874424622473,1859.6993999999997,6.0925957181565895,2464.9695999999976,260.8586012930853,10,400,n3+n4
2.048,4134.084000000004,254.9174732261404,1859.690199999999,6.090752884709736,2274.3938000000053,254.99022613955736,10,400,n3+n4
2.112,4498.806999999998,266.02151229740804,1859.6760999999992,6.088910715850578,2639.1308999999987,266.0911870744794,10,400,n3+n4
2.176,4356.374,261.7473491613621,1859.6600000000008,6.087065232992003,2496.713999999999,261.81811846423216,10,400,n3+n4
2.24,4324.952999999997,260.80432590545735,1859.6534999999997,6.085229536599256,2465.2994999999974,260.8753082020472,10,400,n3+n4
2.304,5084.455999999998,282.90724456082773,1859.6330000000005,6.083384160029678,3224.8229999999976,282.9726428258366,10,400,n3+n4
2.368,4451.832000000002,264.63403307209,1859.6194999999998,6.081541111017831,2592.2125000000024,264.70390364005783,10,400,n3+n4
2.432,4894.466999999998,277.54107882618035,1859.6056000000008,6.079699158157416,3034.861399999997,277.60766051723743,10,400,n3+n4
2.496,4561.959,267.8886708466784,1859.5905999999995,6.077859976957349,2702.3684000000003,267.95760924052803,10,400,n3+n4
2.56,5101.5,283.4165137267058,1859.58,6.076020067429007,3241.92,283.4816365708012,10,400,n3+n4
2.624,5054.274999999996,282.1013165602033,1859.5648,6.0741771599863625,3194.710199999996,282.16670326806974,10,400,n3+n4
2.688,4736.086999999999,272.98424133088713,1859.5495000000005,6.072330296393634,2876.537499999998,273.0517702016021,10,400,n3+n4
2.752,4832.614999999996,275.81181297399144,1859.5361999999998,6.070496832533562,2973.0787999999966,275.87860936976216,10,400,n3+n4
2.816,4766.805999999999,273.8458575238996,1859.5241999999996,6.068656460049457,2907.281799999999,273.913092557165,10,400,n3+n4
2.88,4308.505999999999,260.2875246779991,1859.5124,6.066818813447457,2448.9935999999993,260.35821821773783,10,400,n3+n4
2.944,5004.68,280.64808472711866,1859.4963999999995,6.064973856019497,3145.1836000000008,280.7136109433851,10,400,n3+n4
3.008,3993.584,250.57930747170656,1859.4818999999993,6.063133245286632,2134.1021000000005,250.6526499316338,10,400,n3+n4
3.072,3850.479000000001,245.9971755589888,1859.4679999999998,6.061291810546658,1991.0110000000013,246.071838375326,10,400,n3+n4
3.136,4594.586999999996,268.8781835162534,1859.4558000000002,6.059449327084104,2735.1311999999957,268.9464528435866,10,400,n3+n4
3.2,4657.194999999998,270.69349763708783,1859.4456,6.057612772495449,2797.749399999998,270.7612681597971,10,400,n3+n4
3.264,4325.823,260.8549656130777,1859.4269000000004,6.055772116931086,2466.3961,260.9252487992148,10,400,n3+n4
3.328,4688.338999999996,271.5869642471817,1859.4149999999993,6.053934084015121,2828.9239999999972,271.65442986797314,10,400,n3+n4
3.392,3897.527,247.49226935199408,1859.3979999999997,6.0520918040955065,2038.1290000000004,247.5662561905503,10,400,n3+n4
3.456,4608.939999999999,269.25735789946395,1859.3883999999998,6.050248778075163,2749.551599999999,269.32532427025245,10,400,n3+n4
3.52,4118.529,254.44243019001368,1859.3767000000003,6.048408980963507,2259.1523,254.51430909125912,10,400,n3+n4
3.584,3770.8329999999996,243.404637353112,1859.3647,6.046575447953991,1911.4682999999995,243.47972925820287,10,400,n3+n4
3.648,4103.357999999998,253.98975302362092,1859.347799999999,6.04474012150233,2244.0101999999993,254.0616726783803,10,400,n3+n4
3.712,4166.965,255.97478527972243,1859.3327999999997,6.042898886395502,2307.6322000000005,256.04610390699406,10,400,n3+n4
3.776,4403.429,263.1552953960835,1859.3139,6.041057301019416,2544.1151,263.2246262573359,10,400,n3+n4
3.84,4436.297000000002,264.17816750253985,1859.3053,6.039220898278189,2576.9917000000023,264.2471880154228,10,400,n3+n4
3.904,4831.642,275.75587741696455,1859.288,6.037376446512177,2972.354,275.82196040989356,10,400,n3+n4
3.968,4768.472000000003,273.94209462402813,1859.2762000000002,6.035542358479477,2909.195800000003,274.0085746442271,10,400,n3+n4
4.032,4577.502000000002,268.3373727269461,1859.2574000000002,6.033707010404134,2718.244600000002,268.4051996930898,10,400,n3+n4
4.096,4420.376,263.69796546238274,1859.2467000000006,6.031867389838737,2561.1292999999996,263.7669433670728,10,400,n3+n4
4.16,4040.3960000000015,252.03270472896955,1859.2357999999995,6.03002679247779,2181.160200000002,252.10483033079305,10,400,n3+n4
4.224,3361.122000000001,229.76221239794845,1859.2225,6.0281864243485375,1501.8995000000011,229.841278445728,10,400,n3+n4
4.288,3993.853999999999,250.59540927957966,1859.2102000000004,6.026352071892249,2134.6437999999985,250.66786006844683,10,400,n3+n4
4.352,4198.014999999999,256.9134871683462,1859.1912000000002,6.024516604317728,2338.823799999999,256.9841136905464,10,400,n3+n4
4.416,4419.841,263.66419257077735,1859.1790000000008,6.022675997436688,2560.6619999999994,263.73296925141926,10,400,n3+n4
4.48,4546.253000000002,267.42604567805284,1859.1652,6.020832810616816,2687.0878000000025,267.49381363824733,10,400,n3+n4
4.544,4340.887999999999,261.2910474451814,1859.1558999999997,6.018996819778193,2481.7320999999993,261.36036386131036,10,400,n3+n4
4.608,4863.710000000001,276.6862905295454,1859.1441999999997,6.017158213367834,3004.565800000001,276.7517110334906,10,400,n3+n4
4.672,4452.554999999999,264.67830923972593,1859.1288,6.015326222093029,2593.4261999999994,264.7466553736953,10,400,n3+n4
4.736,3820.526999999998,245.08595933467922,1859.1149,6.013485511988866,1961.4120999999982,245.1597223668744,10,400,n3+n4
4.8,3786.8499999999985,243.93138399353202,1859.0983,6.011645580729122,1927.7516999999984,244.00545071696303,10,400,n3+n4
4.864,3740.561999999998,242.4646144141449,1859.0838000000003,6.009812481508886,1881.4781999999977,242.53908363202592,10,400,n3+n4
4.928,4150.309000000001,255.43467266406893,1859.076000000001,6.007978250143721,2291.233,255.5053185388794,10,400,n3+n4
4.992,4024.601,251.53736403365596,1859.0591000000006,6.006137661867234,2165.5418999999993,251.60906023951773,10,400,n3+n4
5.056,4450.801999999998,264.5726855572963,1859.0445999999993,6.0043014897987925,2591.7573999999986,264.6408086055142,10,400,n3+n4
5.12,4309.632,260.3540782684228,1859.0301,6.002462048134915,2450.6018999999997,260.42326244335266,10,400,n3+n4
5.184,4151.415000000003,255.5004260133434,1859.0176000000001,6.000626860753799,2292.3974000000026,255.5708810011852,10,400,n3+n4
5.248,4073.046000000003,253.08825341172988,1859.0089999999996,5.998799051268512,2214.0370000000034,253.15933639717397,10,400,n3+n4
5.312,3881.8520000000017,246.99628481416477,1858.9853000000007,5.996959267620549,2022.866700000001,247.06907583195738,10,400,n3+n4
5.376,4213.940999999997,257.40659154730275,1858.9753,5.995124574235301,2354.965699999997,257.47639676417054,10,400,n3+n4
5.44,4262.317000000001,258.91729115105477,1858.9618999999998,5.993285966921652,2403.355100000001,258.98664663198633,10,400,n3+n4
5.504,4672.74,271.1409821753252,1858.9499,5.991452789766435,2813.7900999999997,271.2071712206962,10,400,n3+n4
5.568,4276.9400000000005,259.32624255558864,1858.9354999999994,5.9896105622319045,2418.004500000001,259.39540380023544,10,400,n3+n4
5.632,4198.805999999999,256.9639126609026,1858.9201999999996,5.987776388769039,2339.885799999999,257.0336668144504,10,400,n3+n4
5.696,4435.6810000000005,264.1426934669972,1858.9096999999997,5.985946121508278,2576.771300000001,264.2105108866217,10,400,n3+n4
5.76,4863.796000000002,276.691667679025,1858.8928000000003,5.984117012567518,3004.9032000000016,276.75637051280336,10,400,n3+n4
5.824,4530.652999999999,266.96999723189873,1858.8757999999993,5.982280611597887,2671.7772,267.03701448173047,10,400,n3+n4
5.888,4436.324,264.17972837256076,1858.8626999999997,5.9804432050475995,2577.4613,264.24741168822976,10,400,n3+n4
5.952,4927.899000000003,278.54056310526835,1858.8532000000005,5.978607150917344,3069.0458000000026,278.6047182631066,10,400,n3+n4
6.016,4388.454999999999,262.73205969390193,1858.8414999999995,5.976770148851301,2529.6134999999995,262.80003229149776,10,400,n3+n4
6.08,4466.9109999999955,265.06390455322287,1858.8305,5.9749367318240285,2608.0804999999955,265.1312380047838,10,400,n3+n4
6.144,4278.611000000003,259.429557427445,1858.8144000000002,5.973102852856293,2419.7966000000024,259.49831063937734,10,400,n3+n4
6.208,4150.360999999999,255.43611841906775,1858.7999999999993,5.9712689167713755,2291.5609999999997,255.50590334760645,10,400,n3+n4
6.272,4135.361000000003,254.995477961865,1858.7840999999999,5.969435278851761,2276.5769000000028,255.06534052777215,10,400,n3+n4
6.336,3882.3140000000003,247.02519659540806,1858.7757000000001,5.967598543434368,2023.5383000000002,247.09726826773218,10,400,n3+n4
6.4,4150.395999999999,255.43986604874357,1858.7578999999998,5.965765170805836,2291.638099999999,255.50952139024733,10,400,n3+n4
6.464,4261.968999999997,258.8970830561828,1858.7449999999997,5.963928171021177,2403.2239999999974,258.9657661819977,10,400,n3+n4
6.528,3882.966999999999,247.06747798324247,1858.7293,5.962099966999882,2024.2376999999992,247.13940461410945,10,400,n3+n4
6.592,3961.4980000000014,249.55214433861323,1858.7201999999995,5.960260958120877,2102.7778000000017,249.6233111203538,10,400,n3+n4
6.656,3929.867000000002,248.5456850057953,1858.7060999999999,5.958432064864043,2071.160900000002,248.617096048666,10,400,n3+n4
6.72,4008.318000000001,251.0109242084893,1858.6919999999998,5.956597818142502,2149.626000000001,251.08159058275672,10,400,n3+n4
6.784,3661.989,239.90587506978656,1858.6752999999994,5.954768551001793,1803.3137000000006,239.979766150182,10,400,n3+n4
6.848,4120.328,254.5551809549356,1858.6610999999998,5.952928395008628,2261.6669000000006,254.62477787418118,10,400,n3+n4
6.912,3929.7469999999994,248.53905256317364,1858.6449999999995,5.951099047066852,2071.102,248.61028986924092,10,400,n3+n4
6.976,3582.045000000002,237.22748423612293,1858.6345999999999,5.949275280578299,1723.410400000002,237.3020715319697,10,400,n3+n4
7.04,3834.146999999997,245.45819436311356,1858.6247999999998,5.947433779984439,1975.5221999999974,245.53023672975053,10,400,n3+n4
7.104,3740.8510000000015,242.48325166081065,1858.6062999999995,5.945606965146619,1882.244700000002,242.55613283976976,10,400,n3+n4
7.168,3708.606999999999,241.40997000331203,1858.5920999999996,5.9437688419385895,1850.0148999999994,241.48312985599307,10,400,n3+n4
7.232,3817.6920000000005,244.9053805799292,1858.5837999999999,5.9419371920022845,1959.1082000000006,244.97745213507642,10,400,n3+n4
7.296,3329.2030000000013,228.6491768189862,1858.5700999999997,5.9401077002525815,1470.6329000000017,228.72632323257116,10,400,n3+n4
7.36,3519.4659999999994,235.1542147272721,1858.5534999999998,5.938275186003087,1660.9124999999997,235.22918147241998,10,400,n3+n4
7.424,3267.2980000000002,226.54723384539477,1858.5373999999997,5.93644358959133,1408.7606000000005,226.62499978045753,10,400,n3+n4
7.488,3408.767,231.40111950896,1858.5282999999995,5.934612945357094,1550.2387000000003,231.4772078214423,10,400,n3+n4
7.552,3597.7769999999973,237.74773958126286,1858.5141000000003,5.932779106616056,1739.262899999997,237.8217516206789,10,400,n3+n4
7.616,3092.496999999998,220.33172871377377,1858.5013000000001,5.930946683051534,1233.995699999998,220.41153964018582,10,400,n3+n4
7.68,3676.299,240.3269891106698,1858.4878999999996,5.929116456075054,1817.8111000000004,240.40011671575724,10,400,n3+n4
7.744,3330.0469999999996,228.70877393751206,1858.4689999999994,5.927290371932187,1471.5780000000002,228.78556782968894,10,400,n3+n4
7.808,3786.4140000000025,243.90379678881595,1858.4577,5.925452319080797,1927.9563000000026,243.97576329050747,10,400,n3+n4
7.872,3109.185,220.96069256317975,1858.4439000000002,5.923631166286436,1250.7410999999997,221.04008022119936,10,400,n3+n4
7.936,3360.7149999999974,229.7346925629649,1858.4285,5.921794716418326,1502.2864999999974,229.81100195522276,10,400,n3+n4
8.0,2951.1580000000013,215.2368823134176,1858.4134999999997,5.91996660144295,1092.7445000000016,215.3182795597303,10,400,n3+n4
8.064,3282.165000000003,227.03070873562461,1858.4053,5.918141535710344,1423.7597000000032,227.10783145509694,10,400,n3+n4
8.128,3014.049999999999,217.52017976040747,1858.3932999999997,5.9162999118114366,1155.656699999999,217.6006231784424,10,400,n3+n4
8.192,3249.6290000000017,225.8660447366979,1858.3781000000004,5.914474174294787,1391.2509000000014,225.94346896902866,10,400,n3+n4
8.256,3361.083999999997,229.75882880751283,1858.3619999999999,5.912642888548234,1502.7219999999973,229.8348945676602,10,400,n3+n4
8.32,3297.933,227.57928313886575,1858.3457999999996,5.910815655465837,1439.5872000000004,227.65602969329174,10,400,n3+n4
8.384,3471.887,233.5440891395027,1858.3357999999996,5.9089869585318935,1613.5512000000006,233.6188299321698,10,400,n3+n4
8.448,3439.6899999999996,232.43437192893813,1858.3246,5.907154171968091,1581.3653999999997,232.50942287230282,10,400,n3+n4
8.512,3235.541000000001,225.43148661400434,1858.3069999999993,5.9053276845743286,1377.2340000000017,225.50882034204832,10,400,n3+n4
8.576,3266.069999999997,226.4614629048395,1858.2924999999996,5.903498594985858,1407.7774999999974,226.53839735607954,10,400,n3+n4
8.64,3661.2340000000013,239.85541671598745,1858.282,5.901666962892774,1802.9520000000014,239.92801128867984,10,400,n3+n4
8.704,3376.9530000000004,230.3064783283355,1858.2688999999996,5.8998365177180965,1518.6841000000009,230.38203495701626,10,400,n3+n4
8.768,3566.5170000000016,236.71794797817932,1858.2524,5.898008042898891,1708.2646000000016,236.79141326043498,10,400,n3+n4
8.832,2966.215999999999,215.7602924937766,1858.2363999999998,5.896178328154602,1107.9795999999992,215.84084121379215,10,400,n3+n4
8.896,3013.5980000000004,217.48822643076565,1858.2260000000003,5.894350051040403,1155.372,217.56808589157598,10,400,n3+n4
8.96,3219.8540000000007,224.88533529112118,1858.2089999999998,5.892518801073102,1361.645000000001,224.96252089363907,10,400,n3+n4
9.024,3344.9849999999988,229.1946631512174,1858.2001999999993,5.890692786404668,1486.7847999999994,229.2703510672582,10,400,n3+n4
9.088,3077.473,219.81919943444427,1858.1876999999997,5.888870357063399,1219.2853000000002,219.8980655532974,10,400,n3+n4
9.152,3155.6499999999987,222.58147347432134,1858.1720999999998,5.887036757580167,1297.477899999999,222.6593127084181,10,400,n3+n4
9.216,3218.822000000001,224.81416392878808,1858.1589999999997,5.885207167016299,1360.6630000000014,224.89118250033437,10,400,n3+n4
9.28,2714.4079999999985,206.37234986305697,1858.1439,5.88338870469222,856.2640999999985,206.45619644527625,10,400,n3+n4
9.344,2872.086999999999,212.31046128252845,1858.1301999999998,5.881554796828812,1013.9567999999992,212.39191288000615,10,400,n3+n4
9.408,3140.458999999997,222.06557410818988,1858.1200999999999,5.8797261830802965,1282.3388999999972,222.14340049613892,10,400,n3+n4
9.472,2919.1399999999985,214.0413798567931,1858.1030999999998,5.87789760131971,1061.0368999999987,214.12207259227526,10,400,n3+n4
9.536,2699.957000000003,205.8712289272106,1858.0879999999997,5.876068661860581,841.8690000000033,205.95507054432736,10,400,n3+n4
9.6,2887.508999999999,212.86935508428644,1858.0785999999994,5.874244503185069,1029.4303999999997,212.9503911301485,10,400,n3+n4
9.664,3330.300000000001,228.72861869691772,1858.0645999999997,5.872418133665211,1472.2354000000014,228.80399101793785,10,400,n3+n4
9.728,3045.3849999999998,218.64516732368003,1858.0466999999999,5.870591680137532,1187.3383,218.7239654008562,10,400,n3+n4
9.792,3139.326999999999,221.98352265427263,1858.0351,5.868765774368576,1281.2918999999988,222.06108786033263,10,400,n3+n4
9.856,2950.489999999999,215.18700113157408,1858.0252999999998,5.866937462006903,1092.464699999999,215.26696544333774,10,400,n3+n4
9.92,3014.3139999999985,217.53910906547358,1858.0076999999997,5.865107556831331,1156.3062999999988,217.61815976534038,10,400,n3+n4
9.984,2998.455,216.95931847468557,1857.9938000000002,5.863283577228718,1140.4611999999997,217.03853106604606,10,400,n3+n4
10.048,3156.469000000003,222.63963922446516,1857.9814000000001,5.861456618930145,1298.4876000000027,222.71678344412126,10,400,n3+n4
10.112,3345.0279999999993,229.19851493846988,1857.9669000000004,5.859631805770734,1487.061099999999,229.2734056424757,10,400,n3+n4
10.176,3045.817,218.6777394798108,1857.9543999999996,5.857810286984377,1187.8626000000004,218.7561831934318,10,400,n3+n4
10.24,3171.4600000000028,223.14237822968548,1857.9422000000002,5.855978476283875,1313.5178000000026,223.21920492178694,10,400,n3+n4
10.304,3250.4950000000003,225.92618815002396,1857.9234000000001,5.85415322339619,1392.5716000000002,226.00202123424256,10,400,n3+n4
10.368,3171.492999999998,223.14507870217523,1857.9079000000002,5.852330150196588,1313.585099999998,223.2218087848651,10,400,n3+n4
10.432,2746.352999999999,207.60344626233922,1857.8996000000004,5.8505102569605,888.4533999999987,207.68586704508027,10,400,n3+n4
10.496,2904.116000000001,213.5143862740868,1857.8874,5.8486801733980975,1046.2286000000008,213.59447606567602,10,400,n3+n4
10.56,2934.829000000002,214.61701843749492,1857.8712999999998,5.846852818268989,1076.9577000000022,214.6966471346922,10,400,n3+n4
10.624,2651.764000000001,203.98295603064494,1857.8545000000004,5.845027612449749,793.9095000000007,204.06668199093727,10,400,n3+n4
10.688,2967.0150000000012,215.8197397783623,1857.8444,5.8432089850954325,1109.1706000000013,215.89882623405697,10,400,n3+n4
10.752,3172.0289999999995,223.18368130757233,1857.8320999999996,5.841381721844584,1314.1969,223.26011140017894,10,400,n3+n4
10.816,3123.9510000000014,221.4515991814012,1857.8165999999997,5.839556991296515,1266.1344000000017,221.52857875645432,10,400,n3+n4
10.88,2951.2670000000007,215.24291069394133,1857.8016999999995,5.837729935300194,1093.4653000000012,215.3220603997591,10,400,n3+n4
10.944,2966.610000000002,215.7886251497052,1857.7887,5.835911725180566,1108.8213000000019,215.86752560231028,10,400,n3+n4
11.008,3487.2769999999973,234.05192169473847,1857.7781999999997,5.834084205177365,1629.4987999999976,234.12462191643382,10,400,n3+n4
11.072,2856.163999999999,211.71266233033862,1857.7653999999998,5.832253498468667,998.3985999999991,211.79298045938725,10,400,n3+n4
11.136,2730.192999999999,206.97596752038635,1857.7496999999994,5.830438778582619,872.4432999999995,207.05807192029684,10,400,n3+n4
11.2,3060.9249999999965,219.19843400900464,1857.7359000000006,5.828613321966043,1203.189099999996,219.27591341790588,10,400,n3+n4
11.264,3061.963999999999,219.27199999771966,1857.7187999999999,5.82678810137283,1204.2451999999992,219.3494049287079,10,400,n3+n4
11.328,3376.6349999999984,230.28397618592572,1857.7033000000001,5.824958416435262,1518.9316999999983,230.3576346218054,10,400,n3+n4
11.392,2856.369000000003,211.7281653890195,1857.6933000000001,5.8231357151280605,998.6757000000027,211.8082267726086,10,400,n3+n4
11.456,2904.001000000001,213.50567288247868,1857.6785,5.82131650502702,1046.3225000000011,213.58501838577465,10,400,n3+n4
11.52,3044.995000000001,218.61875309085445,1857.6635999999996,5.8194957653133494,1187.3314000000012,218.6961950605508,10,400,n3+n4
11.584,2793.5839999999994,209.387336959521,1857.6553999999996,5.8176722353962145,935.9285999999997,209.4681412273439,10,400,n3+n4
11.648,3029.9630000000034,218.10204162043047,1857.6398999999997,5.815847365010537,1172.3231000000037,218.17956971167828,10,400,n3+n4
11.712,2840.388,211.12435903751137,1857.6215999999995,5.814025471220433,982.7664000000004,211.20439832347245,10,400,n3+n4
11.776,2667.293999999999,204.57270558654687,1857.6125000000002,5.812204791514148,809.6814999999988,204.65525547988864,10,400,n3+n4
11.84,2951.0140000000006,215.2235243624636,1857.6007999999997,5.810379894938024,1093.4132000000009,215.30194136032182,10,400,n3+n4
11.904,3266.5109999999986,226.49094576605046,1857.5832999999998,5.808555544789083,1408.9276999999988,226.56541623009656,10,400,n3+n4
11.968,3218.773000000001,224.80854760217628,1857.5730999999996,5.80673652032706,1361.1999000000014,224.88352821853462,10,400,n3+n4
12.032,2541.2620000000006,199.66043283535177,1857.5580999999997,5.804921059497708,683.7039000000009,199.74480105501374,10,400,n3+n4
12.096,2652.090999999999,204.00697984137702,1857.5431999999996,5.803090585110662,794.5477999999994,204.08949920154885,10,400,n3+n4
12.16,3108.1710000000003,220.88798420919144,1857.5295000000008,5.8012708527097745,1250.6414999999995,220.96415164344307,10,400,n3+n4
12.224,3061.2789999999995,219.22381006405297,1857.5164,5.799448898464405,1203.7625999999996,219.3005073102337,10,400,n3+n4
12.288,3438.9630000000025,232.38227582799846,1857.504,5.7976310966807825,1581.4590000000026,232.45458619982776,10,400,n3+n4
12.352,3124.307999999998,221.47600508181466,1857.487,5.795808569466386,1266.820999999998,221.55182739931055,10,400,n3+n4
12.416,2919.3809999999994,214.05887858250583,1857.4733,5.7939863154222255,1061.9076999999993,214.1372778789888,10,400,n3+n4
12.48,3013.7169999999983,217.49670243247374,1857.4593,5.792166854071106,1156.2576999999983,217.57381452248666,10,400,n3+n4
12.544,2919.809,214.09048446159397,1857.4460000000004,5.790339629434529,1062.3629999999998,214.16877356427153,10,400,n3+n4
12.608,2777.3729999999982,208.76025223447115,1857.4376000000004,5.788523094797152,919.9353999999978,208.84048916007407,10,400,n3+n4
12.672,2950.3809999999985,215.17766483536337,1857.4190999999996,5.786705458090986,1092.9618999999989,215.25546079962447,10,400,n3+n4
12.736,2951.045000000003,215.22614114925722,1857.4045,5.784882331413491,1093.6405000000027,215.3038706052176,10,400,n3+n4
12.8,2856.742,211.75574185131316,1857.3947999999998,5.783063023718487,999.3472000000004,211.83469504530242,10,400,n3+n4
12.864,2934.822999999999,214.6154630426241,1857.3811,5.781240363641699,1077.441899999999,214.69331549245345,10,400,n3+n4
12.928,2714.5819999999994,206.38585581381298,1857.3681,5.779425605992346,857.2138999999995,206.46676061859256,10,400,n3+n4
12.992,2856.018000000001,211.70241909576762,1857.3538000000008,5.7776069945090605,998.6642000000002,211.78124325251997,10,400,n3+n4
13.056,3171.3539999999994,223.13626039709447,1857.3398000000002,5.775787755475438,1314.0141999999992,223.21099979211655,10,400,n3+n4
13.12,2841.184999999998,211.1851241565086,1857.3251,5.773961168573963,983.8598999999981,211.2640416459369,10,400,n3+n4
13.184,2982.1780000000012,216.3500443517403,1857.3123,5.772142717977439,1124.8657000000012,216.42703001833368,10,400,n3+n4
13.248,3503.5700000000015,234.61595588748852,1857.3008,5.7703269359369935,1646.2692000000015,234.68690510965362,10,400,n3+n4
13.312,3345.5710000000013,229.234147015666,1857.2889999999998,5.768505116943211,1488.2820000000015,229.30671557824942,10,400,n3+n4
13.376,2604.972999999999,202.1850749882395,1857.2699999999995,5.76668802637181,747.7029999999995,202.26729651328594,10,400,n3+n4
13.44,2983.224,216.42656576538846,1857.2572,5.764864956189346,1125.9668000000001,216.50333031379242,10,400,n3+n4
13.504,3045.852000000002,218.67874453179022,1857.2413,5.7630542552712445,1188.6107000000022,218.754671045784,10,400,n3+n4
13.568,2824.9330000000014,210.5598313140472,1857.2306000000003,5.761231810724161,967.702400000001,210.63863452599787,10,400,n3+n4
13.632,2808.960000000001,209.95142719448225,1857.2142000000006,5.75941375586092,951.7458000000004,210.03040881694056,10,400,n3+n4
13.696,2667.0240000000013,204.55197920821988,1857.2023000000004,5.757599542734802,809.8217000000009,204.632993797419,10,400,n3+n4
13.76,2856.2560000000003,211.71865623038522,1857.1836,5.755781969845627,999.0724000000002,211.79688010469945,10,400,n3+n4
13.824,3266.521999999997,226.4918817264761,1857.1699000000006,5.7539635491024805,1409.3520999999967,226.56495886284893,10,400,n3+n4
13.888,3186.9049999999997,223.6764162132431,1857.1612000000005,5.7521399610145085,1329.7437999999993,223.7503659977589,10,400,n3+n4
13.952,2919.635999999999,214.07819877558757,1857.1497999999997,5.750325938962069,1062.4861999999994,214.1554142192167,10,400,n3+n4
14.016,3029.3150000000005,218.054188898081,1857.1364000000003,5.748511203537836,1172.1786000000002,218.1299490603186,10,400,n3+n4
14.08,2950.8869999999997,215.2166237004009,1857.1186000000002,5.746687837145845,1093.7683999999995,215.29333370566206,10,400,n3+n4
14.144,2777.7040000000015,208.7851141532843,1857.1082999999999,5.744873122959286,920.5957000000017,208.86413636428554,10,400,n3+n4
14.208,2792.988,209.34417367101472,1857.0922999999993,5.7430494694021235,935.8957000000005,209.4229349121246,10,400,n3+n4
14.272,2699.5229999999992,205.83842850643796,1857.0787,5.7412335086111925,842.4442999999992,205.91848001624422,10,400,n3+n4
14.336,2966.2880000000005,215.76555953395334,1857.0676000000003,5.739419663668096,1109.2204000000002,215.84188105897258,10,400,n3+n4
14.4,2950.9839999999976,215.22214899958595,1857.0538000000001,5.737608399342011,1093.9301999999975,215.2986148820846,10,400,n3+n4
14.464,2903.7189999999973,213.48488101736856,1857.0407000000002,5.735794167942221,1046.678299999997,213.56192019584628,10,400,n3+n4
14.528,2698.4580000000014,205.75493664065516,1857.0235999999995,5.733965214325947,841.4344000000019,205.83481801939902,10,400,n3+n4
14.592,3156.4429999999966,222.63757042556847,1857.0131999999999,5.73215802583111,1299.4297999999967,222.71134995916364,10,400,n3+n4
14.656,3045.9980000000005,218.69113222991007,1856.9973,5.730340227429781,1189.0007000000005,218.76619509220822,10,400,n3+n4
14.72,2888.3540000000003,212.93125486409917,1856.9810000000007,5.728525611263337,1031.3729999999996,213.008298673265,10,400,n3+n4
14.784,2871.879000000001,212.29705177886953,1856.9702000000002,5.726708127895118,1014.9088000000006,212.37427664381133,10,400,n3+n4
14.848,2935.9190000000012,214.69619070444637,1856.9591999999998,5.724894573090408,1078.9598000000015,214.7725045737303,10,400,n3+n4
14.912,2572.9739999999993,200.91532242464737,1856.9448000000002,5.723074998521335,716.029199999999,200.99681682165695,10,400,n3+n4
14.976,2651.8999999999996,203.99218423753393,1856.9280000000008,5.721261511336463,794.9719999999988,204.0723990726847,10,400,n3+n4
15.04,2824.974000000001,210.5620107474281,1856.9136000000003,5.719442937096234,968.0604000000008,210.63967431970343,10,400,n3+n4
15.104,2384.07,193.37263611224833,1856.8995,5.717633978211616,527.1705000000002,193.45714702566252,10,400,n3+n4
15.168,3472.5600000000013,233.59032820089104,1856.8864,5.715818801020549,1615.6736000000012,233.66024910875637,10,400,n3+n4
15.232,3267.5070000000005,226.56222552093715,1856.8723,5.714004333451278,1410.6347000000005,226.63426898534715,10,400,n3+n4
15.296,2982.4450000000006,216.36871734841898,1856.8593,5.712188445062015,1125.5857000000005,216.444105819105,10,400,n3+n4
15.36,2934.994999999998,214.62737758962624,1856.8475999999994,5.710372847888308,1078.1473999999987,214.70332919883168,10,400,n3+n4
15.424,3045.390999999999,218.64621592197742,1856.8364999999997,5.708555630367457,1188.5544999999995,218.72072454247441,10,400,n3+n4
15.488,2746.2360000000012,207.59602743790637,1856.8222999999998,5.706745035219288,889.4137000000014,207.6744508765991,10,400,n3+n4
15.552,3076.3930000000005,219.74201199816116,1856.8088000000002,5.70493422923525,1219.5842000000002,219.8160551724098,10,400,n3+n4
15.616,3203.1099999999997,224.26352337150158,1856.7961000000005,5.703111386278547,1346.3138999999992,224.33602785661589,10,400,n3+n4
15.68,2871.448000000002,212.26442951187096,1856.7781000000004,5.701300438838493,1014.6699000000017,212.34098253209137,10,400,n3+n4
15.744,2856.163000000001,211.7129300963926,1856.7673,5.699488912148175,999.3957000000009,211.78963370254863,10,400,n3+n4
15.808,2777.5890000000018,208.77529196722486,1856.7505000000006,5.697678703366838,920.8385000000012,208.8530250645338,10,400,n3+n4
15.872,2777.834999999998,208.79422966404024,1856.737400000001,5.69586355556381,921.0975999999973,208.87190620723405,10,400,n3+n4
15.936,2824.8379999999984,210.5506113812069,1856.7249000000002,5.694045615017498,968.1130999999982,210.6275910427357,10,400,n3+n4
16.0,2525.152,199.00906802203764,1856.7093999999995,5.692237399696186,668.4426000000005,199.09045864032385,10,400,n3+n4
16.064,2573.2650000000012,200.93955255996772,1856.6985000000004,5.690426197860755,716.5665000000008,201.0201102708715,10,400,n3+n4
16.128,2982.9320000000025,216.40496899563098,1856.6844000000003,5.688614428452679,1126.2476000000022,216.47972408545704,10,400,n3+n4
16.192,2510.272000000001,198.453135770136,1856.6685,5.686798021074776,653.6035000000008,198.53459841733513,10,400,n3+n4
16.256,2683.5649999999996,205.2178659985529,1856.6533,5.684983370916752,826.9116999999997,205.2965941289032,10,400,n3+n4
16.32,2619.965,202.73869440242527,1856.6416000000004,5.68317563477498,763.3233999999998,202.81833421388632,10,400,n3+n4
16.384,3187.302000000001,223.70562853222978,1856.6261000000004,5.681360966634668,1330.6759000000006,223.7777605112563,10,400,n3+n4
16.448,3234.1340000000027,225.33342366590892,1856.6171000000006,5.679549267045758,1377.5169000000021,225.40498907716486,10,400,n3+n4
16.512,2966.2710000000025,215.76405123421281,1856.599600000001,5.677740742857145,1109.6714000000015,215.83874199258833,10,400,n3+n4
16.576,3660.672999999998,239.81889880699563,1856.5906000000004,5.675934773074826,1804.0823999999975,239.8860572449933,10,400,n3+n4
16.64,3029.6059999999998,218.07609369667284,1856.5726000000009,5.67411556129235,1173.033399999999,218.14989853172736,10,400,n3+n4
16.704,2856.2500000000005,211.7206333851286,1856.5605,5.672303300820577,999.6895000000004,211.7966043772575,10,400,n3+n4
16.768,2841.6500000000005,211.21866938791186,1856.5470000000003,5.670493088330151,985.1030000000003,211.29477227291926,10,400,n3+n4
16.832,3062.358,219.30022276550477,1856.533,5.668686141646934,1205.8250000000003,219.37347539657688,10,400,n3+n4
16.896,2857.487000000001,211.8099823096164,1856.5154,5.666869795072056,1000.971600000001,211.88577587765138,10,400,n3+n4
16.96,3156.0409999999983,222.6103453795442,1856.5061000000005,5.665060003459805,1299.5348999999978,222.68241685153941,10,400,n3+n4
17.024,3329.7430000000013,228.68801480182555,1856.4926999999998,5.663253303058235,1473.2503000000015,228.7581267452035,10,400,n3+n4
17.088,2683.1720000000014,205.18633924070102,1856.4805000000006,5.661440250890227,826.6915000000008,205.2644287662001,10,400,n3+n4
17.152,2871.6139999999987,212.27523679412073,1856.4631000000004,5.659630110908309,1015.1508999999983,212.35067122331478,10,400,n3+n4
17.216,2935.039999999999,214.62993981968125,1856.4521,5.657819723117732,1078.587899999999,214.70449923329343,10,400,n3+n4
17.28,2824.9020000000014,210.55603731548518,1856.4360999999994,5.656009213208549,968.465900000002,210.63199018719803,10,400,n3+n4
17.344,2730.6929999999984,207.01254405228684,1856.4264,5.6541978094863286,874.2665999999983,207.0897470853369,10,400,n3+n4
17.408,3329.1569999999992,228.64897084832901,1856.4123000000004,5.65238658604487,1472.7446999999988,228.7188259503754,10,400,n3+n4
17.472,3076.7660000000005,219.7691933711365,1856.3991000000005,5.650579290311746,1220.3669,219.84182359441093,10,400,n3+n4
17.536,3029.4129999999986,218.0619298983662,1856.3796000000002,5.648768657973171,1173.0333999999984,218.13508167727463,10,400,n3+n4
17.6,3297.6979999999994,227.56452038048465,1856.3704,5.646962916754457,1441.3275999999994,227.6345736617863,10,400,n3+n4
17.664,2919.508999999999,214.0675498528444,1856.3563999999997,5.645155366834468,1063.1525999999994,214.1419708490508,10,400,n3+n4
17.728,3187.023000000004,223.68458825095658,1856.341499999999,5.643346262272057,1330.6815000000047,223.7557650163139,10,400,n3+n4
17.792,3107.8929999999996,220.86783940175633,1856.3303999999994,5.641538045223129,1251.5626000000002,220.93987741807888,10,400,n3+n4
17.856,2919.0719999999997,214.03660974001616,1856.3160999999998,5.639724356287281,1062.7558999999999,214.11089836767974,10,400,n3+n4
17.92,2918.884000000001,214.0229226858656,1856.3009999999997,5.63792032352356,1062.5830000000012,214.09716854870922,10,400,n3+n4
17.984,3171.268999999998,223.1287939374926,1856.2873,5.636113901439537,1314.981699999998,223.19996519692833,10,400,n3+n4
18.048,3250.3329999999996,225.91336018925477,1856.2781,5.634303050103002,1394.0548999999996,225.9836093234648,10,400,n3+n4
18.112,3155.708999999998,222.5872845290134,1856.2604,5.632496200833161,1299.4485999999981,222.6585373334074,10,400,n3+n4
18.176,2998.4420000000005,216.95867575185835,1856.2478000000006,5.63068744197367,1142.1942,217.03172953526683,10,400,n3+n4
18.24,3028.9760000000006,218.03007738841913,1856.2331000000004,5.628878438285907,1172.7429000000002,218.10272560991308,10,400,n3+n4
18.304,3140.356000000001,222.05656377148586,1856.2208,5.627075719359034,1284.135200000001,222.1278494362005,10,400,n3+n4
18.368,2762.1839999999993,208.20755472124443,1856.2020000000002,5.6252668940237855,905.9819999999991,208.28353144362853,10,400,n3+n4
18.432,3376.599000000002,230.2825710426214,1856.1907,5.623461574617543,1520.4083000000019,230.35122280135866,10,400,n3+n4
18.496,2808.968999999999,209.9522926095355,1856.1807000000003,5.62164558738809,952.7882999999988,210.0275412204557,10,400,n3+n4
18.56,2684.031000000001,205.25350097379572,1856.1650999999997,5.619844191185376,827.8659000000011,205.33042227281658,10,400,n3+n4
18.624,2903.8830000000025,213.4970847810339,1856.154,5.618037285093433,1047.7290000000025,213.57098949280697,10,400,n3+n4
18.688,2730.339999999999,206.9867561053122,1856.1387999999997,5.616234637504028,874.2011999999991,207.0629355884425,10,400,n3+n4
18.752,2856.4060000000004,211.730767173786,1856.1235000000004,5.61442848230343,1000.2825,211.8051925123246,10,400,n3+n4
18.816,2903.5069999999996,213.46947908541858,1856.1114999999995,5.61261133028112,1047.3955,213.54325067054862,10,400,n3+n4
18.88,3187.6020000000017,223.72535534444907,1856.091699999999,5.610817204267128,1331.5103000000026,223.79570124043875,10,400,n3+n4
18.944,3061.602999999998,219.2475422758485,1856.0858000000003,5.609007835892191,1205.5171999999975,219.31927813783966,10,400,n3+n4
19.008,2872.0159999999996,212.3068075992854,1856.0669000000003,5.607201920360993,1015.9490999999994,212.38084015837137,10,400,n3+n4
19.072,2620.1809999999996,202.75516584541072,1856.0539000000003,5.605393854271082,764.1270999999992,202.83263474416907,10,400,n3+n4
19.136,3502.2630000000026,234.529460211292,1856.0394999999999,5.6035900036316,1646.2235000000028,234.5963936805696,10,400,n3+n4
19.2,3502.9839999999995,234.5777481092356,1856.0306,5.60178349213891,1646.9533999999994,234.64462466950482,10,400,n3+n4
19.264,2667.207999999998,204.5655320160266,1856.0133999999998,5.599976138565235,811.194599999998,204.64216726215665,10,400,n3+n4
19.328,3092.055999999997,220.30017609843168,1856.0006000000008,5.598173347414315,1236.055399999996,220.37129380622085,10,400,n3+n4
19.392,3092.142999999999,220.30602163581463,1855.9879,5.596371155999215,1236.155099999999,220.3770916840399,10,400,n3+n4
19.456,3534.4519999999993,235.630293731515,1855.9743999999996,5.594559520963201,1678.4775999999997,235.6967000622487,10,400,n3+n4
19.52,2888.434000000002,212.93741481477596,1855.9622999999997,5.592760559169326,1032.4717000000023,213.01084854690424,10,400,n3+n4
19.584,3250.258,225.9079087438065,1855.9525000000003,5.590956461608335,1394.3054999999995,225.97708296894976,10,400,n3+n4
19.648,2903.9739999999993,213.50529694365895,1855.9318999999996,5.589153496577099,1048.0420999999997,213.57844099957347,10,400,n3+n4
19.712,3297.462,227.54513823195614,1855.9182000000005,5.587349336689088,1441.5437999999995,227.6137263119477,10,400,n3+n4
19.776,3408.438000000001,231.38042910108018,1855.9036999999996,5.5855376980018665,1552.5343000000014,231.44783689284242,10,400,n3+n4
19.84,3045.058,218.62334871417548,1855.8937999999998,5.583738021603448,1189.1642000000002,218.69464267168016,10,400,n3+n4
19.904,3234.403000000002,225.3519006620534,1855.8736999999996,5.581935958375014,1378.5293000000024,225.4210219590076,10,400,n3+n4
19.968,3218.391000000004,224.7834800202185,1855.8645999999994,5.5801332465184,1362.5264000000047,224.85273130884772,10,400,n3+n4
20.032,3582.5870000000014,237.26242515198228,1855.8532,5.578322017936935,1726.7338000000013,237.3279925873385,10,400,n3+n4
20.096,3093.188000000003,220.37911194121827,1855.8405000000002,5.576528963369598,1237.3475000000026,220.44965560254187,10,400,n3+n4
20.16,2808.392999999999,209.91032447214215,1855.8246000000001,5.574720487602943,952.568399999999,209.98433710282987,10,400,n3+n4
20.224,3187.8880000000017,223.74547068711803,1855.8103999999994,5.572922865606521,1332.0776000000023,223.81486349719046,10,400,n3+n4
20.288,2981.621,216.3092483136124,1855.7915,5.571117376783583,1125.8295,216.38097942015588,10,400,n3+n4
20.352,3281.697999999998,227.0004652043692,1855.7762999999998,5.569311984913396,1425.9216999999983,227.0687746894877,10,400,n3+n4
20.416,2966.7819999999983,215.80149075249685,1855.7669999999998,5.567510243367317,1111.0149999999985,215.87329751803483,10,400,n3+n4
20.48,3549.974999999998,236.14161632588196,1855.7504000000001,5.565713598704122,1694.224599999998,236.20719745355527,10,400,n3+n4
20.544,3502.986999999999,234.57785950724335,1855.7429000000006,5.563907764566195,1647.2440999999985,234.64383486597853,10,400,n3+n4
20.608,3266.1929999999998,226.47137915198033,1855.7251,5.562104410265956,1410.4678999999996,226.53967109641246,10,400,n3+n4
20.672,3329.5750000000035,228.67564794922967,1855.7124999999996,5.560301358181946,1473.8625000000038,228.7432379682377,10,400,n3+n4
20.736,3139.8540000000003,222.02034893675844,1855.6998999999996,5.558507773656523,1284.1541000000007,222.08991951610452,10,400,n3+n4
20.8,3029.5189999999984,218.06980725217323,1855.6864,5.556702210331231,1173.8325999999984,218.14059176240968,10,400,n3+n4
20.864,3297.922999999998,227.58021246145285,1855.6747999999998,5.554900256854303,1442.2481999999982,227.6479958639294,10,400,n3+n4
20.928,2887.2700000000004,212.85299710128587,1855.6582999999996,5.5531010496658535,1031.6117000000008,212.92542193516445,10,400,n3+n4
20.992,3266.0400000000022,226.4587508488025,1855.6428000000005,5.551299040900247,1410.3972000000017,226.5267815447911,10,400,n3+n4
21.056,3029.1320000000005,218.04233651747552,1855.6310999999996,5.549502943039133,1173.500900000001,218.11294665130458,10,400,n3+n4
21.12,2855.7610000000013,211.6843225182253,1855.6180000000002,5.547697369639046,1000.1430000000012,211.75700542391772,10,400,n3+n4
21.184,2777.126999999999,208.74201109503568,1855.6054999999997,5.545899388665466,921.5214999999994,208.81567037947417,10,400,n3+n4
21.248,3108.302000000003,220.89861833429376,1855.5946000000004,5.544096726609303,1252.7074000000025,220.96818004073342,10,400,n3+n4
21.312,3203.206999999999,224.2687885417853,1855.5762,5.542299193295144,1347.630799999999,224.33726082474132,10,400,n3+n4
21.376,3093.4289999999983,220.39601529065808,1855.5625999999995,5.540500595316275,1237.8663999999987,220.4656451759473,10,400,n3+n4
21.44,3061.482,219.2362211611028,1855.5496999999996,5.538698672558385,1205.9323000000004,219.30617376623346,10,400,n3+n4
21.504,3044.979999999997,218.61678939413588,1855.5355000000002,5.536896872689609,1189.4444999999967,218.68689451354592,10,400,n3+n4
21.568,2729.8579999999993,206.95005923410608,1855.5219000000002,5.535103840046724,874.3360999999991,207.02406717944683,10,400,n3+n4
21.632,3218.7430000000013,224.80616312725942,1855.5069999999996,5.533299314748839,1363.2360000000017,224.8742501517383,10,400,n3+n4
21.696,3517.96,235.05329854524484,1855.4947000000002,5.531502444173735,1662.4652999999998,235.11837587966173,10,400,n3+n4
21.76,3156.003999999998,222.60697211228586,1855.4780999999998,5.529702836147708,1300.5258999999983,222.67564223878668,10,400,n3+n4
21.824,3204.132000000002,224.33474691407042,1855.4646999999998,5.527905752886893,1348.6673000000021,224.40284404394885,10,400,n3+n4
21.888,2871.889000000002,212.29587435228223,1855.4533000000001,5.526101754057737,1016.4357000000018,212.3677849100381,10,400,n3+n4
21.952,3661.241000000001,239.85642311391203,1855.4438999999995,5.524304118737491,1805.7971000000014,239.92003177099718,10,400,n3+n4
22.016,3391.366999999999,230.7529031908374,1855.4245,5.5225112433113255,1535.9424999999987,230.818977689081,10,400,n3+n4
22.08,3629.607000000001,238.81020850248424,1855.4135999999999,5.5207114754803115,1774.193400000001,238.874012693293,10,400,n3+n4
22.144,3819.6470000000004,245.03137228118362,1855.3985999999998,5.518911648105993,1964.2484000000006,245.09351641318383,10,400,n3+n4
22.208,3313.7630000000017,228.1275700677145,1855.3905999999995,5.517117028838521,1458.3724000000022,228.1942742605736,10,400,n3+n4
22.272,3503.1899999999973,234.5902367959928,1855.3712,5.515316583932422,1647.8187999999973,234.65506156275637,10,400,n3+n4
22.336,3281.9360000000033,227.0151736668718,1855.3610999999996,5.513517384329172,1426.5749000000037,227.0821171932023,10,400,n3+n4
22.4,2935.337999999998,214.65431800921212,1855.3439999999998,5.511725248123313,1079.993999999998,214.72506922856206,10,400,n3+n4
22.464,3093.514,220.40422893402035,1855.3313999999991,5.509919522896864,1238.182600000001,220.47308984352003,10,400,n3+n4
22.528,3755.7989999999963,242.94314810259613,1855.3141999999998,5.508130717875167,1900.4847999999965,243.00558165195537,10,400,n3+n4
22.592,3092.6370000000006,220.34125532682242,1855.3031999999998,5.506333692775985,1237.3338000000008,220.41004629947372,10,400,n3+n4
22.656,3581.798000000001,237.2101275072377,1855.2940999999996,5.5045416732004115,1726.5039000000015,237.2739862922861,10,400,n3+n4
22.72,3455.3989999999985,232.96233602022443,1855.2774999999997,5.502735653881621,1600.1214999999988,233.02731621781265,10,400,n3+n4
22.784,3629.1150000000043,238.77887665160011,1855.2607000000005,5.500944184146936,1773.8543000000038,238.84223312035326,10,400,n3+n4
22.848,3645.407000000002,239.33177070334807,1855.2526000000007,5.4991469510006725,1790.1544000000013,239.39493955635044,10,400,n3+n4
22.912,3314.9139999999975,228.2081843164262,1855.2373000000002,5.497349778211316,1459.6766999999973,228.27438805872188,10,400,n3+n4
22.976,3045.976999999998,218.68884340313298,1855.2267000000002,5.49555475681937,1190.7502999999979,218.7578829461586,10,400,n3+n4
23.04,3076.8500000000004,219.7736101628218,1855.2120000000004,5.493759149243804,1221.638,219.84226416590116,10,400,n3+n4
23.104,3739.606,242.40280206301236,1855.193,5.491961941146351,1884.4130000000002,242.4650079783946,10,400,n3+n4
23.168,3534.879999999999,235.6595445955881,1855.1843,5.490170521604953,1679.6956999999993,235.72348828947082,10,400,n3+n4
23.232,3535.0469999999973,235.6704093962583,1855.1652999999992,5.488370290906036,1679.881699999998,235.73430822315638,10,400,n3+n4
23.296,3518.662000000002,235.10129957105718,1855.158599999999,5.486576496860315,1663.503400000003,235.16531117844713,10,400,n3+n4
23.36,2998.714000000002,216.97855394485416,1855.1410999999991,5.484782454573747,1143.572900000003,217.0478650219209,10,400,n3+n4
23.424,3329.3210000000026,228.65827514437345,1855.1259000000002,5.482988963722252,1474.1951000000024,228.72400389984497,10,400,n3+n4
23.488,3283.2,227.1024236506515,1855.1117,5.4811948319048085,1428.0883,227.16855927875514,10,400,n3+n4
23.552,3502.6060000000007,234.5507580567584,1855.0969,5.479395853440414,1647.5091000000007,234.61475205945325,10,400,n3+n4
23.616,3329.5779999999986,228.67477121667795,1855.0839,5.477599057735059,1474.4940999999985,228.74036609754148,10,400,n3+n4
23.68,3802.229000000001,244.41587713362637,1855.0714000000003,5.475806597881265,1947.157600000001,244.4772084528481,10,400,n3+n4
23.744,3076.8600000000015,219.77455522648665,1855.0593000000003,5.47401205394179,1221.8007000000011,219.84271635186536,10,400,n3+n4
23.808,3124.287999999999,221.47378074842177,1855.0430000000001,5.472226183510692,1269.244999999999,221.54137495827615,10,400,n3+n4
23.872,3851.304000000002,246.05093722845265,1855.029,5.470429933094838,1996.275000000002,246.1117415213115,10,400,n3+n4
23.936,3723.3480000000027,241.85705711638855,1855.0171999999998,5.4686369773646515,1868.330800000003,241.91887497132223,10,400,n3+n4
24.0,3597.7549999999983,237.74573248746228,1855.0036999999993,5.4668439684337065,1742.751299999999,237.80857784986475,10,400,n3+n4
24.064,3093.1630000000014,220.37925667811848,1854.9924999999998,5.465053304058434,1238.1705000000015,220.44700855674188,10,400,n3+n4
24.128,3171.7329999999993,223.16303466748244,1854.9772999999998,5.4632576103273776,1316.7556999999995,223.22989769678426,10,400,n3+n4
24.192,3518.581000000002,235.09385646800732,1854.9627000000003,5.461465104163901,1663.6183000000017,235.15728555603806,10,400,n3+n4
24.256,3061.901999999999,219.26861559055828,1854.95,5.459674183199946,1206.951999999999,219.336576578524,10,400,n3+n4
24.32,3092.7289999999994,220.34703396233874,1854.9372000000003,5.457881707301836,1237.791799999999,220.4146180468323,10,400,n3+n4
24.384,3549.8380000000025,236.13190688045538,1854.9245999999998,5.456088889002817,1694.9134000000026,236.19493295361937,10,400,n3+n4
24.448,3281.9129999999996,227.0168426394834,1854.9116999999997,5.4542978744106,1427.0013,227.08235556137507,10,400,n3+n4
24.512,3297.6539999999977,227.55923254616587,1854.8977000000004,5.452506491898933,1442.7562999999973,227.62454644445575,10,400,n3+n4
24.576,3581.9169999999967,237.22013608250035,1854.8817000000004,5.450710432769292,1727.0352999999964,237.28274949355648,10,400,n3+n4
24.64,3328.825,228.62480384245268,1854.8652000000009,5.448923428091093,1473.959799999999,228.6897280127054,10,400,n3+n4
24.704,2903.192000000001,213.4476666375156,1854.8525000000002,5.447133696018484,1048.3395000000007,213.51716010312214,10,400,n3+n4
24.768,3235.0310000000036,225.39530722266605,1854.8402999999994,5.445342775317271,1380.1907000000042,225.46107485759202,10,400,n3+n4
24.832,3045.647,218.66526645766118,1854.826199999999,5.443550806881479,1190.8208000000009,218.73301305561324,10,400,n3+n4
24.896,3330.1679999999997,228.71667419976185,1854.8093,5.441762096738518,1475.3586999999998,228.78140184839654,10,400,n3+n4
24.96,3408.3870000000015,231.37741041640172,1854.7970999999993,5.439969836386961,1553.5899000000022,231.44135179958832,10,400,n3+n4
25.024,3660.4740000000033,239.80653058455277,1854.7901999999995,5.438178716932719,1805.6838000000039,239.86818442377336,10,400,n3+n4
25.088,3329.7199999999984,228.68495542339457,1854.7717,5.436384820209105,1474.9482999999984,228.7495641895594,10,400,n3+n4
25.152,3659.9810000000007,239.77355663834152,1854.7551,5.434597070491979,1805.2259000000006,239.8351377682565,10,400,n3+n4
25.216,3582.413999999999,237.25105073739923,1854.7470000000003,5.432808208946825,1727.6669999999986,237.31324548165276,10,400,n3+n4
25.28,3109.1919999999973,220.95977752070618,1854.7302,5.4310156658584585,1254.4617999999973,221.02651246663322,10,400,n3+n4
25.344,3486.219999999999,233.98122500106723,1854.7162000000003,5.429226143420442,1631.5037999999986,234.04420554569697,10,400,n3+n4
25.408,3707.8589999999986,241.36009937435801,1854.7064999999996,5.42743625126081,1853.152499999999,241.42111472334287,10,400,n3+n4
25.472,3501.7660000000014,234.49680409762504,1854.6947999999998,5.4256452927094285,1647.0712000000017,234.55956334978592,10,400,n3+n4
25.536,2777.9889999999987,208.80623149226167,1854.6796999999997,5.423861429406174,923.309299999999,208.87666356681726,10,400,n3+n4
25.6,3329.3899999999994,228.66447799341285,1854.6676999999995,5.422067930928199,1474.7223,228.7287527108203,10,400,n3+n4
25.664,2966.4930000000013,215.7805127253154,1854.6499999999996,5.420285856161093,1111.8430000000017,215.84857926510077,10,400,n3+n4
25.728,3266.269000000002,226.47388019592898,1854.6342999999993,5.418495616257339,1411.6347000000028,226.53869096854822,10,400,n3+n4
25.792,3249.1710000000016,225.8337021305722,1854.6240999999995,5.416705773539856,1394.546900000002,225.89865364680045,10,400,n3+n4
25.856,2825.236999999999,210.58134300075108,1854.6157,5.414919672442059,970.6212999999991,210.65095151709846,10,400,n3+n4
25.92,2809.208999999999,209.96993459064552,1854.5944999999997,5.413136063207722,954.6144999999992,210.03969975706678,10,400,n3+n4
25.984,3597.3399999999992,237.71801840415876,1854.5784,5.411339560016539,1742.7615999999991,237.77960145864859,10,400,n3+n4
26.048,2871.7689999999984,212.2878572928749,1854.5648999999999,5.40955360518777,1017.2040999999986,212.35676966889332,10,400,n3+n4
26.112,3076.7560000000008,219.76746607038993,1854.5544999999997,5.407766909751196,1222.201500000001,219.8339898331243,10,400,n3+n4
26.176,3045.9369999999985,218.6865459510484,1854.5426000000004,5.405978332855211,1191.394399999998,218.75335421825034,10,400,n3+n4
26.24,2919.956000000002,214.10134155581548,1854.5238,5.404193139100415,1065.432200000002,214.16953508724032,10,400,n3+n4
26.304,2887.9530000000013,212.90314549343796,1854.5119000000004,5.402408280072879,1033.441100000001,212.97167740388534,10,400,n3+n4
26.368,3234.4850000000006,225.35702793567353,1854.4961000000003,5.400623764612751,1379.9889000000003,225.4217309334813,10,400,n3+n4
26.432,2982.271999999998,216.3569337645548,1854.4879,5.398834853475332,1127.784099999998,216.42428284685397,10,400,n3+n4
26.496,3139.5640000000008,221.9995357630281,1854.4712000000002,5.397045689393411,1285.0928000000006,222.06513004335775,10,400,n3+n4
26.56,3030.7310000000007,218.15740139862322,1854.4560999999999,5.395262114346253,1176.2749000000008,218.22410645545673,10,400,n3+n4
26.624,3077.091000000001,219.7923931486255,1854.4445,5.393475640011735,1222.6465000000007,219.8585583175678,10,400,n3+n4
26.688,2998.340999999999,216.95257863874303,1854.4304000000002,5.3916841761828,1143.9105999999988,217.0195651001441,10,400,n3+n4
26.752,2998.6579999999994,216.9741721150238,1854.4186000000004,5.389901515834961,1144.239399999999,217.04110763482197,10,400,n3+n4
26.816,2981.716000000001,216.315191496113,1854.4081999999996,5.388114857832932,1127.3078000000012,216.38228636771825,10,400,n3+n4
26.88,2730.299,206.9848027271568,1854.3937000000005,5.38633147844616,875.9052999999994,207.05487467527954,10,400,n3+n4
26.944,2808.6770000000015,209.93080014614338,1854.3779000000002,5.384545092958178,954.2991000000013,209.99984327579412,10,400,n3+n4
27.008,2997.969000000001,216.92589831553087,1854.3652999999995,5.382760068069168,1143.6037000000015,216.99267145678087,10,400,n3+n4
27.072,2809.1369999999984,209.96546524131054,1854.3518999999997,5.380979513620173,954.7850999999987,210.0344055970973,10,400,n3+n4
27.136,2667.277,204.57103872982606,1854.3366000000003,5.379192590547395,812.9403999999997,204.64174940594648,10,400,n3+n4
27.2,2934.4649999999992,214.59025436631543,1854.3200000000004,5.377408615736766,1080.1449999999988,214.65761992629228,10,400,n3+n4
27.264,3029.5189999999984,218.07059345542203,1854.3049000000005,5.375619544843179,1175.2140999999979,218.13684011530665,10,400,n3+n4
27.328,2981.426999999999,216.29547570164289,1854.2935000000002,5.373837903491321,1127.133499999999,216.36222161646654,10,400,n3+n4
27.392,2950.312000000001,215.1726611654,1854.2832000000003,5.372054989610587,1096.0288000000005,215.2397107594494,10,400,n3+n4
27.456,3312.7709999999984,228.061281564846,1854.2688000000005,5.370271219202993,1458.5021999999979,228.12450101198638,10,400,n3+n4
27.52,2840.6889999999985,211.14691327130504,1854.255900000001,5.368488083566918,986.4330999999975,211.21515013914936,10,400,n3+n4
27.584,3139.924000000002,222.02529039953987,1854.2419000000002,5.366709266813323,1285.6821000000016,222.09014193645453,10,400,n3+n4
27.648,2873.188999999998,212.39272645502717,1854.2262999999998,5.364920163096557,1018.9626999999982,212.46047307524378,10,400,n3+n4
27.712,2840.8680000000004,211.1594899809146,1854.2116000000005,5.363138700798255,986.6563999999998,211.2275868955662,10,400,n3+n4
27.776,2650.7149999999992,203.90192175406284,1854.1970000000001,5.361354350945289,796.5179999999991,203.97239473878903,10,400,n3+n4
27.84,2463.0109999999977,196.56935781804856,1854.1850000000004,5.359567273875757,608.8259999999973,196.64240995869434,10,400,n3+n4
27.904,2824.5109999999995,210.52573026829768,1854.1684000000005,5.357791989616617,970.342599999999,210.59389601791412,10,400,n3+n4
27.968,2905.115999999998,213.5880844780438,1854.1599999999999,5.356002052492139,1050.9559999999983,213.6552283212051,10,400,n3+n4
28.032,2950.474,215.18523684955707,1854.1442000000002,5.354226692091025,1096.3298,215.2518383230914,10,400,n3+n4
28.096,2794.025000000001,209.4225051898672,1854.1302,5.352439525478078,939.8948000000009,209.490893092931,10,400,n3+n4
28.16,2904.5300000000007,213.54484713520955,1854.1145999999999,5.350660467306817,1050.4154000000008,213.611870703471,10,400,n3+n4
28.224,2919.376000000001,214.05806500807205,1854.1069000000005,5.348884329156875,1065.2691000000007,214.12488355762554,10,400,n3+n4
28.288,3188.325999999999,223.77577689285312,1854.0890000000009,5.347101713657596,1334.2369999999983,223.8396520296084,10,400,n3+n4
28.352,2872.3030000000017,212.3254231433439,1854.0735999999997,5.345316871832764,1018.229400000002,212.3926969682817,10,400,n3+n4
28.416,3265.4129999999986,226.41545381885928,1854.0620999999996,5.343535056355484,1411.350899999999,226.4785002928501,10,400,n3+n4
28.48,3060.6070000000013,219.17298329173704,1854.0476999999998,5.341755063909239,1206.5593000000015,219.2380691215895,10,400,n3+n4
28.544,3266.1939999999995,226.47023150295055,1854.0294999999992,5.339972805586186,1412.1645000000003,226.53317873230935,10,400,n3+n4
28.608,3250.3900000000012,225.91725314592506,1854.0219000000002,5.338190297085708,1396.368100000001,225.980312294341,10,400,n3+n4
28.672,2982.6479999999997,216.3844465713744,1854.0099,5.336417182042649,1128.6380999999997,216.45023923835424,10,400,n3+n4
28.736,3456.1310000000003,233.01324028046128,1853.9933999999998,5.334637123928862,1602.1376000000005,233.07429823823128,10,400,n3+n4
28.8,3013.953,217.51313452525113,1853.9812000000004,5.332854777583954,1159.9717999999996,217.5784985495552,10,400,n3+n4
28.864,3328.9980000000005,228.63749145536048,1853.9644000000003,5.331073661252487,1475.0336000000002,228.69963455454348,10,400,n3+n4
28.928,2730.5890000000004,207.00431461928514,1853.9544,5.329297374785912,876.6346000000003,207.07290426685208,10,400,n3+n4
28.992,3218.731999999999,224.80603226559552,1853.9425000000006,5.3275146636400725,1364.7894999999985,224.86914985273387,10,400,n3+n4
29.056,3092.6180000000004,220.33816013119463,1853.9230000000005,5.325733922869223,1238.695,220.40251416854838,10,400,n3+n4
29.12,3219.223000000001,224.84139629970284,1853.9097000000004,5.323956086248271,1365.3133000000005,224.90441969514143,10,400,n3+n4
29.184,4008.056999999997,250.99543821950238,1853.8993999999998,5.322177909718915,2154.1575999999973,251.0518583573974,10,400,n3+n4
29.248,3030.469,218.13709555002325,1853.8810999999998,5.320400754379316,1176.5879000000002,218.20196864186897,10,400,n3+n4
29.312,2997.9799999999977,216.92558976755143,1853.8731,5.318617258808908,1144.1068999999977,216.9907813377004,10,400,n3+n4
29.376,2682.8,205.1597335102578,1853.8546000000001,5.316836596360659,828.9454000000001,205.22861643882027,10,400,n3+n4
29.44,2808.6530000000025,209.92837872712678,1853.8449999999993,5.315067695937654,954.8080000000032,209.99565266836447,10,400,n3+n4
29.504,3140.4279999999994,222.06178594256144,1853.8274000000001,5.313285268277998,1286.6005999999993,222.12534249009516,10,400,n3+n4
29.568,2919.2199999999993,214.04666340543594,1853.8177999999998,5.311516435793078,1065.4021999999995,214.11255526439285,10,400,n3+n4
29.632,3187.2209999999986,223.69844635356768,1853.806700000001,5.309735838316254,1333.4142999999976,223.76145377538265,10,400,n3+n4
29.696,3155.9809999999998,222.60744367608203,1853.7886999999998,5.307954707031702,1302.1923,222.67071734552778,10,400,n3+n4
29.76,2935.2770000000014,214.6475585861624,1853.7766000000001,5.306177031375791,1081.5004000000013,214.71313402232366,10,400,n3+n4
29.824,2714.255,206.35985835912953,1853.7611,5.304402550617743,860.4939000000002,206.42802093809598,10,400,n3+n4
29.888,2888.138999999999,212.916580944275,1853.7493999999992,5.302627597314373,1034.3896,212.98260093358755,10,400,n3+n4
29.952,3235.1299999999983,225.40374738677264,1853.7343000000005,5.300845528743503,1381.3956999999978,225.46606906432643,10,400,n3+n4
30.016,2873.0119999999997,212.37995280863964,1853.721400000001,5.29906912235536,1019.2905999999987,212.4460507718689,10,400,n3+n4
30.08,3234.087000000004,225.33029048709798,1853.7043,5.297290356068845,1380.382700000004,225.392548892186,10,400,n3+n4
30.144,2808.849,209.94323206286023,1853.6951000000004,5.2955164229751945,955.1538999999998,210.01000734056933,10,400,n3+n4
30.208,2620.0209999999997,202.74301861223236,1853.6811000000002,5.293742910984628,766.3398999999995,202.8121182523559,10,400,n3+n4
30.272,2935.5330000000013,214.66678464774196,1853.6621,5.2919666063383275,1081.8709000000013,214.7320035336201,10,400,n3+n4
30.336,3313.562999999999,228.11549541405563,1853.6537000000003,5.290185842803635,1459.909299999999,228.17682904767398,10,400,n3+n4
30.4,3408.5920000000006,231.38902190899208,1853.6408000000004,5.288414797044574,1554.9512000000002,231.44944759291525,10,400,n3+n4
30.464,3361.9449999999997,229.81835052275522,1853.6259000000005,5.286634634018128,1508.3190999999993,229.87914812516942,10,400,n3+n4
30.528,2935.127000000002,214.6379002715969,1853.6096000000005,5.284863472427647,1081.5174000000018,214.70295297205897,10,400,n3+n4
30.592,2888.5359999999982,212.94717422403147,1853.5995000000003,5.283089416127651,1034.936499999998,213.01269925471303,10,400,n3+n4
30.656,2888.063,212.91017400068034,1853.5858000000007,5.281312725364783,1034.4771999999994,212.9756663497102,10,400,n3+n4
30.72,3282.0519999999997,227.02465896241324,1853.5695999999996,5.2795336311363705,1428.4824,227.086039316296,10,400,n3+n4
30.784,2620.673999999998,202.79416103773787,1853.5562000000004,5.277761931832469,767.1177999999977,202.86282686093344,10,400,n3+n4
30.848,2935.9010000000017,214.6930304667574,1853.5457999999994,5.275991596249941,1082.3552000000022,214.7578483276542,10,400,n3+n4
30.912,2776.856000000001,208.72143756691602,1853.5283000000004,5.274211491967306,923.3277000000007,208.78806433046412,10,400,n3+n4
30.976,2777.4320000000007,208.764461616435,1853.5174999999995,5.272444385766435,923.9145000000012,208.83103003098213,10,400,n3+n4
31.04,3060.7160000000003,219.1817982931064,1853.5019999999995,5.270670009638243,1207.2140000000009,219.24516109905477,10,400,n3+n4
31.104,2745.9920000000016,207.57787852273665,1853.4873,5.2688948458571465,892.5047000000015,207.64473724343873,10,400,n3+n4
31.168,2966.3539999999994,215.76951586588868,1853.4735000000005,5.267125672499186,1112.8804999999988,215.83379390134874,10,400,n3+n4
31.232,3060.929000000001,219.19707220444334,1853.4597,5.265348628960859,1207.4693000000009,219.26030274353005,10,400,n3+n4
31.296,2682.8719999999985,205.1645245382349,1853.4499000000005,5.2635792503390695,829.422099999998,205.2320330638582,10,400,n3+n4
31.36,2808.9329999999995,209.94964135715978,1853.4339,5.2618057524199795,955.4990999999995,210.01556729389424,10,400,n3+n4
31.424,2872.7430000000013,212.35815774064343,1853.4164000000003,5.260031691653578,1019.326600000001,212.4232922548683,10,400,n3+n4
31.488,3203.432999999998,224.28476257204804,1853.4054,5.258254196289868,1350.027599999998,224.34639279291468,10,400,n3+n4
31.552,3266.872000000003,226.51650645151668,1853.3933000000006,5.256485274762976,1413.4787000000024,226.57748858270054,10,400,n3+n4
31.616,2840.2919999999995,211.11724191548166,1853.3796999999997,5.25471495636062,986.9122999999997,211.18262680266244,10,400,n3+n4
31.68,3077.1360000000004,219.79518832995404,1853.3641,5.2529415752890305,1223.7719000000004,219.8579500682051,10,400,n3+n4
31.744,2856.7329999999984,211.75471484479397,1853.3500000000006,5.251171245836494,1003.3829999999978,211.81981507510838,10,400,n3+n4
31.808,2541.737,199.6984625404012,1853.3392,5.24940247673009,688.3978000000002,199.76744521408568,10,400,n3+n4
31.872,2887.725000000002,212.88590325101376,1853.3248000000003,5.24763080704045,1034.4002000000019,212.9505703962471,10,400,n3+n4
31.936,2935.231000000002,214.64434797823128,1853.3147999999999,5.245857745841,1081.9162000000022,214.70844217796756,10,400,n3+n4
32.0,3171.5509999999977,223.14990802597245,1853.2947999999997,5.2440850160442665,1318.256199999998,223.21151825041525,10,400,n3+n4
32.064,2840.7639999999983,211.15176354698053,1853.2835,5.2423134496517845,987.4804999999983,211.21682958349786,10,400,n3+n4
32.128,2966.4890000000014,215.78112009163368,1853.2719000000002,5.240545955222605,1113.2171000000012,215.84474770053785,10,400,n3+n4
32.192,2919.714000000001,214.08297624986434,1853.2558000000004,5.238775488088796,1066.4582000000005,214.147065094562,10,400,n3+n4
32.256,2666.8880000000004,204.54100528255944,1853.2412000000004,5.237008197558984,813.6468,204.60803771323674,10,400,n3+n4
32.32,2746.179,207.59289211820337,1853.2257,5.235242446124152,892.9533000000001,207.65889487683816,10,400,n3+n4
32.384,2950.798000000002,215.21007264066438,1853.2145000000003,5.233463756270793,1097.5835000000018,215.27369674181804,10,400,n3+n4
32.448,3093.317,220.3901375765258,1853.2024999999999,5.231693137283569,1240.1145000000001,220.4522246521515,10,400,n3+n4
32.512,2651.2039999999997,203.93887619333395,1853.188,5.2299302357201665,798.0159999999996,204.0059248974659,10,400,n3+n4
32.576,3139.6019999999994,222.00217105019487,1853.1764000000003,5.228159334287737,1286.4255999999991,222.0637241897575,10,400,n3+n4
32.64,2762.105000000002,208.20221389552998,1853.1585,5.22639705475005,908.9465000000018,208.26780139323967,10,400,n3+n4
32.704,2809.2259999999997,209.97121608210975,1853.1475999999998,5.224623783575234,956.0783999999999,210.03620706125866,10,400,n3+n4
32.768,3140.367000000003,222.05648856766157,1853.1342999999997,5.2228553333593295,1287.2327000000032,222.1179018738319,10,400,n3+n4
32.832,2824.9319999999975,210.55794144605414,1853.1187999999997,5.221086366887642,971.8131999999978,210.62266366383858,10,400,n3+n4
32.896,2824.509,210.52668883540636,1853.1005,5.219322972311638,971.4085,210.5913769466578,10,400,n3+n4
32.96,2997.882999999996,216.9194349384122,1853.0916000000002,5.217551848558862,1144.791399999996,216.9821746164704,10,400,n3+n4
33.024,3061.747999999997,219.25731814924671,1853.0782999999997,5.215787011621544,1208.6696999999972,219.31934706302266,10,400,n3+n4
33.088,3077.049,219.7891240143606,1853.0641999999998,5.214016610685088,1223.9848000000002,219.85096088990943,10,400,n3+n4
33.152,2777.5000000000005,208.76845803664884,1853.0504,5.212244741692392,924.4496000000004,208.83351399200106,10,400,n3+n4
33.216,2745.845999999998,207.56677465818078,1853.0374999999992,5.210484658657005,892.808499999999,207.63216295260736,10,400,n3+n4
33.28,2683.0159999999996,205.1749569830587,1853.0235999999995,5.208714241777908,829.9924000000001,205.24106235608042,10,400,n3+n4
33.344,2762.043000000001,208.1959877351147,1853.0139999999997,5.206946121077114,909.0290000000014,208.26108997339813,10,400,n3+n4
33.408,2935.084999999998,214.63478133797415,1852.9947000000004,5.20518214624618,1082.0902999999978,214.69788839477573,10,400,n3+n4
33.472,2840.2089999999994,211.11137899696453,1852.9833000000003,5.203413295424456,987.225699999999,211.17549538694823,10,400,n3+n4
33.536,2982.0970000000016,216.34390790359683,1852.9662000000008,5.201649501033303,1129.1308000000008,216.406431615448,10,400,n3+n4
33.6,3203.113000000001,224.26387103811442,1852.9563,5.199881391070377,1350.1567000000011,224.32414631394727,10,400,n3+n4
33.664,2635.1439999999984,203.30664416835958,1852.9425999999999,5.1981142783801895,782.2013999999986,203.37308562110937,10,400,n3+n4
33.728,2951.685999999998,215.2743776764898,1852.9246999999998,5.196354568425832,1098.761299999998,215.33708409096832,10,400,n3+n4
33.792,2966.931000000002,215.81186710651477,1852.9175999999998,5.1945863110165,1114.013400000002,215.8743748362519,10,400,n3+n4
33.856,2667.1659999999993,204.56215646595047,1852.9011999999996,5.192819579438516,814.2647999999997,204.62805583102383,10,400,n3+n4
33.92,2935.019000000001,214.62966625329307,1852.8894999999993,5.191059559444488,1082.1295000000018,214.69243287864077,10,400,n3+n4
33.984,2920.6259999999984,214.15236951759363,1852.8724000000002,5.189292682582087,1067.7535999999982,214.21523318509696,10,400,n3+n4
34.048,2572.7669999999976,200.89902501256697,1852.8595999999995,5.187529702430627,719.907399999998,200.96598895189607,10,400,n3+n4
34.112,2431.5249999999987,195.30474501148197,1852.8510999999994,5.185760464946294,578.6738999999993,195.3735794205547,10,400,n3+n4
34.176,2809.3339999999994,209.97998323411684,1852.8371999999995,5.183995635279798,956.4967999999999,210.0439648496157,10,400,n3+n4
34.24,2919.6690000000012,214.07997514246856,1852.819,5.18223771824489,1066.8500000000013,214.14268921625214,10,400,n3+n4
34.304,2872.3319999999985,212.32908305269913,1852.81,5.180475088589848,1019.5219999999986,212.39227112148762,10,400,n3+n4
34.368,2635.5190000000002,203.33465659350844,1852.7903999999999,5.178707384907936,782.7286000000004,203.40059385896225,10,400,n3+n4
34.432,2777.284999999998,208.75168403632102,1852.7784000000001,5.1769442214205865,924.5065999999979,208.81586706826593,10,400,n3+n4
34.496,2478.4049999999997,197.17139342967582,1852.7652999999996,5.175182112670045,625.6397000000002,197.23929856116226,10,400,n3+n4
34.56,2713.9390000000003,206.33649896225347,1852.7530999999992,5.173416090669684,861.1859000000011,206.40134456453336,10,400,n3+n4
34.624,2682.7850000000008,205.15837086748368,1852.7398999999996,5.171653946524264,830.0451000000012,205.2235443158084,10,400,n3+n4
34.688,3012.968,217.44257617127332,1852.7243999999992,5.169895781454401,1160.2436000000007,217.50402698430918,10,400,n3+n4
34.752,2572.9739999999983,200.9157542628253,1852.7122999999992,5.168135962143411,720.2616999999991,200.98221299488966,10,400,n3+n4
34.816,3045.6109999999994,218.6631554949301,1852.698499999999,5.166370576826637,1192.9125000000004,218.72418008975842,10,400,n3+n4
34.88,2840.118999999998,211.10413654166044,1852.6821,5.164609277467173,987.4368999999979,211.16730252098432,10,400,n3+n4
34.944,2746.5209999999997,207.6165599584965,1852.6695999999993,5.1628419927594145,893.8514000000005,207.68074274338045,10,400,n3+n4
35.008,3061.912000000001,219.26682327018833,1852.6558000000002,5.161084866440388,1209.256200000001,219.32755545986146,10,400,n3+n4
35.072,2824.379,210.51655758158313,1852.6474000000007,5.159319482499606,971.7315999999992,210.57977014310399,10,400,n3+n4
35.136,2400.9399999999996,194.1042749400435,1852.6268,5.157560541341225,548.3131999999996,194.17278383114765,10,400,n3+n4
35.2,2903.3619999999987,213.45914934947157,1852.6174999999998,5.155796287955916,1050.7444999999989,213.52140566313932,10,400,n3+n4
35.264,2824.626,210.53555398554425,1852.6009000000001,5.154040456622359,972.0251000000001,210.59863158394103,10,400,n3+n4
35.328,2777.4479999999994,208.7665179740276,1852.5876999999996,5.152279858295743,924.8602999999998,208.83008646921112,10,400,n3+n4
35.392,2856.2180000000008,211.71605975929174,1852.573599999999,5.150514882009371,1003.6444000000017,211.77869997605941,10,400,n3+n4
35.456,2824.6580000000013,210.53804363819853,1852.5616999999993,5.148757298727529,972.096300000002,210.6009912624373,10,400,n3+n4
35.52,2793.146999999999,209.35526338499352,1852.5462999999997,5.146998627676133,940.6006999999993,209.41852330172063,10,400,n3+n4
35.584,2604.695999999999,202.16257184009103,1852.5311999999994,5.145245175227319,752.1647999999996,202.22803712866613,10,400,n3+n4
35.648,2888.3609999999994,212.9326075499006,1852.5193,5.143475163204349,1035.8416999999995,212.9947198752929,10,400,n3+n4
35.712,2651.646999999999,203.9735199161891,1852.5042999999996,5.141725252179467,799.1426999999994,204.03831543504003,10,400,n3+n4
35.776,2793.6179999999986,209.38959597124213,1852.4920000000002,5.139957937318164,941.1259999999984,209.45267262223564,10,400,n3+n4
35.84,2698.436999999999,205.75429115087735,1852.4794000000002,5.138202017116494,845.9575999999988,205.81843806366984,10,400,n3+n4
35.904,2682.592,205.14290429844266,1852.4622,5.136438088432488,830.1298000000002,205.20719816867123,10,400,n3+n4
35.968,2698.5710000000017,205.76415846546263,1852.4498999999996,5.1346840616341725,846.1211000000021,205.8282145125221,10,400,n3+n4
36.032,2840.350000000001,211.12228423120104,1852.4361000000001,5.132923031694515,987.9139000000007,211.18467226067648,10,400,n3+n4
36.096,2635.829000000001,203.35913604015926,1852.4180999999996,5.13116221548296,783.4109000000014,203.42386053922388,10,400,n3+n4
36.16,2888.459000000001,212.94033654758783,1852.4091000000003,5.129410834062719,1036.049900000001,213.00210746493698,10,400,n3+n4
36.224,2730.513999999999,207.0002115071384,1852.3988000000002,5.127652073922333,878.115199999999,207.06371091958928,10,400,n3+n4
36.288,3266.629000000001,226.50155260395013,1852.380599999999,5.125893691104019,1414.2484000000018,226.55954651731736,10,400,n3+n4
36.352,3218.304000000001,224.7770807021926,1852.3681,5.124138630511473,1365.935900000001,224.83547941929606,10,400,n3+n4
36.416,3219.324999999998,224.84692399719412,1852.3579,5.122379634134902,1366.967099999998,224.90526450956233,10,400,n3+n4
36.48,3598.6510000000017,237.80654826560172,1852.3427000000001,5.120621552302024,1746.3083000000015,237.86167232885978,10,400,n3+n4
36.544,3186.9040000000005,223.67494084496815,1852.3308999999997,5.118866658568086,1334.5731000000007,223.73350656052438,10,400,n3+n4
36.608,2226.3369999999995,186.8306330396598,1852.3131000000003,5.117108038746104,374.02389999999923,186.9006961909993,10,400,n3+n4
36.672,2588.9900000000016,201.55350014574302,1852.3030999999996,5.115354686930322,736.686900000002,201.61840261884115,10,400,n3+n4
36.736,2478.5660000000007,197.18411574465125,1852.2852999999996,5.113602614312145,626.2807000000012,197.2504104778926,10,400,n3+n4
36.8,2699.200999999999,205.81196820884838,1852.2732999999998,5.111845589520482,846.9276999999993,205.87544103979747,10,400,n3+n4
36.864,2730.558,207.00259088233656,1852.2599000000007,5.11008978191186,878.2980999999993,207.06565540808356,10,400,n3+n4
36.928,2840.6720000000005,211.14658507065658,1852.2454000000007,5.108333363730288,988.4265999999998,211.20836976018498,10,400,n3+n4
36.992,3060.6529999999993,219.1781121850446,1852.2314000000006,5.106582617631874,1208.4215999999988,219.2375926866346,10,400,n3+n4
37.056,2903.734000000003,213.4863432376881,1852.2195000000006,5.104817799598728,1051.5145000000025,213.547366909,10,400,n3+n4
37.12,3062.0569999999975,219.27992914993385,1852.2082,5.103073301580136,1209.8487999999975,219.33930036617082,10,400,n3+n4
37.184,2368.038,192.7082347410198,1852.1929,5.101314989265023,515.8451,192.77574316189185,10,400,n3+n4
37.248,2856.7709999999993,211.75944035626833,1852.1790000000003,5.099558683376436,1004.591999999999,211.82083485522654,10,400,n3+n4
37.312,2604.2830000000004,202.13190260569954,1852.1635000000006,5.097800983129882,752.1194999999998,202.1961760911012,10,400,n3+n4
37.376,3233.843999999999,225.31243770817443,1852.1534000000006,5.09605487762838,1381.6905999999985,225.37006092495025,10,400,n3+n4
37.44,2950.3910000000014,215.17965041564685,1852.1369999999995,5.094295422038262,1098.254000000002,215.2399447101931,10,400,n3+n4
37.504,2698.929000000001,205.79261781949324,1852.1209000000006,5.092541912139753,846.8081000000004,205.85561816993703,10,400,n3+n4
37.568,2667.101999999999,204.55702202808877,1852.1098000000002,5.09079022616332,814.9921999999988,204.62035921707985,10,400,n3+n4
37.632,2367.882999999999,192.69584995790643,1852.0935999999992,5.089035948998592,515.7893999999997,192.76303815278018,10,400,n3+n4
37.696,2966.1330000000007,215.7544116165414,1852.0831,5.087284839912152,1114.0499000000007,215.8143799635288,10,400,n3+n4
37.76,2998.942000000001,216.99633733775323,1852.0690000000002,5.085526918334027,1146.8730000000007,217.05592137059313,10,400,n3+n4
37.824,3376.668000000003,230.28645195712232,1852.0556000000001,5.0837747310241825,1524.6124000000027,230.34255950760772,10,400,n3+n4
37.888,2919.822,214.09289655427617,1852.0375999999999,5.082024014602844,1067.7844000000002,214.15320525989097,10,400,n3+n4
37.952,2667.071000000001,204.55468186037695,1852.0269999999996,5.080277534613637,815.0440000000012,204.61775849331534,10,400,n3+n4
38.016,2951.756000000001,215.27828102017162,1852.0177999999996,5.0785184719364755,1099.7382000000016,215.33817503840277,10,400,n3+n4
38.08,2823.953000000002,210.4850373066932,1852.0063999999998,5.076769687636028,971.946600000002,210.54625268681778,10,400,n3+n4
38.144,2384.1730000000007,193.38209884836812,1851.9858999999997,5.075017586156722,532.187100000001,193.4486804258427,10,400,n3+n4
38.208,2652.0449999999983,204.00310695428138,1851.9696999999999,5.073265523585376,800.0752999999984,204.06617963315912,10,400,n3+n4
38.272,2903.6810000000023,213.48362898592478,1851.958,5.071515242153966,1051.7230000000022,213.54385992542933,10,400,n3+n4
38.336,2888.0959999999995,212.91349308345863,1851.9470000000001,5.069764032556151,1036.1489999999994,212.9738435685138,10,400,n3+n4
38.4,2730.259,206.98166901201665,1851.9292000000005,5.068016507609264,878.3297999999995,207.04370576842325,10,400,n3+n4
38.464,2714.7749999999987,206.4000404069728,1851.9210000000003,5.066271626630376,862.8539999999985,206.46220910422034,10,400,n3+n4
38.528,2620.0519999999988,202.74579956684678,1851.9021999999998,5.064512115515177,768.149799999999,202.80904448512206,10,400,n3+n4
38.592,2887.826999999999,212.89305591305703,1851.8904000000002,5.062769811980395,1035.9365999999986,212.95324579392803,10,400,n3+n4
38.656,3045.0919999999996,218.6250923270246,1851.8762000000002,5.0610150211691725,1193.2157999999995,218.68366392587382,10,400,n3+n4
38.72,2557.2819999999992,200.3018004736852,1851.8620000000005,5.059264059050486,705.4199999999987,200.36568425211738,10,400,n3+n4
38.784,2793.2590000000014,209.3638424250949,1851.8539000000005,5.057517955736785,941.4051000000009,209.42491972750656,10,400,n3+n4
38.848,2935.5729999999985,214.67130665042305,1851.8397,5.055766165478779,1083.7332999999985,214.7308330690308,10,400,n3+n4
38.912,2447.1059999999993,195.9253934562848,1851.8227999999995,5.0540189441077485,595.2831999999999,195.99056841717513,10,400,n3+n4
38.976,2777.867,208.79816709923492,1851.8102999999996,5.052270230381586,926.0567000000005,208.8592828161603,10,400,n3+n4
39.04,2431.3770000000004,195.29325437147082,1851.7985000000003,5.0505170483525745,579.5785000000001,195.35854966050425,10,400,n3+n4
39.104,2557.460000000001,200.3153833258943,1851.7815000000005,5.048772389680485,705.6785000000004,200.37899815011244,10,400,n3+n4
39.168,2572.8809999999985,200.9075386091821,1851.771800000001,5.04702432611534,721.1091999999976,200.97092208712283,10,400,n3+n4
39.232,2777.499,208.7694694250095,1851.7541999999999,5.045274519290302,925.7447999999999,208.83042440931584,10,400,n3+n4
39.296,2635.600000000001,203.34058617747715,1851.7424,5.0435295746629665,783.8576000000007,203.4031247979502,10,400,n3+n4
39.36,2604.206999999999,202.12591144383248,1851.7306000000003,5.04178306360954,752.4763999999986,202.18878221469288,10,400,n3+n4
39.424,2525.4419999999996,199.0331107278385,1851.7143000000003,5.040031471707296,673.7276999999992,199.09691379636155,10,400,n3+n4
39.488,2604.352999999998,202.13708245396242,1851.7036999999996,5.03829397172297,752.6492999999982,202.19986278221234,10,400,n3+n4
39.552,2446.7460000000005,195.89658688961376,1851.6870000000004,5.03654071023952,595.0590000000002,195.96132143187313,10,400,n3+n4
39.616,2588.3499999999985,201.50294641270136,1851.6748000000007,5.034798078801174,736.6751999999979,201.56583689875202,10,400,n3+n4
39.68,2902.9590000000003,213.4301263622359,1851.6599000000006,5.033040269002425,1051.2990999999997,213.48946187891661,10,400,n3+n4
39.744,2636.486,203.41035209398748,1851.6431000000002,5.031302819121504,784.8428999999996,203.4725665711662,10,400,n3+n4
39.808,2289.9180000000015,189.51530664566388,1851.6289000000008,5.029552293753391,438.28910000000064,189.5820346163518,10,400,n3+n4
39.872,2446.702,195.89277126785456,1851.6210000000005,5.027811034476137,595.0809999999997,195.95728289297742,10,400,n3+n4
39.936,2179.817000000001,184.88885049131548,1851.603,5.026068273332546,328.21400000000085,184.9571528713832,10,400,n3+n4
40.0,2368.23,192.72430770144175,1851.5907000000002,5.024309681936415,516.6392999999998,192.78978828449394,10,400,n3+n4
40.064,2809.437999999999,209.9870809549958,1851.5774000000001,5.022574576658867,957.8605999999991,210.047138574602,10,400,n3+n4
40.128,2525.156,199.01138918162445,1851.5636000000002,5.020829420902486,673.5923999999998,199.0747139947055,10,400,n3+n4
40.192,2636.6639999999998,203.4240545068355,1851.5509999999997,5.019085395986006,785.113,203.48596307905905,10,400,n3+n4
40.256,2431.1919999999986,195.27742333664688,1851.5347000000002,5.017341731036466,579.6572999999985,195.34186899650058,10,400,n3+n4
40.32,3045.898,218.68352654921213,1851.5238000000004,5.015596289714713,1194.3741999999997,218.74103636524487,10,400,n3+n4
40.384,2494.1360000000004,197.79654707046834,1851.5081,5.013852525314241,642.6279000000004,197.86008377170367,10,400,n3+n4
40.448,2619.6559999999995,202.716085775155,1851.4967000000001,5.012106322744961,768.1592999999993,202.7780378684795,10,400,n3+n4
40.512,2887.3699999999994,212.86038113279795,1851.4798000000003,5.010363739260854,1035.8901999999991,212.91934059826437,10,400,n3+n4
40.576,2462.2259999999997,196.50750954098422,1851.4723,5.008617380974514,610.7536999999998,196.57132943048688,10,400,n3+n4
40.64,2431.4379999999987,195.29870480881328,1851.4600999999998,5.006877988137917,579.977899999999,195.36287499724222,10,400,n3+n4
40.704,2651.6409999999996,203.97234423323172,1851.4424999999994,5.005134099472261,800.1985000000002,204.03374372724156,10,400,n3+n4
40.768,2792.900999999999,209.3367120741128,1851.4231,5.0033871539787915,941.477899999999,209.39649687855956,10,400,n3+n4
40.832,2982.1099999999974,216.34471655208043,1851.4127,5.001651706186667,1130.6972999999973,216.40252516962462,10,400,n3+n4
40.896,2415.7610000000013,194.66706397590733,1851.4005000000002,4.999909325037805,564.3605000000011,194.7312632585189,10,400,n3+n4
40.96,2477.9139999999993,197.13218136570197,1851.3863999999994,4.998165216486946,626.5275999999999,197.19553388840052,10,400,n3+n4
41.024,2887.407,212.86241514884668,1851.3743999999997,4.996421186549427,1036.0326000000005,212.92104641785264,10,400,n3+n4
41.088,2447.195000000002,195.9332289607865,1851.3542999999997,4.994686873288455,595.8407000000022,195.99688035262753,10,400,n3+n4
41.152,2352.8939999999993,192.11310844656074,1851.3410000000003,4.992938701626527,501.552999999999,192.17797967997845,10,400,n3+n4
41.216,2509.612000000001,198.40222071337809,1851.3285000000005,4.991199151196033,658.2835000000005,198.46499251245015,10,400,n3+n4
41.28,2572.9000000000015,200.91026853050596,1851.3189999999993,4.98946325024045,721.5810000000022,200.97221386183097,10,400,n3+n4
41.344,2777.8329999999987,208.7939435759572,1851.3048999999999,4.987714037211837,926.5280999999989,208.85350886522593,10,400,n3+n4
41.408,2935.1929999999984,214.64244214041165,1851.2885999999996,4.9859807062703325,1083.9043999999988,214.70034460056945,10,400,n3+n4
41.472,2714.4040000000014,206.3716301554067,1851.2809000000004,4.984237609554746,863.1231000000009,206.43181043034156,10,400,n3+n4
41.536,2258.028,188.16952217614838,1851.2638000000002,4.98250168410408,406.7641999999996,188.23547593116473,10,400,n3+n4
41.6,2620.239000000001,202.76145175797103,1851.2504000000006,4.980752904310753,768.9886000000004,202.82261762065346,10,400,n3+n4
41.664,2305.4699999999993,190.15292301986844,1851.2375000000006,4.979018921685277,454.2324999999987,190.21809788351507,10,400,n3+n4
41.728,2226.7269999999985,186.86257493944584,1851.2211000000004,4.97728047871526,375.50589999999806,186.92885072659013,10,400,n3+n4
41.792,2760.818000000001,208.10339142599287,1851.2106999999996,4.975538937401657,909.6073000000015,208.16286294802347,10,400,n3+n4
41.856,2792.6740000000004,209.32008251001628,1851.1983,4.973800742631333,941.4757000000004,209.37916714856667,10,400,n3+n4
41.92,2384.403999999999,193.3996983580895,1851.1843,4.9720603857354755,533.2196999999992,193.46360047688404,10,400,n3+n4
41.984,2698.766,205.77935012532234,1851.1715999999997,4.970323127896213,847.5944000000004,205.83936710453543,10,400,n3+n4
42.048,2666.9130000000005,204.5430523117321,1851.1561000000002,4.968586143632814,815.7569000000003,204.60338975018638,10,400,n3+n4
42.112,2494.495999999999,197.8270186754074,1851.1417999999999,4.9668467690175415,643.3541999999993,197.88936021127282,10,400,n3+n4
42.176,2572.987999999999,200.91647256011635,1851.1277,4.965108571169416,721.8602999999989,200.97781282799224,10,400,n3+n4
42.24,2777.222999999999,208.74781823051467,1851.1121000000003,4.963377733761557,926.1108999999988,208.80681678175162,10,400,n3+n4
42.304,2667.0209999999993,204.55015488138847,1851.0998000000002,4.961636223495229,815.9211999999991,204.61032157741775,10,400,n3+n4
42.368,2604.174,202.12287448975192,1851.0857999999996,4.959898941157974,753.0882000000004,202.18372088154504,10,400,n3+n4
42.432,2603.987000000001,202.10917813894557,1851.0743999999995,4.958165840388964,752.9126000000015,202.16998614161508,10,400,n3+n4
42.496,2604.17,202.12253021125576,1851.0598,4.956422667055343,753.1102000000001,202.18329145766347,10,400,n3+n4
42.56,2573.179,200.9311200959174,1851.0462999999995,4.954693479338554,722.1327000000006,200.99219887964352,10,400,n3+n4
42.624,2446.826999999999,195.90333309824004,1851.0325,4.952952803055971,595.7944999999988,195.9659349490857,10,400,n3+n4
42.688,2257.7420000000006,188.14469262511764,1851.0185999999994,4.951213203104873,406.7234000000012,188.20982937982436,10,400,n3+n4
42.752,2746.5239999999994,207.61634898774224,1851.0069000000003,4.949477711233783,895.5170999999991,207.67533723727038,10,400,n3+n4
42.816,2682.338999999997,205.12262402524004,1850.9895000000006,4.94774587327401,831.3494999999966,205.18228743297138,10,400,n3+n4
42.88,2682.9419999999977,205.17024242077608,1850.9763000000007,4.94601021010875,831.965699999997,205.22985014855547,10,400,n3+n4
42.944,3013.2820000000033,217.4648393097146,1850.9617000000003,4.9442719676004865,1162.320300000003,217.52103843373308,10,400,n3+n4
43.008,2793.7690000000016,209.4018473963398,1850.9516,4.942535544606635,942.8174000000015,209.46016888804823,10,400,n3+n4
43.072,2557.2170000000006,200.2954471249908,1850.9384,4.940803976044789,706.2786000000006,200.3563766964498,10,400,n3+n4
43.136,2525.9429999999984,199.07279904597726,1850.9218000000005,4.9390696088129795,675.0211999999979,199.13405968995045,10,400,n3+n4
43.2,2431.4489999999996,195.2992334393558,1850.9089000000008,4.937339664201764,580.5400999999988,195.36163365655932,10,400,n3+n4
43.264,2604.1009999999987,202.11759067186608,1850.8946000000005,4.935602302759005,753.2063999999982,202.17784406084414,10,400,n3+n4
43.328,2478.2639999999988,197.1602646249999,1850.8805,4.9338707637006465,627.3834999999988,197.2219892094005,10,400,n3+n4
43.392,2605.662000000001,202.2397325650922,1850.8674999999998,4.932140246728594,754.7945000000013,202.29986513938513,10,400,n3+n4
43.456,2982.221999999998,216.35253695993495,1850.8521000000003,4.930401355133272,1131.3698999999976,216.40870848125016,10,400,n3+n4
43.52,2541.890000000001,199.70960296139984,1850.8356999999999,4.928667625778797,691.0543000000009,199.7704114216251,10,400,n3+n4
43.584,2888.215000000001,212.92222470188497,1850.8258,4.9269340005727695,1037.389200000001,212.97922070156514,10,400,n3+n4
43.648,2195.2299999999996,185.53135993141422,1850.8121,4.925207670819577,344.41789999999946,185.59672192310046,10,400,n3+n4
43.712,2258.405999999999,188.20042895540914,1850.7942999999998,4.923469943718556,407.61169999999925,188.26481884645017,10,400,n3+n4
43.776,2856.301,211.7228535349928,1850.7848000000004,4.921738063042365,1005.5161999999996,211.78005150287697,10,400,n3+n4
43.84,2400.402000000001,194.06130584688952,1850.7759999999998,4.920007485339833,549.6260000000011,194.12366393785123,10,400,n3+n4
43.904,2430.8840000000005,195.25449001239383,1850.754,4.918276906244706,580.1300000000006,195.3164235739701,10,400,n3+n4
43.968,2273.905,188.83828198752502,1850.7445000000005,4.91654674233857,423.16049999999973,188.90227414160375,10,400,n3+n4
44.032,2510.081,198.43974283141978,1850.7302000000009,4.914817911703342,659.3507999999993,198.5005969011308,10,400,n3+n4
44.096,2967.501999999999,215.8540160965277,1850.7170000000003,4.913080436721955,1116.7849999999987,215.90992247781884,10,400,n3+n4
44.16,2604.0330000000013,202.11297753236929,1850.7024999999994,4.911352069053898,753.3305000000018,202.17264173509287,10,400,n3+n4
44.224,2478.340999999999,197.1660601726372,1850.6872999999996,4.909622325719158,627.6536999999994,197.2271778315078,10,400,n3+n4
44.288,2541.1320000000023,199.6497307010455,1850.6729000000003,4.907892996765517,690.4591000000021,199.7100457730349,10,400,n3+n4
44.352,2651.0920000000015,203.92963973635608,1850.6620000000003,4.906161725728169,800.4300000000012,203.9886476887353,10,400,n3+n4
44.416,2729.838999999999,206.94857083584802,1850.6467999999995,4.904433239988083,879.1921999999995,207.00667727492635,10,400,n3+n4
44.48,2179.6820000000007,184.87839682613006,1850.635699999999,4.902702578741647,329.0463000000018,184.9433916245066,10,400,n3+n4
44.544,2321.1550000000007,190.79808817700456,1850.6180999999997,4.900977491633684,470.53690000000097,190.86102282124943,10,400,n3+n4
44.608,2809.9129999999996,210.02326117123303,1850.6066,4.89924604207627,959.3063999999995,210.0803961458107,10,400,n3+n4
44.672,2730.942999999999,207.03293846149208,1850.5946999999994,4.8975162447510066,880.3482999999994,207.0908575320687,10,400,n3+n4
44.736,2714.6559999999995,206.39185646483247,1850.5783999999994,4.895788138461468,864.0776000000001,206.44991440176648,10,400,n3+n4
44.8,2573.6039999999994,200.96412803284065,1850.5707999999995,4.8940568528369175,723.0331999999999,201.0237114085768,10,400,n3+n4
44.864,2368.3690000000006,192.73634572129876,1850.5517999999995,4.892331243190715,517.8172000000011,192.7984280718935,10,400,n3+n4
44.928,2604.1899999999996,202.12396868258844,1850.5355999999995,4.8905993063529545,753.6544000000001,202.1831265896719,10,400,n3+n4
44.992,2384.2260000000006,193.38561844408184,1850.5217999999995,4.888876756075981,533.704200000001,193.44740509227853,10,400,n3+n4
45.056,2776.9879999999976,208.73098589093092,1850.5096999999992,4.88714743545762,926.4782999999984,208.78819095211276,10,400,n3+n4
45.12,2699.3520000000017,205.82467882399334,1850.501799999999,4.88542272093214,848.8502000000026,205.88265047876718,10,400,n3+n4
45.184,3250.295,225.91203234666358,1850.4904999999999,4.883693109164415,1399.8045000000002,225.96481322848578,10,400,n3+n4
45.248,3249.875000000001,225.88158305182827,1850.4704,4.881967127347335,1399.404600000001,225.93433374552106,10,400,n3+n4
45.312,3219.344000000001,224.84878347235934,1850.4596000000004,4.8802407968255,1368.8844000000006,224.90173894222102,10,400,n3+n4
45.376,2966.9079999999994,215.81104753927676,1850.4438,4.878511983802028,1116.4641999999994,215.86618104551735,10,400,n3+n4
45.44,3092.308,220.31797376519236,1850.4287,4.876785425656946,1241.8793,220.37194149911167,10,400,n3+n4
45.504,2840.505000000002,211.13302991715906,1850.4145999999996,4.875055890838586,990.0904000000023,211.18930487110083,10,400,n3+n4
45.568,2573.2579999999994,200.93648538530778,1850.406,4.8733321969982715,722.8519999999994,200.99557339827737,10,400,n3+n4
45.632,2651.2389999999978,203.94178753507097,1850.3881000000006,4.871611944510769,800.8508999999972,203.99996398513878,10,400,n3+n4
45.696,2919.015,214.0325856639592,1850.3718000000001,4.86988600998011,1068.6431999999998,214.08798078301882,10,400,n3+n4
45.76,2352.416999999999,192.07471769340177,1850.3583000000003,4.868156909200853,502.0586999999987,192.13639980152794,10,400,n3+n4
45.824,2998.0840000000007,216.93333664054492,1850.3452,4.866436124937837,1147.7388000000008,216.98791382599651,10,400,n3+n4
45.888,2683.037999999998,205.17680567988185,1850.3344000000002,4.864712978840581,832.703599999998,205.2344684047163,10,400,n3+n4
45.952,2258.574999999999,188.21378979500943,1850.316299999999,4.862978742088022,408.25869999999986,188.27660298413608,10,400,n3+n4
46.016,2525.176,199.01172160202017,1850.3064999999997,4.8612671489334955,674.8695000000002,199.07108592985895,10,400,n3+n4
46.08,2919.043000000001,214.03498537388697,1850.2923,4.859542517593606,1068.750700000001,214.09014483969202,10,400,n3+n4
46.144,2542.2760000000003,199.73975905412522,1850.2808000000002,4.857818537358101,691.9952000000001,199.79882318958212,10,400,n3+n4
46.208,2463.3309999999997,196.59483950755165,1850.2681999999995,4.856093924246111,613.0628000000002,196.6548056092225,10,400,n3+n4
46.272,2540.853,199.62864529420622,1850.253299999999,4.854372319291135,690.5997000000011,199.68765848848622,10,400,n3+n4
46.336,2289.8319999999994,189.50758779267912,1850.2367999999994,4.852650986976088,439.5952,189.56970763442501,10,400,n3+n4
46.4,2163.5979999999995,184.17626903594285,1850.223,4.8509229705387,313.37499999999955,184.24014092934826,10,400,n3+n4
46.464,2289.7820000000006,189.50391702020312,1850.2146000000005,4.849208911647342,439.56740000000013,189.56594998329427,10,400,n3+n4
46.528,2635.4360000000006,203.32861867430273,1850.1994,4.84748323122422,785.2366000000006,203.3863940033281,10,400,n3+n4
46.592,2415.252000000001,194.62636725274405,1850.188,4.845758367613886,565.0640000000008,194.68668214379048,10,400,n3+n4
46.656,2304.814,190.09752356882507,1850.1738000000003,4.844040749931816,454.6401999999996,190.1592311663754,10,400,n3+n4
46.72,2620.083,202.74731391808857,1850.1610000000005,4.842319924788118,769.9219999999996,202.8051315012861,10,400,n3+n4
46.784,2179.072,184.82612699507612,1850.1453,4.840596515616644,328.9267000000002,184.8895037437956,10,400,n3+n4
46.848,2478.390000000002,197.1697924429602,1850.1287000000002,4.838878813588949,628.2613000000019,197.22916062330287,10,400,n3+n4
46.912,2857.161000000002,211.7856524224434,1850.1161000000006,4.83715322520385,1007.0449000000012,211.8408851551657,10,400,n3+n4
46.976,2871.758999999999,212.285746869638,1850.1048000000005,4.835437887110122,1021.6541999999986,212.3408104523483,10,400,n3+n4
47.04,3139.538999999999,221.9984821074234,1850.0868000000003,4.833715376002191,1289.4521999999986,222.05109966477576,10,400,n3+n4
47.104,2556.9889999999996,200.27834002457678,1850.0725999999995,4.831992604723232,706.9164000000001,200.33662080491447,10,400,n3+n4
47.168,2998.498000000002,216.96471645638604,1850.0613999999996,4.83027875712158,1148.4366000000023,217.01847796874694,10,400,n3+n4
47.232,2729.9249999999984,206.9554445091987,1850.0482,4.8285566533178415,879.8767999999984,207.01176529693748,10,400,n3+n4
47.296,3045.5199999999986,218.65523063489692,1850.0365000000002,4.826839277270375,1195.4834999999985,218.70850066105928,10,400,n3+n4
47.36,2982.6850000000013,216.38772332782648,1850.0231000000003,4.825114414601999,1132.661900000001,216.44151296854767,10,400,n3+n4
47.424,3298.129,227.5934220907977,1850.0094000000006,4.823406746387868,1448.1195999999993,227.64452778760375,10,400,n3+n4
47.488,2352.8660000000004,192.11050788023024,1849.9915000000005,4.821688885525487,502.8744999999999,192.17100697480046,10,400,n3+n4
47.552,2557.0379999999986,200.28212323120604,1849.9813000000001,4.8199660287288335,707.0566999999985,200.3401132038167,10,400,n3+n4
47.616,2809.0909999999994,209.9613449090093,1849.9680000000008,4.8182521114404135,959.1229999999987,210.0166229359223,10,400,n3+n4
47.68,2132.5429999999997,182.86477013082643,1849.9542000000008,4.8165338027050115,282.58879999999886,182.92819124692778,10,400,n3+n4
47.744,2651.5880000000016,203.96899453593426,1849.9389000000006,4.81481570817617,801.649100000001,204.0258149899264,10,400,n3+n4
47.808,2194.9569999999994,185.5079664273208,1849.9279000000001,4.813089332435043,345.0290999999993,185.57039482881416,10,400,n3+n4
47.872,2950.9770000000008,215.22126854936985,1849.9078000000002,4.811377859605293,1101.0692000000006,215.27504219697155,10,400,n3+n4
47.936,2746.2879999999986,207.59898382458428,1849.8977,4.809664712305838,896.3902999999987,207.65469163889557,10,400,n3+n4
48.0,3076.821999999999,219.7735683106592,1849.8815999999997,4.807942799233368,1226.9403999999995,219.82615322559025,10,400,n3+n4
48.064,2966.2840000000015,215.7666766208351,1849.8724000000002,4.806232707849256,1116.4116000000013,215.82019973311589,10,400,n3+n4
48.128,2840.2109999999984,211.11150064835408,1849.8598000000002,4.804509571600415,990.3511999999982,211.1661644729657,10,400,n3+n4
48.192,2525.686999999999,199.0514155815025,1849.8465999999996,4.802799241713108,675.8403999999994,199.10934916662308,10,400,n3+n4
48.256,3060.9519999999993,219.19944928991046,1849.8268,4.80107927531925,1211.1251999999993,219.25202149856662,10,400,n3+n4
48.32,2793.585000000001,209.38785951195925,1849.8169000000003,4.799374126664852,943.7681000000007,209.44285545944908,10,400,n3+n4
48.384,2745.919000000001,207.57110711994574,1849.8065000000001,4.7976535968950484,896.1125000000006,207.62654452414264,10,400,n3+n4
48.448,2825.0580000000014,210.5662123394919,1849.7909999999997,4.795939381758281,975.2670000000016,210.6208223646311,10,400,n3+n4
48.512,2367.9069999999992,192.6978619237899,1849.7779,4.794216900349838,518.1290999999992,192.75749143856277,10,400,n3+n4
48.576,2840.460000000001,211.12943023415758,1849.7624999999991,4.7925126407449365,990.6975000000018,211.1838168241395,10,400,n3+n4
48.64,2352.263000000001,192.06206772030754,1849.7493999999997,4.790793813116986,502.51360000000113,192.12180917938443,10,400,n3+n4
48.704,2321.1040000000007,190.79380897450528,1849.7333999999994,4.789082190681217,471.37060000000133,190.85390446943734,10,400,n3+n4
48.768,2572.7610000000004,200.89882690548495,1849.7257,4.7873657252292725,723.0353000000005,200.95585963735198,10,400,n3+n4
48.832,2619.787999999999,202.7254923289126,1849.7081,4.785655023317079,770.079899999999,202.78197092937577,10,400,n3+n4
48.896,2336.476999999999,191.41213895936687,1849.6911000000002,4.783947407904899,486.7858999999987,191.47191202315176,10,400,n3+n4
48.96,2195.0429999999997,185.51446901522263,1849.6794000000004,4.782229670530264,345.3635999999992,185.57609742265217,10,400,n3+n4
49.024,2588.2210000000005,201.49273678721028,1849.6665000000005,4.78052148822699,738.5545,201.54943900616396,10,400,n3+n4
49.088,2069.0070000000014,180.08466951686918,1849.6541000000004,4.778799320802245,219.352900000001,180.1480644302028,10,400,n3+n4
49.152,2148.1049999999996,183.5249376842286,1849.6343000000004,4.777098353906898,298.47069999999917,183.5871003656926,10,400,n3+n4
49.216,2415.2009999999996,194.62123960914445,1849.6223000000011,4.775386702205382,565.5786999999984,194.67981720033438,10,400,n3+n4
49.28,2651.3329999999987,203.9487040287337,1849.6127999999999,4.773672340420947,801.7201999999988,204.00456323968274,10,400,n3+n4
49.344,2242.0309999999995,187.48811118841638,1849.5957999999998,4.771960969203332,392.43519999999967,187.5488295044562,10,400,n3+n4
49.408,2368.159999999999,192.71884950102827,1849.5825,4.7702511819400035,518.577499999999,192.77787800818533,10,400,n3+n4
49.472,2541.5189999999993,199.67965252874416,1849.568,4.768546104757718,691.9509999999993,199.7365831938486,10,400,n3+n4
49.536,2682.813,205.16015303903438,1849.5577999999998,4.766829198995911,833.2552000000003,205.2155234274747,10,400,n3+n4
49.6,2321.288999999998,190.80959537455132,1849.5422999999996,4.765118565681235,471.7466999999983,190.86908613482962,10,400,n3+n4
49.664,2274.078000000002,188.85210293242702,1849.5304999999998,4.763408546702666,424.54750000000195,188.9121670062117,10,400,n3+n4
49.728,2069.2019999999993,180.10072700019848,1849.5190999999995,4.761699829273155,219.6828999999998,180.1636635153274,10,400,n3+n4
49.792,2415.0699999999997,194.61184035921352,1849.4988999999996,4.759993399155087,565.5711000000001,194.67004377962215,10,400,n3+n4
49.856,2525.2699999999995,199.0179259061857,1849.4843000000003,4.7582915248227495,675.7856999999992,199.07480044002358,10,400,n3+n4
49.92,2179.9030000000007,184.896625307224,1849.4769999999999,4.756569076677011,330.42600000000084,184.95779788746725,10,400,n3+n4
49.984,2289.483,189.47936647825276,1849.4633999999999,4.754868360354469,440.0196000000003,189.53901733976653,10,400,n3+n4
50.048,1645.3249999999994,160.56728919365867,1849.4464999999996,4.753152278677805,-204.1215000000002,160.63762577797368,10,400,n3+n4
50.112,2147.548,183.4761245176058,1849.4321999999997,4.751454367906736,298.11580000000004,183.53763806535784,10,400,n3+n4
50.176,2163.6289999999995,184.18076481000938,1849.4183000000003,4.749741065142393,314.2106999999992,184.2419989204033,10,400,n3+n4
50.24,1833.5430000000006,169.5116352053746,1849.4089,4.748035072859088,-15.865899999999328,169.57811859745672,10,400,n3+n4
50.304,2462.807999999999,196.55291761507894,1849.3929999999996,4.74632279494347,613.4149999999995,196.61021591736736,10,400,n3+n4
50.368,2100.660999999999,181.47067070466233,1849.3789,4.744618361744178,251.28209999999922,181.5326850167721,10,400,n3+n4
50.432,2006.5840000000007,177.35805849467346,1849.3625999999995,4.74290751075751,157.22140000000127,177.4214645544772,10,400,n3+n4
50.496,2179.4069999999992,184.85547246430116,1849.3497999999997,4.741204129079448,330.0571999999995,184.91626406726263,10,400,n3+n4
50.56,2085.0769999999984,180.79799108950294,1849.3386999999998,4.739496728377392,235.73829999999862,180.8601017671899,10,400,n3+n4
50.624,1974.9950000000008,175.94683253187594,1849.3244999999997,4.737794689145995,125.67050000000108,176.01060927261318,10,400,n3+n4
50.688,2022.522999999999,178.07221343320245,1849.3124000000003,4.736091328901924,173.21059999999875,178.13518394207168,10,400,n3+n4
50.752,2336.712999999998,191.4297595542553,1849.2972999999997,4.734382067366343,487.4156999999982,191.48829524688918,10,400,n3+n4
50.816,2384.365999999999,193.39770282761893,1849.2847999999992,4.7326793293756975,535.0811999999999,193.45560139896367,10,400,n3+n4
50.88,2006.6669999999995,177.3652911084917,1849.2685999999994,4.73097356668794,157.39840000000004,177.4283759743314,10,400,n3+n4
50.944,2053.528999999999,179.4166301990983,1849.2559000000006,4.729268442613509,204.27309999999852,179.47894910546555,10,400,n3+n4
51.008,2210.747000000001,186.1781241526512,1849.2426000000005,4.727562947809368,361.5044000000007,186.23813724483367,10,400,n3+n4
51.072,2242.9069999999992,187.56113376976583,1849.2308999999996,4.725854939923568,393.6760999999997,187.62066145793537,10,400,n3+n4
51.136,2651.9200000000005,203.99504112110182,1849.2202000000002,4.724157986646934,802.6998000000003,204.0497352869707,10,400,n3+n4
51.2,2069.2129999999993,180.1002279648752,1849.2020999999995,4.722445510897929,220.01089999999976,180.1621314388887,10,400,n3+n4
51.264,2116.761999999999,182.18152360763696,1849.1864,4.720747190519739,267.57559999999876,182.24267611631691,10,400,n3+n4
51.328,2037.6239999999993,178.71097495117635,1849.1785,4.719045497809912,188.44549999999936,178.77326969771065,10,400,n3+n4
51.392,2178.995,184.82042939025976,1849.1643,4.717338441006751,329.8307,184.8806220293706,10,400,n3+n4
51.456,1943.6300000000008,174.54339901010292,1849.1459999999997,4.7156386514659925,94.48400000000106,174.60708859004322,10,400,n3+n4
51.52,1880.9350000000009,171.70414796678617,1849.1356000000003,4.71393889424757,31.79940000000056,171.76884365011804,10,400,n3+n4
51.584,2116.9800000000005,182.2000991602365,1849.1214,4.712239028264589,267.8586000000005,182.26102526502893,10,400,n3+n4
51.648,2085.2909999999983,180.81727152293828,1849.1084999999994,4.7105289194314475,236.18249999999898,180.87861886829185,10,400,n3+n4
51.712,2352.5339999999997,192.0827715803789,1849.0916000000002,4.708833815298647,503.44239999999945,192.14048051855215,10,400,n3+n4
51.776,2242.2309999999984,187.50469762648612,1849.0767999999998,4.7071297439947415,393.1541999999986,187.56377236136723,10,400,n3+n4
51.84,2305.413000000001,190.14758492286987,1849.0671999999997,4.705432803260504,456.3458000000012,190.20579683560123,10,400,n3+n4
51.904,2211.1659999999983,186.21323077590375,1849.0499999999988,4.703734982925803,362.11599999999953,186.2726293334305,10,400,n3+n4
51.968,2116.4909999999995,182.1579533728901,1849.0362999999998,4.702031696543528,267.4546999999998,182.21862989023737,10,400,n3+n4
52.032,2415.533999999998,194.648662137709,1849.0263,4.70033300918137,566.5076999999978,194.7054051699572,10,400,n3+n4
52.096,2179.7529999999992,184.8844545006421,1849.0097,4.698632217720387,330.7432999999992,184.94415011218223,10,400,n3+n4
52.16,2132.452,182.85612730778257,1848.9986999999996,4.696927689351838,283.4533000000006,182.91644109734636,10,400,n3+n4
52.224,2179.248,184.84274695535123,1848.9799999999996,4.695228179769328,330.2680000000005,184.90236956204782,10,400,n3+n4
52.288,2226.2259999999997,186.81958137732775,1848.9698999999996,4.693527396883925,377.25610000000006,186.87853056310476,10,400,n3+n4
52.352,2194.9379999999996,185.506834060096,1848.9546999999993,4.691830209854146,345.9833000000003,185.56615735019705,10,400,n3+n4
52.416,2415.1289999999995,194.6168637657076,1848.9387000000004,4.6901372173850095,566.1902999999991,194.67337015914092,10,400,n3+n4
52.48,1943.2859999999994,174.51096973256438,1848.9289000000003,4.688441191686209,94.35709999999904,174.57393859854312,10,400,n3+n4
52.544,1990.8930000000005,176.66266182756328,1848.9167000000004,4.686737480817546,141.97630000000004,176.72481883486,10,400,n3+n4
52.608,2037.6279999999992,178.71157411874586,1848.9007000000001,4.685046807087417,188.7272999999991,178.77297443289518,10,400,n3+n4
52.672,2053.7399999999993,179.43509040040078,1848.8912999999998,4.683342780899131,204.84869999999955,179.49619875251787,10,400,n3+n4
52.736,1928.021999999999,173.84285053173744,1848.8764000000006,4.681650245938925,79.14559999999847,173.905878365354,10,400,n3+n4
52.8,2021.8320000000008,178.01278168434982,1848.8602000000008,4.67994901139959,172.97180000000003,178.0742888958125,10,400,n3+n4
52.864,1817.8919999999991,168.78726722119765,1848.8491000000004,4.678254382929599,-30.95710000000122,168.85208805363166,10,400,n3+n4
52.928,1991.0949999999987,176.68167708339195,1848.8333999999995,4.676552701574098,142.26159999999913,176.74355762564753,10,400,n3+n4
52.992,2100.975999999999,181.49704515225582,1848.8227999999997,4.674861634947071,252.15319999999952,181.55724091951245,10,400,n3+n4
53.056,2179.2339999999995,184.83976429058765,1848.8090000000002,4.673167233012318,330.4249999999993,184.8988289713802,10,400,n3+n4
53.12,2038.2499999999998,178.7666479212495,1848.7906999999996,4.671467638066221,189.4593000000002,178.827674085678,10,400,n3+n4
53.184,2210.9860000000003,186.19810676266295,1848.7767999999996,4.669769217166947,362.2092000000007,186.25665546911776,10,400,n3+n4
53.248,2006.0730000000003,177.3132472067443,1848.766,4.668077331760904,157.30700000000024,177.37468416032576,10,400,n3+n4
53.312,2179.1099999999997,184.8291316567818,1848.7499000000003,4.6663843980859525,330.3600999999994,184.8880284181501,10,400,n3+n4
53.376,2038.3420000000006,178.77410148844262,1848.7369999999996,4.664686849875348,189.60500000000093,178.83494811251907,10,400,n3+n4
53.44,2116.8549999999996,182.1887611078137,1848.7251999999999,4.662997506175615,268.1297999999997,182.24842446436296,10,400,n3+n4
53.504,2337.125999999999,191.46469265376322,1848.7053000000005,4.6613002107888315,488.4206999999983,191.52142504862246,10,400,n3+n4
53.568,2446.6950000000015,195.89315988568868,1848.696,4.659608642761749,597.9990000000016,195.94856989195836,10,400,n3+n4
53.632,2289.365,189.4694019677056,1848.6830000000004,4.657913314156889,440.68199999999933,189.5266483596494,10,400,n3+n4
53.696,2415.0069999999996,194.60722325494498,1848.6682000000005,4.656223361180175,566.3387999999991,194.66291829464902,10,400,n3+n4
53.76,2226.3280000000004,186.8294757231845,1848.6520000000005,4.654529611142248,377.67599999999993,186.88744646150255,10,400,n3+n4
53.824,2226.672000000002,186.85893376287902,1848.6400000000003,4.652836981380285,378.0320000000015,186.91685322349963,10,400,n3+n4
53.888,2006.9700000000003,177.39308991897065,1848.6313000000005,4.651139947528993,158.3386999999998,177.4540544868206,10,400,n3+n4
53.952,1865.1150000000002,170.974192087578,1848.6149,4.6494505483121324,16.500100000000202,171.03739868929605,10,400,n3+n4
54.016,2179.5229999999983,184.86422594163534,1848.6006000000007,4.6477560626822925,330.92239999999765,184.92264239248314,10,400,n3+n4
54.08,1880.6110000000003,171.67645497854386,1848.5924000000002,4.646066067965456,32.018600000000106,171.7393115274074,10,400,n3+n4
54.144,1786.4100000000005,167.31253209189083,1848.5759999999998,4.644370793961222,-62.16599999999926,167.37698042165715,10,400,n3+n4
54.208,2022.4090000000015,178.0631622374488,1848.5593000000003,4.642684359742756,173.84970000000112,178.12367687666963,10,400,n3+n4
54.272,1911.7170000000008,173.0793915375253,1848.5480000000007,4.6409904181004284,63.169000000000096,173.14160264668018,10,400,n3+n4
54.336,2352.0799999999995,192.047432867508,1848.5305000000003,4.639299038400091,503.54949999999917,192.10346057936513,10,400,n3+n4
54.4,2116.7360000000003,182.17994262816086,1848.5199000000002,4.637609603297803,268.2161000000001,182.23896103422172,10,400,n3+n4
54.464,2100.1330000000007,181.42480060895753,1848.5098000000003,4.635923015538546,251.62320000000045,181.4840214955741,10,400,n3+n4
54.528,2131.9719999999998,182.81558926962435,1848.4936000000005,4.634228779538188,283.4783999999993,182.87431683093473,10,400,n3+n4
54.592,2257.686,188.14052250379237,1848.4779999999996,4.632541727194694,409.20800000000054,188.19754687788628,10,400,n3+n4
54.656,2273.5449999999996,188.80775515587274,1848.4626999999996,4.630851605158602,425.08230000000003,188.86453662238708,10,400,n3+n4
54.72,2478.245000000001,197.1589128241481,1848.4468999999995,4.629160230452171,629.7981000000013,197.21325013913042,10,400,n3+n4
54.784,2116.196000000001,182.13397566077558,1848.4338999999995,4.62747958851252,267.7621000000013,182.19275138529,10,400,n3+n4
54.848,1943.9030000000012,174.56697430212847,1848.4214000000002,4.625788807241421,95.48160000000098,174.62825212172623,10,400,n3+n4
54.912,1959.3899999999999,175.2540063222521,1848.4122000000004,4.6240999592244965,110.97779999999943,175.3149994507968,10,400,n3+n4
54.976,2100.4680000000003,181.45324945836595,1848.3958999999998,4.622418339819537,252.07210000000055,181.51211664874685,10,400,n3+n4
55.04,2132.374999999999,182.84933424543823,1848.3844999999997,4.620729267388429,283.99049999999943,182.90770944102516,10,400,n3+n4
55.104,2289.635,189.49266827505488,1848.3684999999998,4.619042041105493,441.2665000000004,189.54895641859255,10,400,n3+n4
55.168,2132.0919999999996,182.82485370703841,1848.3581999999997,4.617352629970988,283.7338,182.8831514336668,10,400,n3+n4
55.232,2399.5080000000007,193.98887856266396,1848.3395999999998,4.615665548953911,551.1684000000009,194.04378210718266,10,400,n3+n4
55.296,1928.0010000000007,173.84180428481517,1848.3258999999994,4.613979250776926,79.6751000000013,173.9030238998925,10,400,n3+n4
55.36,2289.2380000000003,189.45854658209535,1848.3115,4.612293467788016,440.92650000000026,189.51468049740367,10,400,n3+n4
55.424,2178.9080000000004,184.81429598924427,1848.2981000000002,4.61060252688301,330.60990000000015,184.87179789697748,10,400,n3+n4
55.488,2211.343,186.22897764848523,1848.2896000000003,4.608921009889409,363.05339999999956,186.28600126921887,10,400,n3+n4
55.552,2069.8410000000013,180.15580730023663,1848.2745999999997,4.60723650395766,221.56640000000152,180.21470953338797,10,400,n3+n4
55.616,1943.904,174.5681589494487,1848.2614000000005,4.60555142073129,95.64259999999945,174.62890145359384,10,400,n3+n4
55.68,2289.509,189.48146023292097,1848.2435999999998,4.603870113448031,441.2654000000002,189.53738257141126,10,400,n3+n4
55.744,2179.331,184.84791608238382,1848.2301000000002,4.60218446730463,331.1008999999999,184.90519782275217,10,400,n3+n4
55.808,2147.9889999999996,183.5157021619676,1848.2196999999996,4.600496535581784,299.76929999999993,183.5733572944993,10,400,n3+n4
55.872,2431.2189999999996,195.2806322654656,1848.2059999999997,4.598814943167424,583.0129999999999,195.3347752881742,10,400,n3+n4
55.936,2179.775000000001,184.88638012844535,1848.1870000000004,4.5971314151000735,331.58800000000065,184.94352428308403,10,400,n3+n4
56.0,2242.2880000000005,187.50992245478633,1848.1806000000006,4.595447530458812,394.10739999999987,187.56622605630574,10,400,n3+n4
56.064,2195.2290000000003,185.53185744771702,1848.1643,4.593771231504676,347.06470000000036,185.58871965215823,10,400,n3+n4
56.128,2462.2440000000006,196.50820133266706,1848.1458,4.592082465875368,614.0982000000006,196.56184882212878,10,400,n3+n4
56.192,2415.1660000000015,194.6198549274971,1848.1399000000001,4.590404218486647,567.0261000000014,194.67398322038085,10,400,n3+n4
56.256,2431.561999999998,195.30844933847587,1848.1214999999993,4.588716201183071,583.4404999999988,195.36234718945968,10,400,n3+n4
56.32,2525.647000000001,199.04884345808196,1848.1099999999992,4.587035992010526,677.5370000000016,199.10169005106917,10,400,n3+n4
56.384,2572.6059999999998,200.88676108693673,1848.0969999999998,4.5853555928848095,724.509,200.93908595868848,10,400,n3+n4
56.448,2966.5330000000004,215.78315231963776,1848.0823999999998,4.583675255687296,1118.4506000000006,215.83183014525358,10,400,n3+n4
56.512,2383.7670000000003,193.34837374800952,1848.0708,4.581996266050421,535.6962000000003,193.4026585152905,10,400,n3+n4
56.576,2825.232,210.57976780308212,1848.0588999999995,4.58031057236297,977.1731000000004,210.62957497212798,10,400,n3+n4
56.64,2462.124,196.49869506436937,1848.043,4.578626701326501,614.0809999999999,196.55203123974607,10,400,n3+n4
56.704,2699.675000000001,205.84726161161328,1848.0269999999998,4.576953876083961,851.6480000000013,205.89813894201123,10,400,n3+n4
56.768,2761.8050000000003,208.17877559443951,1848.0118,4.575274469744957,913.7932000000003,208.2290463515441,10,400,n3+n4
56.832,2494.3420000000006,197.81451764721416,1847.9993999999997,4.573596176128802,646.3426000000009,197.86738279459377,10,400,n3+n4
56.896,2525.732999999998,199.05588806664323,1847.9832000000001,4.57191691024673,677.7497999999978,199.10838505254918,10,400,n3+n4
56.96,2715.013,206.41906121286382,1847.9705999999999,4.570238822961005,867.0424,206.46964889518006,10,400,n3+n4
57.024,2683.7769999999978,205.2336253955477,1847.9614000000001,4.568559365106246,835.8155999999976,205.28446781885987,10,400,n3+n4
57.088,2478.2599999999984,197.16039578982387,1847.9465000000005,4.566880904983181,630.3134999999979,197.2132806613193,10,400,n3+n4
57.152,2415.928000000001,194.681460213858,1847.9307999999999,4.565196617419671,567.9972000000009,194.73497880749537,10,400,n3+n4
57.216,2682.9219999999987,205.16722850153232,1847.9152999999997,4.563519654586797,835.006699999999,205.21797524251568,10,400,n3+n4
57.28,2462.6910000000016,196.54381550687367,1847.9042999999992,4.561839231285995,614.7867000000024,196.5967491877017,10,400,n3+n4
57.344,2415.276,194.6287525187375,1847.8910000000003,4.560168374786177,567.3849999999995,194.68216775710707,10,400,n3+n4
57.408,2525.315999999999,199.022946096675,1847.8777999999998,4.558490344543904,677.4381999999991,199.07514387090447,10,400,n3+n4
57.472,2714.2530000000024,206.3605593954426,1847.8655000000003,4.556812902907031,866.3875000000021,206.41086458283172,10,400,n3+n4
57.536,2258.142000000001,188.17815581251722,1847.8509000000008,4.555136023194038,410.29110000000037,188.23327970683027,10,400,n3+n4
57.6,2242.4089999999997,187.51930314236984,1847.8348,4.553458299227083,394.57419999999956,187.57457992351416,10,400,n3+n4
57.664,3013.443,217.47451570241523,1847.8235000000004,4.551786166748171,1165.6194999999998,217.52214539514787,10,400,n3+n4
57.728,2761.9930000000013,208.19422943732138,1847.8108999999997,4.550107794173671,914.1821000000016,208.24394505468487,10,400,n3+n4
57.792,2541.4249999999984,199.6731737089387,1847.7934,4.548436198805036,693.6315999999983,199.72497232658364,10,400,n3+n4
57.856,2824.3770000000018,210.5166501918554,1847.7835,4.546763665311844,976.5935000000018,210.5657452384604,10,400,n3+n4
57.92,2415.371,194.6356529210412,1847.771,4.545089393972356,567.6000000000001,194.6887136574671,10,400,n3+n4
57.984,2840.0649999999973,211.1009637969472,1847.7509999999988,4.543413176577716,992.3139999999985,211.14985086258793,10,400,n3+n4
58.048,2981.9080000000013,216.32984178563996,1847.7388,4.54173749241411,1134.1692000000012,216.3775122937918,10,400,n3+n4
58.112,2792.7369999999987,209.3236735464959,1847.7225,4.540064028942763,945.0144999999986,209.37290294684001,10,400,n3+n4
58.176,3061.766999999998,219.25850544277634,1847.7148,4.538391677587997,1214.052199999998,219.30547008230138,10,400,n3+n4
58.24,2336.6140000000005,191.42341426011603,1847.6976000000006,4.536719742501183,488.91639999999984,191.47716666229942,10,400,n3+n4
58.304,3234.2819999999992,225.3438263032737,1847.6831000000002,4.535043289892611,1386.598899999999,225.389455544489,10,400,n3+n4
58.368,2304.815999999999,190.09935718723514,1847.6753000000003,4.53337323299108,457.14069999999856,190.15340406069413,10,400,n3+n4
58.432,2651.3049999999994,203.9463823802717,1847.6600000000008,4.531703011749555,803.6449999999986,203.99672354767537,10,400,n3+n4
58.496,2636.3340000000017,203.39838758947923,1847.6444000000006,4.530029308437198,788.6896000000011,203.44882707829828,10,400,n3+n4
58.56,2399.2179999999994,193.9659286343867,1847.6323000000002,4.5283519951412785,551.5856999999992,194.01878115994825,10,400,n3+n4
58.624,2651.8650000000016,203.98955471788267,1847.6216000000002,4.526684652933095,804.2434000000014,204.0397738382082,10,400,n3+n4
58.688,2304.9349999999986,190.10779075566577,1847.6045000000001,4.525014599512359,457.33049999999844,190.16163614968661,10,400,n3+n4
58.752,2730.307999999999,206.9843739705971,1847.5881999999997,4.523343541187205,882.7197999999994,207.03379362990862,10,400,n3+n4
58.816,2384.1539999999986,193.38009895798479,1847.5767000000003,4.521676128074632,536.5772999999983,193.4329553824973,10,400,n3+n4
58.88,2951.3080000000027,215.2476589675251,1847.5641000000005,4.5200053701074285,1103.7439000000022,215.29511174094452,10,400,n3+n4
58.944,2320.9240000000004,190.77926781754877,1847.5491000000006,4.5183341266223325,473.3748999999998,190.8327654578212,10,400,n3+n4
59.008,2226.501000000001,186.8432056805919,1847.5346,4.5166626292983185,378.96640000000116,186.89778958111535,10,400,n3+n4
59.072,2321.0440000000017,190.78901759273253,1847.5247000000002,4.514995413984382,473.5193000000015,190.8424334826726,10,400,n3+n4
59.136,2226.5640000000003,186.84949657143844,1847.5101000000004,4.513321137787561,379.0538999999999,186.9039979152206,10,400,n3+n4
59.2,1990.357,176.6150390963352,1847.4934000000003,4.511662469644643,142.86359999999968,176.67265530703958,10,400,n3+n4
59.264,2100.773,181.4791142005051,1847.4823000000001,4.50998869184835,253.29070000000002,181.53514505186197,10,400,n3+n4
59.328,2211.4339999999993,186.23530126160293,1847.4715,4.508316815697406,363.9624999999992,186.28986112107847,10,400,n3+n4
59.392,2714.0330000000004,206.34400718702742,1847.4553999999998,4.506658614328359,866.5776000000005,206.3932151837025,10,400,n3+n4
59.456,2446.6039999999994,195.88654375683902,1847.4404,4.504984430650122,599.1635999999994,195.93833956048624,10,400,n3+n4
59.52,2730.3180000000007,206.98499298016748,1847.4263999999998,4.503322229177033,882.8916000000008,207.0339760283316,10,400,n3+n4
59.584,2840.0700000000024,211.1010513853495,1847.4121999999998,4.50165267739527,992.6578000000027,211.14904397801067,10,400,n3+n4
59.648,2447.5020000000004,195.95745591326704,1847.4039000000002,4.4999883468293564,600.0981000000002,196.0091182142341,10,400,n3+n4
59.712,2556.866000000002,200.26836399940956,1847.3871999999997,4.498320916319777,709.4788000000021,200.31887706870313,10,400,n3+n4
59.776,2619.7439999999997,202.72187666357073,1847.3741999999997,4.496647898979861,772.3697999999999,202.77174142450764,10,400,n3+n4
59.84,2461.994999999999,196.48947744599454,1847.3583000000008,4.494983235241261,614.6366999999982,196.54088536812156,10,400,n3+n4
59.904,2038.2699999999995,178.76837862440883,1847.3461000000002,4.493321818131882,190.92389999999932,178.8248392616677,10,400,n3+n4
59.968,2321.027,190.78691728470272,1847.3330999999994,4.491657537190474,473.69390000000067,190.83978304963406,10,400,n3+n4
60.032,2746.164000000001,207.5909437017907,1847.3161999999998,4.489991887353472,898.8478000000014,207.63949512110779,10,400,n3+n4
60.096,2022.5000000000005,178.0703333152381,1847.3027000000002,4.488328673069744,175.19730000000027,178.12688932689946,10,400,n3+n4
60.16,2163.41,184.16274830160415,1847.2893000000001,4.4866638024706065,316.1206999999997,184.21739335382097,10,400,n3+n4
60.224,2179.381999999999,184.85244362463808,1847.2747000000002,4.485000220590853,332.107299999999,184.9068444946771,10,400,n3+n4
60.288,2117.066000000002,182.2080808251928,1847.2624000000005,4.483337015226492,269.80360000000155,182.26323005146182,10,400,n3+n4
60.352,2195.2130000000006,185.52967151375006,1847.2507000000003,4.481674015376398,347.96230000000037,185.58379351112558,10,400,n3+n4
60.416,2399.3769999999977,193.97840371030995,1847.2341,4.4800202241731,552.1428999999978,194.03013087458606,10,400,n3+n4
60.48,1927.886,173.8319004268204,1847.2232000000006,4.4783447870055735,80.66279999999938,173.8895775428513,10,400,n3+n4
60.544,2053.43,179.40812047953682,1847.2086999999997,4.476685270900781,206.22130000000016,179.4639640847563,10,400,n3+n4
60.608,1755.1670000000004,165.847632108511,1847.1908000000008,4.475024526413234,-92.02380000000039,165.9079953483617,10,400,n3+n4
60.672,1880.7619999999997,171.68883301484698,1847.1814,4.473362843175143,33.58059999999978,171.747099996264,10,400,n3+n4
60.736,2257.7719999999986,188.14690078765582,1847.1660000000004,4.471704295321864,410.6059999999982,188.20003298433505,10,400,n3+n4
60.8,1755.21,165.85174403363987,1847.1508000000003,4.470042036838133,-91.94080000000031,165.9119714632163,10,400,n3+n4
60.864,2367.890000000001,192.69710338248473,1847.1380000000008,4.468381330258196,520.752,192.74890423479093,10,400,n3+n4
60.928,1755.1539999999998,165.846208693476,1847.1245000000004,4.466719299418758,-91.97050000000058,165.90634864073104,10,400,n3+n4
60.992,2132.142,182.8301778536574,1847.1124,4.465062085436215,285.02959999999985,182.88469239776956,10,400,n3+n4
61.056,2195.5550000000007,185.55877320407143,1847.0988000000007,4.463395426309436,348.4562000000001,185.61244627376584,10,400,n3+n4
61.12,2162.806999999999,184.11022638354447,1847.0843,4.461745385182798,315.7226999999989,184.164281637027,10,400,n3+n4
61.184,2116.462999999999,182.15584097964032,1847.0760000000007,4.460081717154966,269.3869999999981,182.21043529919936,10,400,n3+n4
61.248,1975.3530000000003,175.97857790083427,1847.0578000000003,4.458422573758571,128.29520000000002,176.03504597620952,10,400,n3+n4
61.312,2100.9799999999996,181.497481401258,1847.0442000000003,4.456762295770327,253.9357999999993,181.55219217944187,10,400,n3+n4
61.376,1802.2259999999997,168.05713897659928,1847.0344000000007,4.4551083593668075,-44.80840000000103,168.11617992178415,10,400,n3+n4
61.44,1990.51,176.62918875995555,1847.020000000001,4.453449302989763,143.4899999999991,176.68532347847773,10,400,n3+n4
61.504,2290.4170000000017,189.55554916435443,1847.0019000000002,4.451791699619379,443.41510000000153,189.607818057001,10,400,n3+n4
61.568,2194.8500000000013,185.49961079743537,1846.9901,4.450137009003207,347.8599000000013,185.55298252897714,10,400,n3+n4
61.632,1990.7440000000006,176.6507778414802,1846.9776000000006,4.44847525455633,143.76639999999998,176.70678041345892,10,400,n3+n4
61.696,2258.2039999999997,188.18387407533095,1846.9593000000004,4.446820958561296,411.2446999999993,188.23640635816844,10,400,n3+n4
61.76,2210.804,186.18342504100622,1846.9469000000004,4.445161523724419,363.8570999999997,186.23648198183938,10,400,n3+n4
61.824,2556.679000000001,200.2541522390984,1846.9358000000002,4.443507387458695,709.7432000000008,200.30344541944953,10,400,n3+n4
61.888,2525.368000000001,199.02649742433798,1846.9186000000004,4.441851149104391,678.4494000000004,199.076057622786,10,400,n3+n4
61.952,2462.4200000000023,196.52260761296654,1846.9067000000005,4.4401948288110065,615.5133000000019,196.57276167647902,10,400,n3+n4
62.016,2666.732999999998,204.52940057605414,1846.8933000000002,4.438541815483999,819.8396999999977,204.5775558399499,10,400,n3+n4
62.08,2431.3110000000006,195.28763462902614,1846.8836999999999,4.436882157202285,584.4273000000007,195.33803050680353,10,400,n3+n4
62.144,2179.742000000001,184.88329938910113,1846.8682,4.435237323424756,332.8738000000012,184.93649105332105,10,400,n3+n4
62.208,2196.2060000000006,185.61424777209322,1846.851,4.433575862201977,349.3550000000005,185.6671903458603,10,400,n3+n4
62.272,2636.25,203.3914156521853,1846.8383999999996,4.431924263827169,789.4116000000004,203.4396960125538,10,400,n3+n4
62.336,2777.8929999999996,208.79859724624598,1846.8290000000004,4.430270965426382,931.0639999999992,208.84559251472638,10,400,n3+n4
62.4,2384.3179999999998,193.39370905745616,1846.8115000000007,4.42862003239158,537.506499999999,193.44440901300638,10,400,n3+n4
62.464,2131.9709999999995,182.81413339783117,1846.7971000000002,4.426961193561561,285.1738999999993,182.86772639098817,10,400,n3+n4
62.528,2714.951000000001,206.41341641957283,1846.7865000000002,4.425312475769367,868.1645000000008,206.4608482703396,10,400,n3+n4
62.592,2415.148,194.6189332336399,1846.7745000000004,4.4236555211499,568.3734999999997,194.6692012136737,10,400,n3+n4
62.656,2572.7429999999986,200.89760873141324,1846.7554,4.422008695106784,725.9875999999986,200.94626982081456,10,400,n3+n4
62.72,2604.681,202.16195597836895,1846.7414999999996,4.420353987861153,757.9395000000004,202.21027662900318,10,400,n3+n4
62.784,2431.562999999999,195.30773144450782,1846.7279999999998,4.418703092118773,584.8349999999994,195.35771010895957,10,400,n3+n4
62.848,2604.366,202.13764337450854,1846.7176,4.417054101479854,757.6484,202.18589771775726,10,400,n3+n4
62.912,2415.539999999999,194.65029361395779,1846.7030000000004,4.415398814127666,568.8369999999986,194.70036607743648,10,400,n3+n4
62.976,2383.916000000001,193.36155872871944,1846.6892000000007,4.413752399432936,537.2268000000004,193.411927254354,10,400,n3+n4
63.04,2525.906,199.06877997315397,1846.6737000000003,4.412103594171379,679.2322999999997,199.11766827211915,10,400,n3+n4
63.104,2415.4509999999996,194.64318720931385,1846.660600000001,4.410457306096499,568.7903999999985,194.69314949594116,10,400,n3+n4
63.168,2509.794999999998,198.41578518605823,1846.6502,4.408799654996811,663.1447999999978,198.46476091588124,10,400,n3+n4
63.232,2998.376000000001,216.95455445323097,1846.6320999999998,4.4071571859079395,1151.7439000000013,216.9993127465183,10,400,n3+n4
63.296,2982.811000000001,216.39567366978477,1846.6217000000006,4.405501763250129,1136.1893000000005,216.4405138341387,10,400,n3+n4
63.36,2887.9599999999987,212.90284703122217,1846.6063000000004,4.4038545671036875,1041.3536999999983,212.94838860401876,10,400,n3+n4
63.424,2951.497000000001,215.25900255970717,1846.5929000000006,4.402212097707243,1104.9041000000007,215.30401216501568,10,400,n3+n4
63.488,2777.331999999998,208.75639610320928,1846.5824,4.400558340233658,930.749599999998,208.80277255751614,10,400,n3+n4
63.552,2887.8590000000017,212.89667595573215,1846.5693,4.398908499650794,1041.2897000000016,212.94211661620236,10,400,n3+n4
63.616,2478.3200000000006,197.16453003519675,1846.5522000000005,4.397264983168515,631.7678000000001,197.21355897435706,10,400,n3+n4
63.68,2667.617000000001,204.5962607722829,1846.538,4.395624241925144,821.0790000000011,204.64347396014412,10,400,n3+n4
63.744,2070.040000000001,180.17427422637232,1846.5246000000002,4.393972250139958,223.51540000000068,180.22784492174068,10,400,n3+n4
63.808,2415.639999999998,194.65743250387337,1846.5162999999998,4.392322829062089,569.1236999999983,194.70698120209946,10,400,n3+n4
63.872,2572.8799999999983,200.90870148900976,1846.5002000000004,4.390682625446754,726.3797999999979,200.95667301166546,10,400,n3+n4
63.936,2573.5849999999996,200.96309233289574,1846.4887000000003,4.389038187405073,727.0962999999992,201.01101496239076,10,400,n3+n4
64.0,2462.411,196.52224139521718,1846.4717999999998,4.3873849958261015,615.9392000000003,196.57120976913586,10,400,n3+n4
64.064,2762.6810000000023,208.24465580177556,1846.4554999999993,4.385751757749178,916.225500000003,208.2908339041365,10,400,n3+n4
64.128,2179.3189999999995,184.8467094540771,1846.4471999999996,4.384100680379046,332.8717999999999,184.89869208508668,10,400,n3+n4
64.192,2572.162000000001,200.8535994175858,1846.4316,4.382458401274334,725.7304000000013,200.90140452629723,10,400,n3+n4
64.256,2321.4419999999996,190.82106815024383,1846.4180000000001,4.380812832717234,475.02399999999943,190.87134821935769,10,400,n3+n4
64.32,2273.7869999999994,188.82820941003493,1846.4026999999999,4.3791729308283776,427.3842999999995,188.8789819555318,10,400,n3+n4
64.384,2289.4839999999995,189.47923192793448,1846.3896,4.377524591078844,443.0943999999995,189.52979199467688,10,400,n3+n4
64.448,2022.1930000000004,178.0430300039853,1846.3752999999992,4.375885900717705,175.8177000000012,178.09679646309226,10,400,n3+n4
64.512,2305.311999999999,190.13944015905804,1846.3620999999996,4.374235810115866,458.9498999999994,190.18974904795084,10,400,n3+n4
64.576,2006.6119999999996,177.36012096015276,1846.3527,4.372599012795479,160.2592999999997,177.41401333921374,10,400,n3+n4
64.64,2148.554000000002,183.56373279872034,1846.3384,4.370952585775782,302.2156000000018,183.61576518781578,10,400,n3+n4
64.704,2194.895999999999,185.50191850220844,1846.3210999999997,4.369312211309693,348.57489999999916,185.55336875734668,10,400,n3+n4
64.768,2242.487,187.526832096103,1846.3067,4.367679735511751,396.1803,187.57768892454135,10,400,n3+n4
64.832,1959.6409999999996,175.2764025246981,1846.2896999999994,4.366029961005766,113.35130000000026,175.33077168489393,10,400,n3+n4
64.896,2447.4330000000014,195.95056147406166,1846.2825,4.364390730926827,601.1505000000013,195.99915930547309,10,400,n3+n4
64.96,2210.9820000000022,186.19936064337065,1846.268399999999,4.362754059880066,364.7136000000032,186.25046450139934,10,400,n3+n4
65.024,2100.708999999999,181.47384827296744,1846.253899999999,4.361112207201278,254.4550999999999,181.52624302475886,10,400,n3+n4
65.088,1943.6840000000007,174.54797300169366,1846.2396999999996,4.359476080425261,97.44430000000102,174.60240522597556,10,400,n3+n4
65.152,1959.2710000000002,175.24274529634604,1846.2226,4.357829453776271,113.04840000000013,175.2969208416058,10,400,n3+n4
65.216,2195.3340000000017,185.5395760370278,1846.2134,4.356190887105384,349.12060000000156,185.5907074048831,10,400,n3+n4
65.28,2305.4220000000005,190.14747362507867,1846.1992999999995,4.3545605322351415,459.22270000000094,190.19732890718757,10,400,n3+n4
65.344,2336.2969999999987,191.3971792660487,1846.1922999999997,4.352915146990578,490.10469999999896,191.44667169025658,10,400,n3+n4
65.408,2368.294000000001,192.72859371665646,1846.1693999999998,4.35128144536756,522.124600000001,192.77770744102347,10,400,n3+n4
65.472,2194.8010000000013,185.4947678507402,1846.1541000000002,4.349647085247262,348.6469000000011,185.54575804842915,10,400,n3+n4
65.536,2400.0699999999997,194.03456527897288,1846.1439,4.348007835997999,553.9260999999997,194.0832751556452,10,400,n3+n4
65.6,2116.636,182.17177997154226,1846.1289000000002,4.346372587215688,270.5070999999998,182.22362188439484,10,400,n3+n4
65.664,2368.2499999999986,192.7251430405488,1846.1128000000008,4.344734775265345,522.1371999999978,192.77410998437367,10,400,n3+n4
65.728,2195.326,185.53952788287458,1846.1026000000002,4.343100986622347,349.22339999999986,185.59035247873203,10,400,n3+n4
65.792,2242.6379999999995,187.53925242732518,1846.0855999999999,4.341459071072766,396.5523999999996,187.58949722163499,10,400,n3+n4
65.856,2053.764999999999,179.43772068603633,1846.0764999999997,4.339827183172159,207.6884999999993,179.49019389643487,10,400,n3+n4
65.92,2179.9259999999995,184.89978327732027,1846.0672999999997,4.33819168747763,333.85869999999977,184.9506684581521,10,400,n3+n4
65.984,1912.493999999999,173.14964507038408,1846.0490999999995,4.336555496750848,66.4448999999995,173.20394135693442,10,400,n3+n4
66.048,2289.8120000000013,189.50661820896914,1846.0363000000002,4.334921586707192,443.77570000000105,189.5561919066821,10,400,n3+n4
66.112,2038.3629999999987,178.77605653442524,1846.0199999999995,4.3332855273914275,192.34299999999917,178.82856526143107,10,400,n3+n4
66.176,1990.863,176.659409036145,1846.0101999999993,4.331653851659895,144.8528000000008,176.7125067053563,10,400,n3+n4
66.24,2069.2339999999995,180.10339799126496,1845.9908,4.330016863466007,223.24319999999943,180.1554412557053,10,400,n3+n4
66.304,2148.1439999999984,183.5283885887957,1845.9781999999993,4.328381525824635,302.1657999999991,183.57942233440298,10,400,n3+n4
66.368,2085.0349999999994,180.795088163368,1845.9658999999992,4.326755371430189,239.06910000000016,180.8468543161429,10,400,n3+n4
66.432,2006.4199999999987,177.3424007478189,1845.9549999999995,4.325121878826075,160.46499999999924,177.39513460708753,10,400,n3+n4
66.496,2163.827,184.19665702721096,1845.9405000000002,4.32348561075436,317.88650000000007,184.2473907218943,10,400,n3+n4
66.56,2273.8790000000004,188.83599147673095,1845.9254999999996,4.321855441427907,427.95350000000076,188.88544176684607,10,400,n3+n4
66.624,2132.329999999999,182.84415697254317,1845.9121999999998,4.320225288072371,286.41779999999926,182.89518879822867,10,400,n3+n4
66.688,2148.184,183.53176385574247,1845.8982,4.318589209904086,302.2858000000001,183.5825660479881,10,400,n3+n4
66.752,2195.4280000000003,185.54783511536857,1845.8833999999997,4.316965476118613,349.5446000000006,185.5980476915692,10,400,n3+n4
66.816,2478.513999999999,197.17924130597515,1845.8716000000004,4.315335882419815,632.6423999999988,197.22645696198592,10,400,n3+n4
66.88,1818.0649999999991,168.8029612654944,1845.8521000000005,4.3137059981760455,-27.787100000001374,168.8580699624353,10,400,n3+n4
66.944,2085.358999999999,180.82273004520198,1845.8431000000007,4.3120662525870355,239.51589999999828,180.87413749999388,10,400,n3+n4
67.008,2320.7709999999993,190.76556613288466,1845.8293000000003,4.310438415996685,474.94169999999895,190.81425811856434,10,400,n3+n4
67.072,1896.537999999999,172.41207852119877,1845.8201000000004,4.308807436449208,50.717899999998735,172.46591153478536,10,400,n3+n4
67.136,2195.1079999999993,185.52114981047305,1845.8052999999995,4.307184302662239,349.30269999999973,185.5711423244926,10,400,n3+n4
67.2,1864.954999999999,170.96080912887604,1845.7828999999997,4.305553355516571,19.17209999999932,171.0150170239362,10,400,n3+n4
67.264,2053.6699999999983,179.43029074824577,1845.7748000000001,4.303925990918059,207.8951999999981,179.48190164174022,10,400,n3+n4
67.328,2367.7579999999994,192.6860369798497,1845.7621,4.302294042391804,521.9958999999994,192.73406180804471,10,400,n3+n4
67.392,2084.95,180.7874419504851,1845.7451000000005,4.300677667438005,239.20489999999927,180.83858823657968,10,400,n3+n4
67.456,2085.6370000000006,180.84732350521531,1845.7373000000002,4.299045995985621,239.8997000000004,180.89841407672873,10,400,n3+n4
67.52,2415.4239999999995,194.6416759355509,1845.7226999999998,4.297418017507723,569.7012999999997,194.68911066779572,10,400,n3+n4
67.584,2446.4980000000005,195.876026846064,1845.7061999999999,4.295792403259264,600.7918000000006,195.92312708144462,10,400,n3+n4
67.648,2226.5180000000014,186.84578092105804,1845.6958000000004,4.294168612432446,380.822200000001,186.8951196047452,10,400,n3+n4
67.712,2289.4890000000005,189.47941383168782,1845.6779000000001,4.292539295172497,443.81110000000035,189.5280300103407,10,400,n3+n4
67.776,2227.016999999999,186.88638674339015,1845.6657000000007,4.29091556119437,381.3512999999982,186.9356400110832,10,400,n3+n4
67.84,2006.4000000000003,177.34164740128023,1845.6529,4.28929160756179,160.74710000000027,177.3935115090028,10,400,n3+n4
67.904,1881.151000000001,171.72478835043003,1845.6381999999999,4.287672301400842,35.51280000000111,171.77830790808306,10,400,n3+n4
67.968,2336.275999999998,191.39546904511607,1845.6237,4.286041580351268,490.6522999999979,191.44345307016505,10,400,n3+n4
68.032,1864.9689999999996,170.9611608845705,1845.6124999999997,4.284418465591335,19.35649999999987,171.01483787259014,10,400,n3+n4
68.096,1944.1769999999992,174.59194328777028,1845.5974000000006,4.282793296879969,98.57959999999866,174.64446449694245,10,400,n3+n4
68.16,2006.8040000000003,177.37833097929408,1845.5844000000002,4.281174105020725,161.21960000000013,177.4299883129047,10,400,n3+n4
68.224,1849.3200000000002,170.2434716017034,1845.5675999999999,4.279547141147064,3.752400000000307,170.29725231703912,10,400,n3+n4
68.288,1912.5409999999993,173.1531966034702,1845.5517000000004,4.277927486739344,66.98929999999882,173.20603383710917,10,400,n3+n4
68.352,1849.4449999999997,170.25397626193637,1845.5403000000001,4.276299437562809,3.9046999999995933,170.30767208167603,10,400,n3+n4
68.416,2022.1099999999994,178.03665851728402,1845.5285999999994,4.2746843764657045,176.58140000000003,178.08796899992544,10,400,n3+n4
68.48,2431.314,195.28809904599925,1845.516,4.27305908377125,585.7979999999998,195.33484241919925,10,400,n3+n4
68.544,2572.204000000001,200.85580142231396,1845.5061999999998,4.271441956705019,726.6978000000013,200.90121498236272,10,400,n3+n4
68.608,2274.263,188.86744596409406,1845.4834,4.269820404736011,428.77959999999985,188.91570477673022,10,400,n3+n4
68.672,2241.9210000000003,187.4778007871865,1845.4732999999992,4.2681987836557,396.4477000000011,187.526380301164,10,400,n3+n4
68.736,2447.3209999999985,195.94257135956954,1845.4644,4.2665732576858435,601.8565999999985,195.9890173411847,10,400,n3+n4
68.8,2415.3819999999982,194.63723291035555,1845.4438999999998,4.264954899233989,569.9380999999985,194.68395484808832,10,400,n3+n4
68.864,2478.7479999999996,197.19852945699168,1845.4346000000005,4.263333342456346,633.3133999999991,197.24460963785276,10,400,n3+n4
68.928,2494.029,197.7889643559519,1845.4164,4.261720074136733,648.6125999999999,197.83487225206355,10,400,n3+n4
68.992,2053.751000000001,179.43718611257813,1845.4057000000003,4.260104644149015,208.34530000000086,179.487749586369,10,400,n3+n4
69.056,2289.5459999999994,189.4846112432353,1845.3982,4.258484576794896,444.1477999999993,189.53245787698427,10,400,n3+n4
69.12,1849.2829999999985,170.23922213755566,1845.3792000000003,4.256861818429158,3.9037999999982276,170.2924356116302,10,400,n3+n4
69.184,2651.112,203.93238330387842,1845.3668000000002,4.255245886162161,805.7451999999998,203.97677337763653,10,400,n3+n4
69.248,2431.106000000001,195.2717040766532,1845.3520000000003,4.253630379499375,585.7540000000008,195.3180272898675,10,400,n3+n4
69.312,2367.7649999999994,192.68641345201274,1845.3364000000001,4.252012593278622,522.4285999999993,192.73332233968623,10,400,n3+n4
69.376,2210.5819999999994,186.16401080230304,1845.3221,4.250396362364339,365.25989999999933,186.21252586020418,10,400,n3+n4
69.44,2400.0960000000005,194.03622279873412,1845.3120000000008,4.24877965233548,554.7839999999997,194.08273464307456,10,400,n3+n4
69.504,2132.082000000001,182.82538479926683,1845.2979000000005,4.247160380501306,286.7841000000003,182.87471038472674,10,400,n3+n4
69.568,2384.331999999999,193.3941615871586,1845.2845000000002,4.245546605267689,539.0474999999988,193.44075682745225,10,400,n3+n4
69.632,2226.6770000000015,186.8587805376028,1845.2703999999999,4.243935926236398,381.4066000000016,186.90696845261283,10,400,n3+n4
69.696,2163.8430000000008,184.19917501172475,1845.2538,4.242319136486552,318.5892000000008,184.2480212828778,10,400,n3+n4
69.76,1912.2960000000007,173.13100527346336,1845.2417999999998,4.240706205067736,67.05420000000095,173.18293384776024,10,400,n3+n4
69.824,1975.3040000000008,175.97388734695838,1845.2272000000005,4.23909378806367,130.07680000000028,176.02493841539612,10,400,n3+n4
69.888,2006.404000000001,177.3432800051922,1845.2165,4.23748743500202,161.1875000000009,177.39389860635515,10,400,n3+n4
69.952,1927.9310000000003,173.83568100364198,1845.1981000000003,4.235866757441739,82.73289999999997,173.8872811829168,10,400,n3+n4
