grb_name,episode,model_name,z,z_source,H0,Om0,Y_ratio,e_min_keV,e_max_keV,kt_bb_keV,kt_bb_err_lower_keV,kt_bb_err_upper_keV,f_bb,f_bb_err_lower,f_bb_err_upper,script_R,Gamma,Gamma_err_lower,Gamma_err_upper,r0_cm,r0_err_lower_cm,r0_err_upper_cm,r_ph_cm,r_ph_err_lower_cm,r_ph_err_upper_cm,r_s_cm,r_s_err_lower_cm,r_s_err_upper_cm,saturated_fraction,n_samples,seed
GRB080916C,T90,SBPL_BB,4.35,spectroscopic,69.6,0.286,1.0,1.0,10000.0,44.477961297491056,2.0767212744634023,2.0828650788877425,0.06815984528334901,0.008044175863989596,0.009303212340558323,1.9715127070958405e-19,752.6172138629598,12.411483514195538,13.332013764322255,9152924.41741817,1660701.668341064,2159282.1098823976,609965935837.4072,37223813166.20764,33884612888.244873,6898767064.63396,1244357371.071949,1584303026.483899,0.0,10000,3315768413
GRB080916C,EX0,BAND_BB,4.35,spectroscopic,69.6,0.286,1.0,1.0,10000.0,42.48476428462628,3.255329956920157,3.254065837627401,0.06139297524578363,0.009223994428004506,0.010448229501979225,3.5278659485117125e-19,851.4193224365938,24.94768919983744,27.371192368636457,13930447.948366106,3124129.6110909358,3800486.253640428,1232709715210.1765,116439314877.17773,101605110690.07031,11857954328.685684,2621861025.9059772,3175031857.070265,0.0,10000,3315768413
GRB080916C,TR1,BAND_BB,4.35,spectroscopic,69.6,0.286,1.0,1.0,10000.0,39.794614315153964,3.5504439690338145,3.4836758890073156,0.05020469325618345,0.008535140083264114,0.009546399596447118,3.9832597577925335e-19,860.9025219881917,29.265406611687922,33.33489444620159,11654725.743451245,2998064.1678941716,3639200.860027166,1406957419277.5288,158234013918.30737,133194831978.94507,10005143557.404129,2498743298.371208,3095941265.5849133,0.0,10000,3315768413
GRB131014A,T90,BAND_BB,0.5,swept,69.6,0.286,1.0,1.0,10000.0,34.92044625519443,0.7804233260175835,0.7989143233743974,0.07832425029764734,0.004411733721903857,0.004755686552753283,1.937025832999909e-18,276.7025341429429,2.054006774198399,2.271428880796236,100393611.28016916,8625523.991032988,9364044.404146835,1985453218529.5815,47283478518.782715,43055589740.34766,27785165721.220093,2338071231.729912,2555987075.9482193,0.0,10000,3315768413
GRB131014A,T90,BAND_BB,0.5581171131125046,swept,69.6,0.286,1.0,1.0,10000.0,34.92044625519443,0.7804233260175835,0.7989143233743974,0.07832425029764734,0.004411733721903857,0.004755686552753283,1.937025832999909e-18,291.5387448049636,2.1641383177984608,2.393218142624619,106268192.7631467,9130250.764704764,9911986.06259425,2214318150517.7827,52733886513.47803,48018645291.42969,30987986116.946877,2607582751.034172,2850617945.535183,0.0,10000,3315768413
GRB131014A,T90,BAND_BB,0.6229894238980724,swept,69.6,0.286,1.0,1.0,10000.0,34.92044625519443,0.7804233260175835,0.7989143233743974,0.07832425029764734,0.004411733721903857,0.004755686552753283,1.937025832999909e-18,307.66933101547875,2.2838782162812095,2.5256328293792194,111967668.81471816,9619932.994403154,10443595.057895228,2462165767618.765,58636366294.79785,53393350280.91553,34456457219.912674,2899448294.8749733,3169686307.460045,0.0,10000,3315768413
GRB131014A,T90,BAND_BB,0.695402117531229,swept,69.6,0.286,1.0,1.0,10000.0,34.92044625519443,0.7804233260175835,0.7989143233743974,0.07832425029764734,0.004411733721903857,0.004755686552753283,1.937025832999909e-18,325.2240710144006,2.4141898340940315,2.6697382802090033,117397381.10144052,10086437.914351001,10950042.293991938,2728861763192.118,64987719356.1792,59176792199.18115,38188699493.381775,3213509703.649658,3513019261.1306763,0.0,10000,3315768413
GRB131014A,T90,BAND_BB,0.7762316445777043,swept,69.6,0.286,1.0,1.0,10000.0,34.92044625519443,0.7804233260175835,0.7989143233743974,0.07832425029764734,0.004411733721903857,0.004755686552753283,1.937025832999909e-18,344.3438910217356,2.556119288907894,2.8266913471362614,122458711.33190632,10521292.53082247,11422129.316440687,3013856102505.334,71774846645.36816,65357043255.854004,42177015548.13719,3549119256.0356903,3879908715.490349,0.0,10000,3315768413
GRB131014A,T90,BAND_BB,0.86645632915656,swept,69.6,0.286,1.0,1.0,10000.0,34.92044625519443,0.7804233260175835,0.7989143233743974,0.07832425029764734,0.004411733721903857,0.004755686552753283,1.937025832999909e-18,365.18163336231225,2.7108011535287915,2.9977467005307403,127052420.14801951,10915970.489867374,11850599.74185212,3316135854472.462,78973625254.40918,71912137511.43604,46407230052.40848,3905084123.609955,4269050666.626831,0.0,10000,3315768413
GRB131014A,T90,BAND_BB,0.9671682101338346,swept,69.6,0.286,1.0,1.0,10000.0,34.92044625519443,0.7804233260175835,0.7989143233743974,0.07832425029764734,0.004411733721903857,0.004755686552753283,1.937025832999909e-18,387.90294598360583,2.8794650589294406,3.184264131090117,131082552.08656478,11262227.580131218,12226503.486581355,3634196548239.822,86548226278.02637,78809449729.91357,50858288885.35205,4279632640.342209,4678508323.472839,0.0,10000,3315768413
GRB131014A,T90,BAND_BB,1.0,swept,69.6,0.286,1.0,1.0,10000.0,34.92044625519443,0.7804233260175835,0.7989143233743974,0.07832425029764734,0.004411733721903857,0.004755686552753283,1.937025832999909e-18,395.20048515579737,2.933635849020277,3.244169044089233,132180825.5843519,11356588.010870576,12328943.09075576,3733587849998.3633,88915225630.01025,80964802005.32129,52249207475.04016,4396675913.46347,4806460410.374519,0.0,10000,3315768413
GRB131014A,T90,BAND_BB,1.079586258668168,swept,69.6,0.286,1.0,1.0,10000.0,34.92044625519443,0.7804233260175835,0.7989143233743974,0.07832425029764734,0.004411733721903857,0.004755686552753283,1.937025832999909e-18,412.68732024129264,3.0634433978963784,3.387717068938173,134460682.7022735,11552466.633185327,12541592.909953386,3966038108117.384,94451018004.20508,86005607225.61328,55502202248.97928,4670409515.567047,5105706874.611572,0.0,10000,3315768413
GRB131014A,T90,BAND_BB,1.2050711320876148,swept,69.6,0.286,1.0,1.0,10000.0,34.92044625519443,0.7804233260175835,0.7989143233743974,0.07832425029764734,0.004411733721903857,0.004755686552753283,1.937025832999909e-18,439.7292965624136,3.2641802748582336,3.6097024808169067,137110197.36752325,11780105.145420194,12788721.912072897,4309189594562.5117,102623155119.5957,93447026384.36621,60304390902.62186,5074504968.985451,5547465338.754959,0.0,10000,3315768413
GRB131014A,T90,BAND_BB,1.3451416426719145,swept,69.6,0.286,1.0,1.0,10000.0,34.92044625519443,0.7804233260175835,0.7989143233743974,0.07832425029764734,0.004411733721903857,0.004755686552753283,1.937025832999909e-18,469.2398469325274,3.483241768307437,3.8519522188125848,138970234.4663077,11939914.06568113,12962213.72857672,4660764078747.33,110995885544.84961,101071102647.13965,65224454097.89685,5488519350.997208,6000067207.901535,0.0,10000,3315768413
GRB131014A,T90,BAND_BB,1.5014931406709222,swept,69.6,0.286,1.0,1.0,10000.0,34.92044625519443,0.7804233260175835,0.7989143233743974,0.07832425029764734,0.004411733721903857,0.004755686552753283,1.937025832999909e-18,501.4479314089274,3.7223274850443318,4.116345797647796,139998917.43882465,12028295.483038932,13058162.39413032,5017541427698.441,119492521958.98438,108808005749.02246,70217328104.53085,5908660630.545082,6459367021.364502,0.0,10000,3315768413
GRB131014A,T90,BAND_BB,1.6760180340589659,swept,69.6,0.286,1.0,1.0,10000.0,34.92044625519443,0.7804233260175835,0.7989143233743974,0.07832425029764734,0.004411733721903857,0.004755686552753283,1.937025832999909e-18,536.6022160168762,3.9832833123932687,4.404924496753438,140175550.51793292,12043471.278012648,13074637.546034098,5376073253081.322,128030941149.91602,116582955588.42383,75234754902.41464,6330867982.883591,6920925472.32283,0.0,10000,3315768413
GRB131014A,T90,BAND_BB,1.8708286933869704,swept,69.6,0.286,1.0,1.0,10000.0,34.92044625519443,0.7804233260175835,0.7989143233743974,0.07832425029764734,0.004411733721903857,0.004755686552753283,1.937025832999909e-18,574.9729341033296,4.268115235326491,4.719906639972464,139501558.42740315,11985563.858680874,13011772.072989732,5732801523247.17,136526408755.00195,124318794391.22363,80226942082.39908,6750951467.216309,7380162103.868652,0.0,10000,3315768413
GRB131014A,T90,BAND_BB,2.0,swept,69.6,0.286,1.0,1.0,10000.0,34.92044625519443,0.7804233260175835,0.7989143233743974,0.07832425029764734,0.004411733721903857,0.004755686552753283,1.937025832999909e-18,599.9636763408771,4.453625476521779,4.925053635993663,138686241.366476,11915514.213293597,12935724.75220275,5947011540448.414,141627810617.46582,128964050463.14453,83224676187.40607,7003205347.636383,7655926866.490677,0.0,10000,3315768413
GRB131014A,T90,BAND_BB,2.0882830189623496,swept,69.6,0.286,1.0,1.0,10000.0,34.92044625519443,0.7804233260175835,0.7989143233743974,0.07832425029764734,0.004411733721903857,0.004755686552753283,1.937025832999909e-18,616.8538739032228,4.57900409048375,5.0637039113311175,138000092.85449106,11856562.34996219,12871725.409494191,6084180930166.18,144894493424.0039,131938640301.62695,85144275294.35925,7164736126.090378,7832512838.933792,0.0,10000,3315768413
GRB131014A,T90,BAND_BB,2.331012979810265,swept,69.6,0.286,1.0,1.0,10000.0,34.92044625519443,0.7804233260175835,0.7989143233743974,0.07832425029764734,0.004411733721903857,0.004755686552753283,1.937025832999909e-18,662.5644813928019,4.918321175985284,5.438938617193799,135714380.6155045,11660180.67285566,12658529.463775784,6426795264361.885,153053838282.88965,139368411033.37988,89938946841.01163,7568199028.60817,8273579796.375076,0.0,10000,3315768413
GRB131014A,T90,BAND_BB,2.6019564698389637,swept,69.6,0.286,1.0,1.0,10000.0,34.92044625519443,0.7804233260175835,0.7989143233743974,0.07832425029764734,0.004411733721903857,0.004755686552753283,1.937025832999909e-18,712.4520776469392,5.288644711228358,5.848461888370593,132705021.18130326,11401625.355775729,12377836.549051762,6757459606990.487,160928594633.57715,146539039958.35645,94566385791.61975,7957589611.898483,8699262848.661499,0.0,10000,3315768413
GRB131014A,T90,BAND_BB,2.9043928667818517,swept,69.6,0.286,1.0,1.0,10000.0,34.92044625519443,0.7804233260175835,0.7989143233743974,0.07832425029764734,0.004411733721903857,0.004755686552753283,1.937025832999909e-18,766.8942013457948,5.692777225683017,6.29537290956705,129046532.59777844,11087298.770192027,12036597.210100323,7073302622288.353,168450381744.8369,153388260661.27148,98986409612.90137,8329526588.765488,9105865561.631866,0.0,10000,3315768413
GRB131014A,T90,BAND_BB,3.0,swept,69.6,0.286,1.0,1.0,10000.0,34.92044625519443,0.7804233260175835,0.7989143233743974,0.07832425029764734,0.004411733721903857,0.004755686552753283,1.937025832999909e-18,783.8568709936335,5.818693811423941,6.434618102434001,127857344.25793907,10985127.203452423,11925677.677700251,7163131012130.725,170589640782.4453,155336236198.54004,100243501280.91315,8435308569.48555,9221506767.049118,0.0,10000,3315768413
GRB131014A,T90,BAND_BB,3.2419827243056765,swept,69.6,0.286,1.0,1.0,10000.0,34.92044625519443,0.7804233260175835,0.7989143233743974,0.07832425029764734,0.004411733721903857,0.004755686552753283,1.937025832999909e-18,826.3010974353325,6.133764032616227,6.78303934859764,124823484.72936529,10724466.910277918,11642699.558084399,7371826031500.34,175559703221.2119,159861896662.84668,103164056469.1499,8681067984.23256,9490171758.671814,0.0,10000,3315768413
GRB131014A,T90,BAND_BB,3.6188120777001926,swept,69.6,0.286,1.0,1.0,10000.0,34.92044625519443,0.7804233260175835,0.7989143233743974,0.07832425029764734,0.004411733721903857,0.004755686552753283,1.937025832999909e-18,891.1183807055327,6.614913001253058,7.315119221486157,120126549.44204032,10320920.03624338,11204600.85804686,7650940941531.631,182206812168.20996,165914649225.62207,107070093618.80705,9009753916.190384,9849492288.657806,0.0,10000,3315768413
GRB131014A,T90,BAND_BB,4.039441899405393,swept,69.6,0.286,1.0,1.0,10000.0,34.92044625519443,0.7804233260175835,0.7989143233743974,0.07832425029764734,0.004411733721903857,0.004755686552753283,1.937025832999909e-18,961.8299077061215,7.139815875464251,7.895584467790513,115048750.16732267,9884650.447897792,10730977.713331938,7908982737866.862,188352065866.5078,171510420314.65137,110681225831.47412,9313624133.309921,10181684198.460526,0.0,10000,3315768413
GRB131014A,T90,BAND_BB,4.508963302963661,swept,69.6,0.286,1.0,1.0,10000.0,34.92044625519443,0.7804233260175835,0.7989143233743974,0.07832425029764734,0.004411733721903857,0.004755686552753283,1.937025832999909e-18,1038.960892317281,7.712371401139762,8.528746526073519,109682123.7382194,9423565.6794063,10230414.703975216,8144707589157.699,193965842528.84863,176622236797.69336,113980046471.8197,9591213898.84224,10485146233.101364,0.0,10000,3315768413
GRB131014A,T90,BAND_BB,5.0,swept,69.6,0.286,1.0,1.0,10000.0,34.92044625519443,0.7804233260175835,0.7989143233743974,0.07832425029764734,0.004411733721903857,0.004755686552753283,1.937025832999909e-18,1117.8319583540465,8.297843827077259,9.176192773033108,104452695.53489897,8974268.57920292,9742648.627232194,8345197497749.658,198740500625.8877,180969965150.51758,116785776309.05322,9827310968.849289,10743248318.024124,0.0,10000,3315768413
GRB131014A,T90,BAND_BB,5.033059163560601,swept,69.6,0.286,1.0,1.0,10000.0,34.92044625519443,0.7804233260175835,0.7989143233743974,0.07832425029764734,0.004411733721903857,0.004755686552753283,1.937025832999909e-18,1123.0813002597715,8.336810524176144,9.21928419916253,104114930.59104194,8945248.808030054,9711144.172993436,8357274276993.601,199028108576.87207,181231856414.26953,116954783218.67966,9841532593.34224,10758795444.180801,0.0,10000,3315768413
GRB131014A,T90,BAND_BB,5.618072900981761,swept,69.6,0.286,1.0,1.0,10000.0,34.92044625519443,0.7804233260175835,0.7989143233743974,0.07832425029764734,0.004411733721903857,0.004755686552753283,1.937025832999909e-18,1214.8095568121792,9.017723913450254,9.972274090504243,98429477.2451528,8456771.36798647,9180843.121863425,8546215187478.484,203527727806.80664,185329138712.8789,119598892110.4664,10064029554.327682,11002029845.681747,0.0,10000,3315768413
GRB131014A,T90,BAND_BB,6.271085257503065,swept,69.6,0.286,1.0,1.0,10000.0,34.92044625519443,0.7804233260175835,0.7989143233743974,0.07832425029764734,0.004411733721903857,0.004755686552753283,1.937025832999909e-18,1314.8166008195622,9.760092054367306,10.793223883194287,92700554.88294563,7964559.197830737,8646487.571708873,8711400047286.551,207461597765.29688,188911258648.4375,121910550054.13872,10258551371.830185,11214681729.327957,0.0,10000,3315768413
GRB131014A,T90,BAND_BB,7.0,swept,69.6,0.286,1.0,1.0,10000.0,34.92044625519443,0.7804233260175835,0.7989143233743974,0.07832425029764734,0.004411733721903857,0.004755686552753283,1.937025832999909e-18,1423.8303173017316,10.569318152814503,11.688108726903693,86994453.18885323,7474307.712401912,8114260.580800608,8852995513356.41,210833687379.79297,191981830263.67383,123892089308.45474,10425294301.188416,11396965642.093948,0.0,10000,3315768413
GRB131014A,EX0,BAND_BB,0.5,swept,69.6,0.286,1.0,1.0,10000.0,42.57379576939465,1.4668950644008518,1.444761099006172,0.07193671458206208,0.006361144342695607,0.006785533248280073,1.1612836145173419e-18,303.0665501187409,3.2914773554662133,3.4491924001426923,52903416.24010955,6820008.964071877,7756434.700189941,1303412270905.267,44090260628.27466,41821183791.8855,16051310085.323372,2067136940.4472828,2309996610.8160515,0.0,10000,3315768413
GRB131014A,EX0,BAND_BB,0.5581171131125046,swept,69.6,0.286,1.0,1.0,10000.0,42.57379576939465,1.4668950644008518,1.444761099006172,0.07193671458206208,0.006361144342695607,0.006785533248280073,1.1612836145173419e-18,319.31634412984573,3.4679594812487835,3.634130876477343,55999085.63049626,7219085.138971783,8210306.287063122,1453657745313.4954,49172583599.1001,46641948287.80493,17901558661.67598,2305417626.6253967,2576271943.970928,0.0,10000,3315768413
GRB131014A,EX0,BAND_BB,0.6229894238980724,swept,69.6,0.286,1.0,1.0,10000.0,42.57379576939465,1.4668950644008518,1.444761099006172,0.07193671458206208,0.006361144342695607,0.006785533248280073,1.1612836145173419e-18,336.9838408492228,3.6598386752964984,3.8352041898804714,59002481.46477263,7606265.929328591,8650649.185934857,1616364991411.8433,54676448375.20972,51862560211.78589,19905271929.19011,2563461966.3911514,2864632883.508011,0.0,10000,3315768413
GRB131014A,EX0,BAND_BB,0.695402117531229,swept,69.6,0.286,1.0,1.0,10000.0,42.57379576939465,1.4668950644008518,1.444761099006172,0.07193671458206208,0.006361144342695607,0.006785533248280073,1.1612836145173419e-18,356.2111836929869,3.868658697008641,4.054030070815429,61863722.588641346,7975120.939080507,9070150.071058393,1791445839445.6475,60598872456.32471,57480190556.001465,22061364091.67998,2841130127.581745,3174923168.941639,0.0,10000,3315768413
GRB131014A,EX0,BAND_BB,0.7762316445777043,swept,69.6,0.286,1.0,1.0,10000.0,42.57379576939465,1.4668950644008518,1.444761099006172,0.07193671458206208,0.006361144342695607,0.006785533248280073,1.1612836145173419e-18,377.1527262287732,4.096095915065462,4.292365213157609,64530841.10840191,8318950.761533804,9461189.669376537,1978539202075.7126,66927641414.78345,63483253500.43701,24365388417.302807,3137849446.432789,3506502856.526943,0.0,10000,3315768413
GRB131014A,EX0,BAND_BB,0.86645632915656,swept,69.6,0.286,1.0,1.0,10000.0,42.57379576939465,1.4668950644008518,1.444761099006172,0.07193671458206208,0.006361144342695607,0.006785533248280073,1.1612836145173419e-18,399.97587348682964,4.34396844455091,4.552114849133545,66951541.85305877,8631013.799258359,9816100.724069387,2176980109311.9685,73640261446.57202,69850412870.19849,26809155908.804,3452565318.7630653,3858193440.845783,0.0,10000,3315768413
GRB131014A,EX0,BAND_BB,0.9671682101338346,swept,69.6,0.286,1.0,1.0,10000.0,42.57379576939465,1.4668950644008518,1.444761099006172,0.07193671458206208,0.006361144342695607,0.006785533248280073,1.1612836145173419e-18,424.8620562304527,4.614246728091416,4.835343837467008,69075260.13282478,8904791.538666151,10127469.692830175,2385780904656.8447,80703323297.10547,76549978796.44531,29380503737.08168,3783711378.1387253,4228244529.322468,0.0,10000,3315768413
GRB131014A,EX0,BAND_BB,1.0,swept,69.6,0.286,1.0,1.0,10000.0,42.57379576939465,1.4668950644008518,1.444761099006172,0.07193671458206208,0.006361144342695607,0.006785533248280073,1.1612836145173419e-18,432.8548996213626,4.701053612640862,4.926310176934919,69654006.3225277,8979400.221473753,10212322.569023266,2451029403651.5845,82910470943.70752,78643537012.45703,30184028387.98825,3887191747.0070496,4343882393.797981,0.0,10000,3315768413
GRB131014A,EX0,BAND_BB,1.079586258668168,swept,69.6,0.286,1.0,1.0,10000.0,42.57379576939465,1.4668950644008518,1.444761099006172,0.07193671458206208,0.006361144342695607,0.006785533248280073,1.1612836145173419e-18,452.007867620993,4.909065880692424,5.144289599733668,70855399.80304301,9134277.068543606,10388464.881620944,2603628576465.04,88072411989.6753,83539822090.61475,32063262377.316444,4129205263.5633354,4614329112.676575,0.0,10000,3315768413
GRB131014A,EX0,BAND_BB,1.2050711320876148,swept,69.6,0.286,1.0,1.0,10000.0,42.57379576939465,1.4668950644008518,1.444761099006172,0.07193671458206208,0.006361144342695607,0.006785533248280073,1.1612836145173419e-18,481.62638375572794,5.2307400315407335,5.48137714936729,72251588.02042682,9314265.75046298,10593167.025772884,2828900999928.74,95692656239.77686,90767895383.47656,34837455626.37703,4486474378.332729,5013572350.082993,0.0,10000,3315768413
GRB131014A,EX0,BAND_BB,1.3451416426719145,swept,69.6,0.286,1.0,1.0,10000.0,42.57379576939465,1.4668950644008518,1.444761099006172,0.07193671458206208,0.006361144342695607,0.006785533248280073,1.1612836145173419e-18,513.948677877384,5.5817787691925105,5.849236324838444,73231753.14850879,9440623.090591066,10736873.942106336,3059702961187.2676,103499947035.2959,98173388991.89404,37679744233.87064,4852513022.202347,5422615413.56942,0.0,10000,3315768413
GRB131014A,EX0,BAND_BB,1.5014931406709222,swept,69.6,0.286,1.0,1.0,10000.0,42.57379576939465,1.4668950644008518,1.444761099006172,0.07193671458206208,0.006361144342695607,0.006785533248280073,1.1612836145173419e-18,549.2255251907985,5.964905656864062,6.250721192128367,73773827.9158195,9510504.301200934,10816350.237477928,3293920504196.579,111422776016.96729,105688474688.20459,40564095174.99989,5223968582.398262,5837711805.265511,0.0,10000,3315768413
GRB131014A,EX0,BAND_BB,1.6760180340589659,swept,69.6,0.286,1.0,1.0,10000.0,42.57379576939465,1.4668950644008518,1.444761099006172,0.07193671458206208,0.006361144342695607,0.006785533248280073,1.1612836145173419e-18,587.7292844390589,6.38307866743321,6.688931458896491,73866906.4811453,9522503.462975353,10829996.951910526,3529289827609.9023,119384566039.08203,113240516320.13037,43462630104.44019,5597250800.109665,6254849461.179405,0.0,10000,3315768413
GRB131014A,EX0,BAND_BB,1.8708286933869704,swept,69.6,0.286,1.0,1.0,10000.0,42.57379576939465,1.4668950644008518,1.444761099006172,0.07193671458206208,0.006361144342695607,0.006785533248280073,1.1612836145173419e-18,629.7559366056516,6.839512324919269,7.1672356768963255,73511739.616908,9476717.361245252,10777924.159907356,3763475151330.2593,127306305145.44727,120754568230.86572,46346584270.2672,5968655262.365295,6669888751.642113,0.0,10000,3315768413
GRB131014A,EX0,BAND_BB,2.0,swept,69.6,0.286,1.0,1.0,10000.0,42.57379576939465,1.4668950644008518,1.444761099006172,0.07193671458206208,0.006361144342695607,0.006785533248280073,1.1612836145173419e-18,657.1277785669095,7.136786299752885,7.478753887116795,73082100.14790314,9421330.672857635,10714932.566494256,3904099952944.9287,132063191582.98535,125266644574.86133,48078355826.19742,6191678114.496994,6919113668.713776,0.0,10000,3315768413
GRB131014A,EX0,BAND_BB,2.0882830189623496,swept,69.6,0.286,1.0,1.0,10000.0,42.57379576939465,1.4668950644008518,1.444761099006172,0.07193671458206208,0.006361144342695607,0.006785533248280073,1.1612836145173419e-18,675.6272618546186,7.337701347307529,7.689296017673655,72720527.33595625,9374718.752609387,10661920.566427946,3994149048074.5195,135109263928.80273,128155952771.33203,49187295784.10033,6334490803.27652,7078704850.414055,0.0,10000,3315768413
GRB131014A,EX0,BAND_BB,2.331012979810265,swept,69.6,0.286,1.0,1.0,10000.0,42.57379576939465,1.4668950644008518,1.444761099006172,0.07193671458206208,0.006361144342695607,0.006785533248280073,1.1612836145173419e-18,725.6931427422221,7.881445660754366,8.259094485357764,71516048.44091225,9219444.151363365,10485325.88575998,4219068841304.1216,142717579828.01025,135372711598.18799,51957146449.191666,6691200666.764122,7477323132.337212,0.0,10000,3315768413
GRB131014A,EX0,BAND_BB,2.6019564698389637,swept,69.6,0.286,1.0,1.0,10000.0,42.57379576939465,1.4668950644008518,1.444761099006172,0.07193671458206208,0.006361144342695607,0.006785533248280073,1.1612836145173419e-18,780.3339928424508,8.47487677586048,8.880960556783975,69930236.42823991,9015010.24311307,10252822.047685653,4436143692381.264,150060526471.58252,142337758227.05566,54630387927.84111,7035468902.931648,7862038069.793892,0.0,10000,3315768413
GRB131014A,EX0,BAND_BB,2.9043928667818517,swept,69.6,0.286,1.0,1.0,10000.0,42.57379576939465,1.4668950644008518,1.444761099006172,0.07193671458206208,0.006361144342695607,0.006785533248280073,1.1612836145173419e-18,839.9633224460113,9.122485652639739,9.559600381646305,68002359.32654098,8766479.239830777,9970166.334461927,4643488623995.338,157074341117.0957,148990611423.93848,57183807031.104675,7364306046.11451,8229508976.727844,0.0,10000,3315768413
GRB131014A,EX0,BAND_BB,3.0,swept,69.6,0.286,1.0,1.0,10000.0,42.57379576939465,1.4668950644008518,1.444761099006172,0.07193671458206208,0.006361144342695607,0.006785533248280073,1.1612836145173419e-18,858.5421829067493,9.324262782028882,9.771045901712341,67375704.65272075,8685694.466434754,9878289.355572805,4702459253221.707,159069128545.4795,150882738403.44434,57910020737.05795,7457830074.387299,8334020769.881355,0.0,10000,3315768413
GRB131014A,EX0,BAND_BB,3.2419827243056765,swept,69.6,0.286,1.0,1.0,10000.0,42.57379576939465,1.4668950644008518,1.444761099006172,0.07193671458206208,0.006361144342695607,0.006785533248280073,1.1612836145173419e-18,905.0304643386035,9.829152304041713,10.30012780450761,65776982.07060098,8479596.200651042,9643892.634278856,4839463563665.557,163703545367.77344,155278647951.98145,59597206533.17815,7675111035.630882,8576829204.217094,0.0,10000,3315768413
GRB131014A,EX0,BAND_BB,3.6188120777001926,swept,69.6,0.286,1.0,1.0,10000.0,42.57379576939465,1.4668950644008518,1.444761099006172,0.07193671458206208,0.006361144342695607,0.006785533248280073,1.1612836145173419e-18,976.0234911629288,10.600177480184357,11.108097567220398,63301885.10586719,8160520.710141733,9281006.277442008,5022697192809.856,169901751910.0713,161157867790.8252,61853698868.80084,7965709039.034164,8901568407.429352,0.0,10000,3315768413
GRB131014A,EX0,BAND_BB,4.039441899405393,swept,69.6,0.286,1.0,1.0,10000.0,42.57379576939465,1.4668950644008518,1.444761099006172,0.07193671458206208,0.006361144342695607,0.006785533248280073,1.1612836145173419e-18,1053.4723609684575,11.44131683083674,11.989541108344383,60626088.05873798,7815572.101064526,8888694.276779875,5192096723663.002,175631995235.48926,166593207838.02832,63939826534.41168,8234366957.743004,9201789872.946777,0.0,10000,3315768413
GRB131014A,EX0,BAND_BB,4.508963302963661,swept,69.6,0.286,1.0,1.0,10000.0,42.57379576939465,1.4668950644008518,1.444761099006172,0.07193671458206208,0.006361144342695607,0.006785533248280073,1.1612836145173419e-18,1137.9523296314478,12.35881796626677,12.951005399809219,57798090.65767123,7451002.683881514,8474067.42028115,5346845604604.826,180866654019.1748,171558468282.41797,65845533829.6398,8479789787.823883,9476046451.991364,0.0,10000,3315768413
GRB131014A,EX0,BAND_BB,5.0,swept,69.6,0.286,1.0,1.0,10000.0,42.57379576939465,1.4668950644008518,1.444761099006172,0.07193671458206208,0.006361144342695607,0.006785533248280073,1.1612836145173419e-18,1224.3381734112581,13.297018003593848,13.934160405627381,55042391.23207763,7095753.51245679,8070040.531904854,5478463415899.805,185318862835.10742,175781547042.1631,67466385764.98331,8688528071.03778,9709308563.144608,0.0,10000,3315768413
GRB131014A,EX0,BAND_BB,5.033059163560601,swept,69.6,0.286,1.0,1.0,10000.0,42.57379576939465,1.4668950644008518,1.444761099006172,0.07193671458206208,0.006361144342695607,0.006785533248280073,1.1612836145173419e-18,1230.0876687915209,13.359460836173412,13.99959526065345,54864402.62116574,7072808.2282352075,8043944.73061198,5486391591750.367,185587047620.0459,176035929870.05566,67564019960.87742,8701101702.218697,9723359420.078789,0.0,10000,3315768413
GRB131014A,EX0,BAND_BB,5.618072900981761,swept,69.6,0.286,1.0,1.0,10000.0,42.57379576939465,1.4668950644008518,1.444761099006172,0.07193671458206208,0.006361144342695607,0.006785533248280073,1.1612836145173419e-18,1330.5557268375082,14.450601834335203,15.143019574994696,51868396.19171369,6686580.038120918,7604685.229374416,5610427705471.745,189782791900.93652,180015742876.70312,69091504523.94469,8897815848.883049,9943184726.86081,0.0,10000,3315768413
GRB131014A,EX0,BAND_BB,6.271085257503065,swept,69.6,0.286,1.0,1.0,10000.0,42.57379576939465,1.4668950644008518,1.444761099006172,0.07193671458206208,0.006361144342695607,0.006785533248280073,1.1612836145173419e-18,1440.09136917909,15.640222022516582,16.38964182664631,48849483.329925,6297398.880410723,7162067.301417716,5718868423808.617,193450993927.9668,183495163251.4541,70426934329.8122,9069796594.903725,10135370804.454391,0.0,10000,3315768413
GRB131014A,EX0,BAND_BB,7.0,swept,69.6,0.286,1.0,1.0,10000.0,42.57379576939465,1.4668950644008518,1.444761099006172,0.07193671458206208,0.006361144342695607,0.006785533248280073,1.1612836145173419e-18,1559.4918331907647,16.936979857958022,17.7485353531049,45842596.04714236,5909767.992275678,6721212.503801607,5811823153871.049,196595354593.09668,186477701422.25684,71571656709.24274,9217217453.668472,10300111551.642853,0.0,10000,3315768413
GRB131014A,TR1,BAND_BB,0.5,swept,69.6,0.286,1.0,1.0,10000.0,44.01883459477513,1.6109142318578762,1.6418571137643383,0.07144971394841997,0.006695285205947171,0.007266939802862887,1.409078421544452e-18,329.4719269359818,3.6562379415370287,4.054763884857948,63402232.32763976,8561513.57106115,9964133.53816846,1719682534704.991,63327369177.752686,56540363706.68213,20919111644.03054,2812068976.7247047,3269898142.678505,0.0,10000,3315768413
GRB131014A,TR1,BAND_BB,0.5581171131125046,swept,69.6,0.286,1.0,1.0,10000.0,44.01883459477513,1.6109142318578762,1.6418571137643383,0.07144971394841997,0.006695285205947171,0.007266939802862887,1.409078421544452e-18,347.1375219779085,3.8522777663948204,4.272171836566315,67112245.09898993,9062494.743562825,10547189.707090273,1917911847122.6538,70627170505.02393,63057820967.09668,23330475970.816513,3136218631.371746,3646822166.3967285,0.0,10000,3315768413
GRB131014A,TR1,BAND_BB,0.6229894238980724,swept,69.6,0.286,1.0,1.0,10000.0,44.01883459477513,1.6109142318578762,1.6418571137643383,0.07144971394841997,0.006695285205947171,0.007266939802862887,1.409078421544452e-18,366.3443403680861,4.065420958251764,4.508547403600971,70711672.39480764,9548543.018360823,11112866.544005394,2132582842348.855,78532437373.81714,70115854006.57666,25941845467.94432,3487254147.3437576,4055009302.3424377,0.0,10000,3315768413
GRB131014A,TR1,BAND_BB,0.695402117531229,swept,69.6,0.286,1.0,1.0,10000.0,44.01883459477513,1.6109142318578762,1.6418571137643383,0.07144971394841997,0.006695285205947171,0.007266939802862887,1.409078421544452e-18,387.24691009777655,4.297382355485354,4.765792339850577,74140734.02019626,10011585.983316027,11651769.145563886,2363579191889.0947,87038885983.27344,77710638133.49805,28751805055.179848,3864985301.303631,4494238357.173035,0.0,10000,3315768413
GRB131014A,TR1,BAND_BB,0.7762316445777043,swept,69.6,0.286,1.0,1.0,10000.0,44.01883459477513,1.6109142318578762,1.6418571137643383,0.07144971394841997,0.006695285205947171,0.007266939802862887,1.409078421544452e-18,410.0130331475624,4.550024101476993,5.045971760291536,77337148.92217007,10443213.523188315,12154109.579920724,2610424488082.823,96128972604.71729,85826509839.12695,31754559462.269424,4268633059.22884,4963603463.385078,0.0,10000,3315768413
GRB131014A,TR1,BAND_BB,0.86645632915656,swept,69.6,0.286,1.0,1.0,10000.0,44.01883459477513,1.6109142318578762,1.6418571137643383,0.07144971394841997,0.006695285205947171,0.007266939802862887,1.409078421544452e-18,434.8247000996208,4.825365794308141,5.351325396991172,80238243.82144547,10834962.558501944,12610038.273943648,2872241389736.042,105770389118.15088,94434623572.49658,34939436255.19296,4696762770.302227,5461436396.592461,0.0,10000,3315768413
GRB131014A,TR1,BAND_BB,0.9671682101338346,swept,69.6,0.286,1.0,1.0,10000.0,44.01883459477513,1.6109142318578762,1.6418571137643383,0.07144971394841997,0.006695285205947171,0.007266939802862887,1.409078421544452e-18,461.8791492937334,5.1255962404976,5.684280633988749,82783419.33829792,11178650.05858332,13010031.583279207,3147726812884.3955,115915149411.24658,103492136053.05957,38290584043.71895,5147243598.211697,5985259401.890556,0.0,10000,3315768413
GRB131014A,TR1,BAND_BB,1.0,swept,69.6,0.286,1.0,1.0,10000.0,44.01883459477513,1.6109142318578762,1.6418571137643383,0.07144971394841997,0.006695285205947171,0.007266939802862887,1.409078421544452e-18,470.56838772228605,5.22202303934813,5.791217848623887,83477019.16579753,11272310.236119911,13119035.967660233,3233813699314.457,119085301999.47119,106322532809.96338,39337789648.22687,5288015082.335842,6148949701.911507,0.0,10000,3315768413
GRB131014A,TR1,BAND_BB,1.079586258668168,swept,69.6,0.286,1.0,1.0,10000.0,44.01883459477513,1.6109142318578762,1.6418571137643383,0.07144971394841997,0.006695285205947171,0.007266939802862887,1.409078421544452e-18,491.39010252686944,5.453087167889635,6.04746771487379,84916832.20590122,11466735.233948648,13345313.32217753,3435148409870.364,126499459721.2378,112942090508.479,41786929651.070526,5617242763.646942,6531778498.981529,0.0,10000,3315768413
GRB131014A,TR1,BAND_BB,1.2050711320876148,swept,69.6,0.286,1.0,1.0,10000.0,44.01883459477513,1.6109142318578762,1.6418571137643383,0.07144971394841997,0.006695285205947171,0.007266939802862887,1.409078421544452e-18,523.5892006459864,5.810409156810579,6.443737410421363,86590097.48861784,11692684.430057913,13608279.43724446,3732365998524.8965,137444507765.28076,122714121231.25,45402438789.62227,6103260585.846741,7096924228.788902,0.0,10000,3315768413
GRB131014A,TR1,BAND_BB,1.3451416426719145,swept,69.6,0.286,1.0,1.0,10000.0,44.01883459477513,1.6109142318578762,1.6418571137643383,0.07144971394841997,0.006695285205947171,0.007266939802862887,1.409078421544452e-18,558.7276496865722,6.200349907707846,6.87618127738358,87764778.85301313,11851307.400791392,13792889.372098893,4036879091282.786,148658213001.7798,132726016258.68457,49106694229.74867,6601208203.427124,7675942027.909096,0.0,10000,3315768413
GRB131014A,TR1,BAND_BB,1.5014931406709222,swept,69.6,0.286,1.0,1.0,10000.0,44.01883459477513,1.6109142318578762,1.6418571137643383,0.07144971394841997,0.006695285205947171,0.007266939802862887,1.409078421544452e-18,597.078074225418,6.625934808299917,7.348154467437325,88414429.72206092,11939032.935486466,13894986.849975199,4345898598790.4785,160037867118.24414,142886074870.86426,52865768039.7561,7106524825.959549,8263528569.761246,0.0,10000,3315768413
GRB131014A,TR1,BAND_BB,1.6760180340589659,swept,69.6,0.286,1.0,1.0,10000.0,44.01883459477513,1.6109142318578762,1.6418571137643383,0.07144971394841997,0.006695285205947171,0.007266939802862887,1.409078421544452e-18,638.9365628934455,7.090449633179787,7.863300901017283,88525979.96291354,11954096.110170603,13912517.80204527,4656437730356.35,171473481443.5254,153096096249.5498,56643327346.17843,7614326376.718002,8854004607.659958,0.0,10000,3315768413
GRB131014A,TR1,BAND_BB,1.8708286933869704,swept,69.6,0.286,1.0,1.0,10000.0,44.01883459477513,1.6109142318578762,1.6418571137643383,0.07144971394841997,0.006695285205947171,0.007266939802862887,1.409078421544452e-18,684.6248847045147,7.59746513900518,8.425580543359388,88100329.34066923,11896618.424526304,13845623.633102909,4965414728713.459,182851570159.04102,163254757230.0244,60401884052.79672,8119573487.197372,9441510320.295242,0.0,10000,3315768413
GRB131014A,TR1,BAND_BB,2.0,swept,69.6,0.286,1.0,1.0,10000.0,44.01883459477513,1.6109142318578762,1.6418571137643383,0.07144971394841997,0.006695285205947171,0.007266939802862887,1.409078421544452e-18,714.3815619466236,7.927682931332811,8.791791714480269,87585426.83782634,11827088.620858148,13764702.865661323,5150950817855.1875,189683943097.50977,169354881961.81836,62658841418.13884,8422966857.664886,9794298757.138016,0.0,10000,3315768413
GRB131014A,TR1,BAND_BB,2.0882830189623496,swept,69.6,0.286,1.0,1.0,10000.0,44.01883459477513,1.6109142318578762,1.6418571137643383,0.07144971394841997,0.006695285205947171,0.007266939802862887,1.409078421544452e-18,734.4928556665457,8.1508633274168,9.039298530043197,87152098.99142855,11768574.242082328,13696602.163701743,5269758857043.58,194059053274.60938,173261096981.99023,64104084121.854904,8617244809.812912,10020206841.239136,0.0,10000,3315768413
GRB131014A,TR1,BAND_BB,2.331012979810265,swept,69.6,0.286,1.0,1.0,10000.0,44.01883459477513,1.6109142318578762,1.6418571137643383,0.07144971394841997,0.006695285205947171,0.007266939802862887,1.409078421544452e-18,788.9208426658474,8.75486523130894,9.70913598193988,85708588.22851829,11573649.922655135,13469743.684475139,5566511196084.983,204986968485.45996,183017831054.4707,67713933722.43787,9102501843.915405,10584467920.062881,0.0,10000,3315768413
GRB131014A,TR1,BAND_BB,2.6019564698389637,swept,69.6,0.286,1.0,1.0,10000.0,44.01883459477513,1.6109142318578762,1.6418571137643383,0.07144971394841997,0.006695285205947171,0.007266939802862887,1.409078421544452e-18,848.3224036922593,9.414060214113874,10.44018249808471,83808067.83113828,11317013.356766373,13171062.733721733,5852913156887.285,215533730657.5078,192434261531.18457,71197875945.59967,9570833674.117691,11129048225.315308,0.0,10000,3315768413
GRB131014A,TR1,BAND_BB,2.9043928667818517,swept,69.6,0.286,1.0,1.0,10000.0,44.01883459477513,1.6109142318578762,1.6418571137643383,0.07144971394841997,0.006695285205947171,0.007266939802862887,1.409078421544452e-18,913.147077080624,10.133436922759415,11.237970482473202,81497598.66698661,11005019.40358533,12807955.27768676,6126477757678.311,225607756600.45996,201428620497.9414,74525657853.19682,10018173524.054863,11649218874.244202,0.0,10000,3315768413
GRB131014A,TR1,BAND_BB,3.0,swept,69.6,0.286,1.0,1.0,10000.0,44.01883459477513,1.6109142318578762,1.6418571137643383,0.07144971394841997,0.006695285205947171,0.007266939802862887,1.409078421544452e-18,933.3446638940675,10.357574936342417,11.486539294796785,80746582.796132,10903606.056856826,12689927.533997715,6204281813543.701,228472893664.9336,203986691262.5791,75472106804.18634,10145400711.251923,11797159748.58165,0.0,10000,3315768413
GRB131014A,TR1,BAND_BB,3.2419827243056765,swept,69.6,0.286,1.0,1.0,10000.0,44.01883459477513,1.6109142318578762,1.6418571137643383,0.07144971394841997,0.006695285205947171,0.007266939802862887,1.409078421544452e-18,983.8833447788243,10.918416171844683,12.108511612576876,78830589.69430745,10644880.136000246,12388814.932376176,6385041136674.789,235129362028.8506,209929763700.04883,77670957106.47617,10440982991.45337,12140865382.063324,0.0,10000,3315768413
GRB131014A,TR1,BAND_BB,3.6188120777001926,swept,69.6,0.286,1.0,1.0,10000.0,44.01883459477513,1.6109142318578762,1.6418571137643383,0.07144971394841997,0.006695285205947171,0.007266939802862887,1.409078421544452e-18,1061.0618038917291,11.774886139110777,13.058335871081226,75864303.50818945,10244328.002333052,11922640.941558823,6626794017818.997,244031920288.90137,217878205084.53906,80611764731.64014,10836303501.71025,12600547492.619995,0.0,10000,3315768413
GRB131014A,TR1,BAND_BB,4.039441899405393,swept,69.6,0.286,1.0,1.0,10000.0,44.01883459477513,1.6109142318578762,1.6418571137643383,0.07144971394841997,0.006695285205947171,0.007266939802862887,1.409078421544452e-18,1145.258586294287,12.709240313800137,14.094533630574915,72657487.80325064,9811295.991159588,11418665.943467513,6850294610147.352,252262337378.2119,225226540910.4121,83330542034.46704,11201777401.271576,13025523705.957779,0.0,10000,3315768413
GRB131014A,TR1,BAND_BB,4.508963302963661,swept,69.6,0.286,1.0,1.0,10000.0,44.01883459477513,1.6109142318578762,1.6418571137643383,0.07144971394841997,0.006695285205947171,0.007266939802862887,1.409078421544452e-18,1237.0990683665627,13.728418664576338,15.224801308728047,69268267.20111388,9353632.954461358,10886024.65576826,7054465580270.234,259780940457.21973,231939350208.71582,85814183771.98303,11535643006.953735,13413745521.624603,0.0,10000,3315768413
GRB131014A,TR1,BAND_BB,5.0,swept,69.6,0.286,1.0,1.0,10000.0,44.01883459477513,1.6109142318578762,1.6418571137643383,0.07144971394841997,0.006695285205947171,0.007266939802862887,1.409078421544452e-18,1331.0114793501357,14.770589763681983,16.380567919672785,65965692.2896252,8907670.109209448,10367000.38438575,7228118120139.963,266175701280.2539,237648763175.7461,87926583471.05164,11819604092.9346,13743937929.893036,0.0,10000,3315768413
GRB131014A,TR1,BAND_BB,5.033059163560601,swept,69.6,0.286,1.0,1.0,10000.0,44.01883459477513,1.6109142318578762,1.6418571137643383,0.07144971394841997,0.006695285205947171,0.007266939802862887,1.409078421544452e-18,1337.261912864169,14.839952493240162,16.457491111014633,65752381.39095862,8878865.695125863,10333476.98621142,7238578314390.5625,266560898297.50098,237992677343.2959,88053826707.48076,11836708870.792725,13763827513.616684,0.0,10000,3315768413
GRB131014A,TR1,BAND_BB,5.618072900981761,swept,69.6,0.286,1.0,1.0,10000.0,44.01883459477513,1.6109142318578762,1.6418571137643383,0.07144971394841997,0.006695285205947171,0.007266939802862887,1.409078421544452e-18,1446.4834837269334,16.052013427039583,17.801665363128677,62161809.945948526,8394013.269181907,9769191.912280068,7402227792917.559,272587296038.5254,243373205929.00488,90044543972.26993,12104312694.368149,14074999555.599121,0.0,10000,3315768413
GRB131014A,TR1,BAND_BB,6.271085257503065,swept,69.6,0.286,1.0,1.0,10000.0,44.01883459477513,1.6109142318578762,1.6418571137643383,0.07144971394841997,0.006695285205947171,0.007266939802862887,1.409078421544452e-18,1565.5626732195115,17.373466986738094,19.267155917917307,58543786.22945912,7905453.828733906,9200592.509201244,7545301180776.076,277855978524.72656,248077226132.16113,91784962981.88406,12338269966.871857,14347047096.807419,0.0,10000,3315768413
GRB131014A,TR1,BAND_BB,7.0,swept,69.6,0.286,1.0,1.0,10000.0,44.01883459477513,1.6109142318578762,1.6418571137643383,0.07144971394841997,0.006695285205947171,0.007266939802862887,1.409078421544452e-18,1695.3661798736234,18.813931157348634,20.864629110257738,54940174.598392636,7418840.522679076,8634258.072803333,7667942826381.852,282372261391.53906,252109483893.80957,93276839665.43427,12538816730.534637,14580244609.190186,0.0,10000,3315768413
GRB131014A,EX1,BAND_BB,0.5,swept,69.6,0.286,1.0,1.0,10000.0,28.006491465606892,1.1764629738527752,1.1999455382881372,0.07177437200749731,0.01079986001684672,0.012880226537686348,1.4675918662830723e-18,211.24449118699007,3.0925614175191356,3.488563757239291,66668229.96556273,15815493.630559914,20725607.06556247,1148757321096.9224,54774688799.23352,49275383616.40283,14110010843.98629,3287972685.3939075,4235657039.1985245,0.0,10000,3315768413
GRB131014A,EX1,BAND_BB,0.5581171131125046,swept,69.6,0.286,1.0,1.0,10000.0,28.006491465606892,1.1764629738527752,1.1999455382881372,0.07177437200749731,0.01079986001684672,0.012880226537686348,1.4675918662830723e-18,222.57097860839735,3.2583780870977535,3.6756132433258983,70569354.19313543,16740945.009801105,21938376.1445733,1281175583944.9917,61088615166.12915,54955400256.84155,15736484155.985703,3666980177.4863396,4723904937.035896,0.0,10000,3315768413
GRB131014A,EX1,BAND_BB,0.6229894238980724,swept,69.6,0.286,1.0,1.0,10000.0,28.006491465606892,1.1764629738527752,1.1999455382881372,0.07177437200749731,0.01079986001684672,0.012880226537686348,1.4675918662830723e-18,234.88563805718965,3.438661324152747,3.878981740153421,74354196.42805602,17638811.179189153,23114995.8479407,1424576980665.9077,67926235901.606445,61106533054.67529,17497861625.025734,4077423590.3870564,5252649454.521847,0.0,10000,3315768413
GRB131014A,EX1,BAND_BB,0.695402117531229,swept,69.6,0.286,1.0,1.0,10000.0,28.006491465606892,1.1764629738527752,1.1999455382881372,0.07177437200749731,0.01079986001684672,0.012880226537686348,1.4675918662830723e-18,248.28754682711957,3.6348615930928077,4.100305444028038,77959897.05743015,18494180.15129219,24235924.579347864,1578883803190.2974,75283845753.70459,67725448760.26318,19393188774.750595,4519080508.095013,5821604069.23341,0.0,10000,3315768413
GRB131014A,EX1,BAND_BB,0.7762316445777043,swept,69.6,0.286,1.0,1.0,10000.0,28.006491465606892,1.1764629738527752,1.1999455382881372,0.07177437200749731,0.01079986001684672,0.012880226537686348,1.4675918662830723e-18,262.88429297383107,3.848553953546741,4.341361100887582,81320966.78521073,19291516.107249603,25280803.23495221,1743777808600.1553,83146270362.72388,74798496499.23877,21418556675.97081,4991040055.87409,6429595367.229221,0.0,10000,3315768413
GRB131014A,EX1,BAND_BB,0.86645632915656,swept,69.6,0.286,1.0,1.0,10000.0,28.006491465606892,1.1764629738527752,1.1999455382881372,0.07177437200749731,0.01079986001684672,0.012880226537686348,1.4675918662830723e-18,278.7925617284162,4.081446645296978,4.604075690535922,84371503.88455662,20015185.388546146,26229144.49573897,1918672928188.4019,91485564983.10889,82300537140.96265,23566766736.20705,5491624788.135693,7074462416.866863,0.0,10000,3315768413
GRB131014A,EX1,BAND_BB,0.9671682101338346,swept,69.6,0.286,1.0,1.0,10000.0,28.006491465606892,1.1764629738527752,1.1999455382881372,0.07177437200749731,0.01079986001684672,0.012880226537686348,1.4675918662830723e-18,296.1388145867518,4.335391029961386,4.890537641356389,87047787.35961445,20650071.664591186,27061138.98139964,2102698694753.1846,100260224268.8501,90194232420.41772,25827127139.67549,6018343254.04797,7752995662.513329,0.0,10000,3315768413
GRB131014A,EX1,BAND_BB,1.0,swept,69.6,0.286,1.0,1.0,10000.0,28.006491465606892,1.1764629738527752,1.1999455382881372,0.07177437200749731,0.01079986001684672,0.012880226537686348,1.4675918662830723e-18,301.7100138318962,4.416951859017956,4.982542330623119,87777116.14041924,20823088.027757883,27287870.3906537,2160205204845.1406,103002231772.40967,92660946053.64697,26533470826.10572,6182938361.249672,7965031616.319611,0.0,10000,3315768413
GRB131014A,EX1,BAND_BB,1.079586258668168,swept,69.6,0.286,1.0,1.0,10000.0,28.006491465606892,1.1764629738527752,1.1999455382881372,0.07177437200749731,0.01079986001684672,0.012880226537686348,1.4675918662830723e-18,315.0600815916587,4.6123931897865305,5.203009914330039,89291097.32595554,21182245.002661884,27758532.041222304,2294697890602.2266,109415070126.36548,98429944050.50195,28185423958.084244,6567883265.654991,8460928252.350403,0.0,10000,3315768413
GRB131014A,EX1,BAND_BB,1.2050711320876148,swept,69.6,0.286,1.0,1.0,10000.0,28.006491465606892,1.1764629738527752,1.1999455382881372,0.07177437200749731,0.01079986001684672,0.012880226537686348,1.4675918662830723e-18,335.70488177876064,4.914627402722715,5.543945203593694,91050556.42646599,21599635.92802061,28305507.084416732,2493240862363.1387,118881934268.82324,106946347748.82031,30624096977.263527,7136152869.720253,9192988819.433006,0.0,10000,3315768413
GRB131014A,EX1,BAND_BB,1.3451416426719145,swept,69.6,0.286,1.0,1.0,10000.0,28.006491465606892,1.1764629738527752,1.1999455382881372,0.07177437200749731,0.01079986001684672,0.012880226537686348,1.4675918662830723e-18,358.2342786160239,5.244451593769838,5.9160033663287095,92285748.38205943,21892656.61442998,28689499.626822546,2696657270691.96,128581172095.86035,115671795125.90576,33122629673.98986,7718371221.72818,9943018548.082512,0.0,10000,3315768413
GRB131014A,EX1,BAND_BB,1.5014931406709222,swept,69.6,0.286,1.0,1.0,10000.0,28.006491465606892,1.1764629738527752,1.1999455382881372,0.07177437200749731,0.01079986001684672,0.012880226537686348,1.4675918662830723e-18,382.82306830094205,5.604424731321444,6.322071046707833,92968864.29052128,22054710.04384896,28901864.5254606,2903083988674.605,138423946570.2378,124526368263.73535,35658137544.74045,8309205680.667114,10704147783.16494,0.0,10000,3315768413
GRB131014A,EX1,BAND_BB,1.6760180340589659,swept,69.6,0.286,1.0,1.0,10000.0,28.006491465606892,1.1764629738527752,1.1999455382881372,0.07177437200749731,0.01079986001684672,0.012880226537686348,1.4675918662830723e-18,409.66109126321993,5.997326027204963,6.76528333449852,93086160.74581715,22082535.911471024,28938329.27402076,3110525823823.8887,148315123545.19238,133424484356.09717,38206113944.71489,8902945607.50175,11469019922.07354,0.0,10000,3315768413
GRB131014A,EX1,BAND_BB,1.8708286933869704,swept,69.6,0.286,1.0,1.0,10000.0,28.006491465606892,1.1764629738527752,1.1999455382881372,0.07177437200749731,0.01079986001684672,0.012880226537686348,1.4675918662830723e-18,438.95465318797267,6.426175740071642,7.249047232325722,92638583.86205499,21976358.660957813,28799187.997444585,3316924145461.883,158156544033.9077,142277839446.60693,40741273027.49818,9493698790.435863,12230044455.166351,0.0,10000,3315768413
GRB131014A,EX1,BAND_BB,2.0,swept,69.6,0.286,1.0,1.0,10000.0,28.006491465606892,1.1764629738527752,1.1999455382881372,0.07177437200749731,0.01079986001684672,0.012880226537686348,1.4675918662830723e-18,458.0334688002241,6.7054843683008585,7.56412131687091,92097157.5240677,21847917.80083178,28630871.101347804,3440863265868.089,164066170571.75537,147594147417.78418,42263598327.02778,9848437284.862377,12687028361.287926,0.0,10000,3315768413
GRB131014A,EX1,BAND_BB,2.0882830189623496,swept,69.6,0.286,1.0,1.0,10000.0,28.006491465606892,1.1764629738527752,1.1999455382881372,0.07177437200749731,0.01079986001684672,0.012880226537686348,1.4675918662830723e-18,470.9280423940543,6.894257389398604,7.777066714176783,91641507.94433618,21739825.49015048,28489220.210751414,3520227684630.5605,167850400068.8042,150998445356.25488,43238419369.55732,10075594088.384632,12979658016.672554,0.0,10000,3315768413
GRB131014A,EX1,BAND_BB,2.331012979810265,swept,69.6,0.286,1.0,1.0,10000.0,28.006491465606892,1.1764629738527752,1.1999455382881372,0.07177437200749731,0.01079986001684672,0.012880226537686348,1.4675918662830723e-18,505.82513522659065,7.405141257995979,8.35336923740249,90123638.55762196,21379746.12956147,28017349.80858034,3718459867110.0605,177302445253.54395,159501517900.30273,45673275011.42775,10642974151.509056,13710572652.596878,0.0,10000,3315768413
GRB131014A,EX1,BAND_BB,2.6019564698389637,swept,69.6,0.286,1.0,1.0,10000.0,28.006491465606892,1.1764629738527752,1.1999455382881372,0.07177437200749731,0.01079986001684672,0.012880226537686348,1.4675918662830723e-18,543.9110888658988,7.96270917426466,8.982333698342586,88125217.89867716,20905667.10842882,27396087.15693371,3909777940422.119,186424814038.38818,167708013112.1919,48023205705.67224,11190564654.498482,14415993831.698776,0.0,10000,3315768413
GRB131014A,EX1,BAND_BB,2.9043928667818517,swept,69.6,0.286,1.0,1.0,10000.0,28.006491465606892,1.1764629738527752,1.1999455382881372,0.07177437200749731,0.01079986001684672,0.012880226537686348,1.4675918662830723e-18,585.4741296798395,8.57118069318426,9.668719965787659,85695731.0508323,20329327.616777882,26640816.020960957,4092520587166.251,195138292004.4746,175546669594.30664,50267805744.22198,11713610575.439857,15089796003.687927,0.0,10000,3315768413
GRB131014A,EX1,BAND_BB,3.0,swept,69.6,0.286,1.0,1.0,10000.0,28.006491465606892,1.1764629738527752,1.1999455382881372,0.07177437200749731,0.01079986001684672,0.012880226537686348,1.4675918662830723e-18,598.4240310243628,8.760763697378707,9.882579064486436,84906028.5916636,20141988.99657646,26395315.834801912,4144494121224.2314,197616477868.05127,177776048925.84424,50906188730.50679,11862369201.1371,15281430965.521729,0.0,10000,3315768413
GRB131014A,EX1,BAND_BB,3.2419827243056765,swept,69.6,0.286,1.0,1.0,10000.0,28.006491465606892,1.1764629738527752,1.1999455382881372,0.07177437200749731,0.01079986001684672,0.012880226537686348,1.4675918662830723e-18,630.8274531551851,9.235140910788004,10.417700257095703,82891338.19299155,19664050.35647448,25768995.298270375,4265242335858.499,203373956630.70117,182955484554.09277,52389320621.45711,12207974686.504936,15726649477.64222,0.0,10000,3315768413
GRB131014A,EX1,BAND_BB,3.6188120777001926,swept,69.6,0.286,1.0,1.0,10000.0,28.006491465606892,1.1764629738527752,1.1999455382881372,0.07177437200749731,0.01079986001684672,0.012880226537686348,1.4675918662830723e-18,680.31125736734,9.959570233601085,11.234892719606023,79772251.65077248,18924119.30735088,24799343.60493897,4426734580215.289,211074179528.68164,189882615415.9502,54372905210.86209,12670197715.334969,16322097923.561737,0.0,10000,3315768413
GRB131014A,EX1,BAND_BB,4.039441899405393,swept,69.6,0.286,1.0,1.0,10000.0,28.006491465606892,1.1764629738527752,1.1999455382881372,0.07177437200749731,0.01079986001684672,0.012880226537686348,1.4675918662830723e-18,734.2949355022785,10.74987647656053,12.126397638696744,76400245.35028079,18124188.90279115,23751065.022431344,4576034196002.072,218193037308.63232,196286749436.74512,56206729604.4624,13097523008.180977,16872590144.10582,0.0,10000,3315768413
GRB131014A,EX1,BAND_BB,4.508963302963661,swept,69.6,0.286,1.0,1.0,10000.0,28.006491465606892,1.1764629738527752,1.1999455382881372,0.07177437200749731,0.01079986001684672,0.012880226537686348,1.4675918662830723e-18,793.1794543933083,11.611929684141614,13.09883671775367,72836438.04867616,17278758.152519472,22643159.955376267,4712421518633.315,224696215147.9287,202137016955.95605,57881954271.99401,13487890741.391441,17375472617.67199,0.0,10000,3315768413
GRB131014A,EX1,BAND_BB,5.0,swept,69.6,0.286,1.0,1.0,10000.0,28.006491465606892,1.1764629738527752,1.1999455382881372,0.07177437200749731,0.01079986001684672,0.012880226537686348,1.4675918662830723e-18,853.3924129262614,12.493430883758151,14.093214103283913,69363739.76039144,16454940.905720018,21563578.56829852,4828422363252.377,230227331292.10352,207112816468.57324,59306774941.623,13819908306.446785,17803186796.32419,0.0,10000,3315768413
GRB131014A,EX1,BAND_BB,5.033059163560601,swept,69.6,0.286,1.0,1.0,10000.0,28.006491465606892,1.1764629738527752,1.1999455382881372,0.07177437200749731,0.01079986001684672,0.012880226537686348,1.4675918662830723e-18,857.3999460100335,12.552100069045082,14.159395874905158,69139440.71721303,16401731.152130306,21493849.19590482,4835409830114.993,230560505510.7705,207412540443.20215,59392600930.62246,13839907830.943779,17828950735.02497,0.0,10000,3315768413
GRB131014A,EX1,BAND_BB,5.618072900981761,swept,69.6,0.286,1.0,1.0,10000.0,28.006491465606892,1.1764629738527752,1.1999455382881372,0.07177437200749731,0.01079986001684672,0.012880226537686348,1.4675918662830723e-18,927.4285380607046,13.577299451439217,15.315871988558001,65363910.51873828,15506074.047737278,20320124.388778977,4944728575149.424,235773007863.71777,212101714561.27637,60735346390.92029,14152799893.587189,18232026914.31697,0.0,10000,3315768413
GRB131014A,EX1,BAND_BB,6.271085257503065,swept,69.6,0.286,1.0,1.0,10000.0,28.006491465606892,1.1764629738527752,1.1999455382881372,0.07177437200749731,0.01079986001684672,0.012880226537686348,1.4675918662830723e-18,1003.7774489656587,14.69502656852319,16.57672400884553,61559513.91791667,14603569.057886839,19137425.686399743,5040302379290.436,240330128225.90527,216201306160.1621,61909264840.06932,14426351192.615929,18584423237.577194,0.0,10000,3315768413
GRB131014A,EX1,BAND_BB,7.0,swept,69.6,0.286,1.0,1.0,10000.0,28.006491465606892,1.1764629738527752,1.1999455382881372,0.07177437200749731,0.01079986001684672,0.012880226537686348,1.4675918662830723e-18,1087.0023718670957,15.91341661550041,17.951128842323214,57770271.802828185,13704659.118823089,17959438.16229462,5122227668067.748,244236464329.4082,219715451365.81152,62915540658.13401,14660837717.137573,18886495241.581184,0.0,10000,3315768413
GRB131014A,TR2,SBPL_BB,0.5,swept,69.6,0.286,1.0,1.0,10000.0,27.250334848765036,0.9596238759748381,0.9462092489242799,0.12710181489142847,0.0122462990777433,0.013673898816086744,3.1813608607757762e-18,216.41078932800218,1.9983948806978447,2.1458958130109522,340845714.4109924,45189138.570001245,53621331.14568919,2550762064456.596,71606464066.00293,66679715162.28223,73840290095.15152,9821255581.296654,11564234432.96872,0.0,10000,3315768413
GRB131014A,TR2,SBPL_BB,0.5581171131125046,swept,69.6,0.286,1.0,1.0,10000.0,27.250334848765036,0.9596238759748381,0.9462092489242799,0.12710181489142847,0.0122462990777433,0.013673898816086744,3.1813608607757762e-18,228.0142828411689,2.1055446309802903,2.260954254521778,360790468.83209956,47833403.2128399,56759009.67945558,2844790642391.204,79860603914.49414,74365944348.23633,82351925027.11508,10953360316.716629,12897253867.673462,0.0,10000,3315768413
GRB131014A,TR2,SBPL_BB,0.6229894238980724,swept,69.6,0.286,1.0,1.0,10000.0,27.250334848765036,0.9596238759748381,0.9462092489242799,0.12710181489142847,0.0122462990777433,0.013673898816086744,3.1813608607757762e-18,240.63011559800822,2.2220425915269857,2.386050894918526,380140723.9110296,50398849.457741916,59803162.47783792,3163206756942.295,88799364758.69482,82689690462.07568,91569538303.18225,12179364923.648071,14340837590.049515,0.0,10000,3315768413
GRB131014A,TR2,SBPL_BB,0.695402117531229,swept,69.6,0.286,1.0,1.0,10000.0,27.250334848765036,0.9596238759748381,0.9462092489242799,0.12710181489142847,0.0122462990777433,0.013673898816086744,3.1813608607757762e-18,254.359787974814,2.3488260438523696,2.5221921961858413,398575105.73886603,52842869.72746998,62703231.4846161,3505837860965.3877,98417902755.63379,91646442932.38672,101488134972.47879,13498605040.005035,15894203333.629395,0.0,10000,3315768413
GRB131014A,TR2,SBPL_BB,0.7762316445777043,swept,69.6,0.286,1.0,1.0,10000.0,27.250334848765036,0.9596238759748381,0.9462092489242799,0.12710181489142847,0.0122462990777433,0.013673898816086744,3.1813608607757762e-18,269.31351925310855,2.486912782164552,2.6704710756198438,415758795.97846437,55121073.9898386,65406543.58649981,3871977310900.8535,108696380599.67871,101217729322.27393,112087258887.34447,14908359860.464005,17554147431.59604,0.0,10000,3315768413
GRB131014A,TR2,SBPL_BB,0.86645632915656,swept,69.6,0.286,1.0,1.0,10000.0,27.250334848765036,0.9596238759748381,0.9462092489242799,0.12710181489142847,0.0122462990777433,0.013673898816086744,3.1813608607757762e-18,285.61084837481485,2.6374066608985913,2.832072862823395,431354867.7130953,57188792.658333,67860093.95165467,4260323768513.252,119598266373.21729,111369531224.4209,123329238485.16827,16403618813.640839,19314770086.143555,0.0,10000,3315768413
GRB131014A,TR2,SBPL_BB,0.9671682101338346,swept,69.6,0.286,1.0,1.0,10000.0,27.250334848765036,0.9596238759748381,0.9462092489242799,0.12710181489142847,0.0122462990777433,0.013673898816086744,3.1813608607757762e-18,303.3813296397327,2.8015040189722527,3.008282198134168,445037543.15676033,59002834.2920987,70012631.71259326,4668944401971.125,131069300506.13379,122051322297.00586,135158121521.27446,17976939874.394516,21167308535.45668,0.0,10000,3315768413
GRB131014A,TR2,SBPL_BB,1.0,swept,69.6,0.286,1.0,1.0,10000.0,27.250334848765036,0.9596238759748381,0.9462092489242799,0.12710181489142847,0.0122462990777433,0.013673898816086744,3.1813608607757762e-18,309.08878084648654,2.8542081438859555,3.064876398846536,448766284.5597091,59497188.78982419,70599231.65817183,4796634926077.457,134653902556.40039,125389292504.01758,138854548355.3556,18468589522.957565,21746211278.37039,0.0,10000,3315768413
GRB131014A,TR2,SBPL_BB,1.079586258668168,swept,69.6,0.286,1.0,1.0,10000.0,27.250334848765036,0.9596238759748381,0.9462092489242799,0.12710181489142847,0.0122462990777433,0.013673898816086744,3.1813608607757762e-18,322.7653443641364,2.9805011748575794,3.2004910809056923,456506613.03483856,60523397.3095482,71816928.4012819,5095269663350.318,143037349166.87012,133195931741.91309,147499523886.38977,19618429455.53279,23100113376.795654,0.0,10000,3315768413
GRB131014A,TR2,SBPL_BB,1.2050711320876148,swept,69.6,0.286,1.0,1.0,10000.0,27.250334848765036,0.9596238759748381,0.9462092489242799,0.12710181489142847,0.0122462990777433,0.013673898816086744,3.1813608607757762e-18,343.91504383750566,3.1758031340950765,3.4102082197196637,465501963.5098727,61715995.96024406,73232063.30308604,5536125074002.788,155413296559.6416,144720375209.0918,160261549739.84006,21315864791.720306,25098792669.885284,0.0,10000,3315768413
GRB131014A,TR2,SBPL_BB,1.3451416426719145,swept,69.6,0.286,1.0,1.0,10000.0,27.250334848765036,0.9596238759748381,0.9462092489242799,0.12710181489142847,0.0122462990777433,0.013673898816086744,3.1813608607757762e-18,366.99543057440815,3.388933573860868,3.6390697539121106,471816963.6944647,62553235.2340436,74225529.5600059,5987801723303.891,168093024005.9248,156527697711.0703,173336832330.2234,23054965382.364746,27146531552.78595,0.0,10000,3315768413
GRB131014A,TR2,SBPL_BB,1.5014931406709222,swept,69.6,0.286,1.0,1.0,10000.0,27.250334848765036,0.9596238759748381,0.9462092489242799,0.12710181489142847,0.0122462990777433,0.013673898816086744,3.1813608607757762e-18,392.1855756732598,3.621546084382601,3.8888513247137553,475309438.74540675,63016265.66792184,74774960.44121349,6446162624819.299,180960395636.14355,168509753889.67578,186605612828.33038,24819802497.117462,29224574422.362762,0.0,10000,3315768413
GRB131014A,TR2,SBPL_BB,1.6760180340589659,swept,69.6,0.286,1.0,1.0,10000.0,27.250334848765036,0.9596238759748381,0.9462092489242799,0.12710181489142847,0.0122462990777433,0.013673898816086744,3.1813608607757762e-18,419.6799623937563,3.8754365758908307,4.161481397955583,475909124.5946313,63095771.69012874,74869302.11002469,6906777546667.887,193891043425.37305,180550732629.45508,199939643440.35498,26593318316.201813,31312836206.48001,0.0,10000,3315768413
GRB131014A,TR2,SBPL_BB,1.8708286933869704,swept,69.6,0.286,1.0,1.0,10000.0,27.250334848765036,0.9596238759748381,0.9462092489242799,0.12710181489142847,0.0122462990777433,0.013673898816086744,3.1813608607757762e-18,449.68994193330735,4.15255672164659,4.459055699322107,473620858.3127972,62792394.596848965,74509315.52706349,7365075395424.131,206756645002.16406,192531140539.85156,213206598666.67645,28357912657.521698,33390593217.60733,0.0,10000,3315768413
GRB131014A,TR2,SBPL_BB,2.0,swept,69.6,0.286,1.0,1.0,10000.0,27.250334848765036,0.9596238759748381,0.9462092489242799,0.12710181489142847,0.0122462990777433,0.013673898816086744,3.1813608607757762e-18,469.2353583505144,4.3330443037608575,4.652865016239616,470852780.5182086,62425404.35538924,74073845.72420228,7640276432952.574,214482247275.81348,199725197190.7881,221173207833.69653,29417525297.78601,34638255380.42584,0.0,10000,3315768413
GRB131014A,TR2,SBPL_BB,2.0882830189623496,swept,69.6,0.286,1.0,1.0,10000.0,27.250334848765036,0.9596238759748381,0.9462092489242799,0.12710181489142847,0.0122462990777433,0.013673898816086744,3.1813608607757762e-18,482.4452879151092,4.455028312498314,4.783852628413911,468523242.0468124,62116555.41776961,73707366.2629385,7816501424018.273,219429336879.39355,204331911541.95312,226274626207.29883,30096048277.716187,35437195876.69104,0.0,10000,3315768413
GRB131014A,TR2,SBPL_BB,2.331012979810265,swept,69.6,0.286,1.0,1.0,10000.0,27.250334848765036,0.9596238759748381,0.9462092489242799,0.12710181489142847,0.0122462990777433,0.013673898816086744,3.1813608607757762e-18,518.1958410429386,4.7851584440625174,5.13834956688936,460763034.88720405,61087711.3929196,72486542.23531777,8256666741563.598,231785911580.3828,215838315219.19727,239016675020.97183,31790826533.15338,37432746536.740814,0.0,10000,3315768413
GRB131014A,TR2,SBPL_BB,2.6019564698389637,swept,69.6,0.286,1.0,1.0,10000.0,27.250334848765036,0.9596238759748381,0.9462092489242799,0.12710181489142847,0.0122462990777433,0.013673898816086744,3.1813608607757762e-18,557.2132433102313,5.145455530872368,5.525240074612839,450545977.7140411,59733139.53575677,70879210.28759676,8681479602110.454,243711503252.53418,226943388849.25098,251314295914.75513,33426492883.923523,39358694698.6485,0.0,10000,3315768413
GRB131014A,TR2,SBPL_BB,2.9043928667818517,swept,69.6,0.286,1.0,1.0,10000.0,27.250334848765036,0.9596238759748381,0.9462092489242799,0.12710181489142847,0.0122462990777433,0.013673898816086744,3.1813608607757762e-18,599.7927700892512,5.538646224376862,5.947452056366615,438125066.27341145,58086381.884054184,68925171.32706529,9087251127838.988,255102555589.7793,237550701124.10742,263060702053.39673,34988843962.18509,41198316321.9801,0.0,10000,3315768413
GRB131014A,TR2,SBPL_BB,3.0,swept,69.6,0.286,1.0,1.0,10000.0,27.250334848765036,0.9596238759748381,0.9462092489242799,0.12710181489142847,0.0122462990777433,0.013673898816086744,3.1813608607757762e-18,613.0593805269516,5.661153639396389,6.079001707285215,434087660.4654799,57551104.82817793,68290012.76516068,9202655936666.887,258342265953.80273,240567509272.6328,266401478004.61935,35433189649.53992,41721520066.686066,0.0,10000,3315768413
GRB131014A,TR2,SBPL_BB,3.2419827243056765,swept,69.6,0.286,1.0,1.0,10000.0,27.250334848765036,0.9596238759748381,0.9462092489242799,0.12710181489142847,0.0122462990777433,0.013673898816086744,3.1813608607757762e-18,646.2552765281043,5.967693386489714,6.408167062022017,423787423.17693853,56185504.996769965,66669595.04777056,9470771716722.027,265868966792.57422,247576349530.10156,274162980833.21692,36465521766.279724,42937060229.737854,0.0,10000,3315768413
GRB131014A,TR2,SBPL_BB,3.6188120777001926,swept,69.6,0.286,1.0,1.0,10000.0,27.250334848765036,0.9596238759748381,0.9462092489242799,0.12710181489142847,0.0122462990777433,0.013673898816086744,3.1813608607757762e-18,696.9492807519846,6.435815326424631,6.91084094323935,407840887.9030679,54071322.0637452,64160910.28984636,9829357714864.713,275935399780.7285,256950180414.01953,284543444968.17975,37846193364.27298,44562759703.90088,0.0,10000,3315768413
GRB131014A,TR2,SBPL_BB,4.039441899405393,swept,69.6,0.286,1.0,1.0,10000.0,27.250334848765036,0.9596238759748381,0.9462092489242799,0.12710181489142847,0.0122462990777433,0.013673898816086744,3.1813608607757762e-18,752.2532100064975,6.946506542180941,7.459226125876626,390601283.7155389,51785704.76071274,61448801.89042717,10160870549815.113,285241819314.74414,265616289148.8047,294140186367.19324,39122624563.36313,46065719228.94818,0.0,10000,3315768413
GRB131014A,TR2,SBPL_BB,4.508963302963661,swept,69.6,0.286,1.0,1.0,10000.0,27.250334848765036,0.9596238759748381,0.9462092489242799,0.12710181489142847,0.0122462990777433,0.013673898816086744,3.1813608607757762e-18,812.5778373650746,7.503560221748899,8.057395772002792,372381084.2837256,49370080.67601478,58582427.733538985,10463712239919.324,293743365931.8574,273532902743.14453,302906946137.4601,40288662619.45242,47438694132.8963,0.0,10000,3315768413
GRB131014A,TR2,SBPL_BB,5.0,swept,69.6,0.286,1.0,1.0,10000.0,27.250334848765036,0.9596238759748381,0.9462092489242799,0.12710181489142847,0.0122462990777433,0.013673898816086744,3.1813608607757762e-18,874.2633933323357,8.073181078642392,8.66906017507813,354626685.6801381,47016212.21059787,55789332.65689796,10721286706227.564,300974144930.4258,280266181509.4551,310363295586.24963,41280407282.774536,48606443784.59497,0.0,10000,3315768413
GRB131014A,TR2,SBPL_BB,5.033059163560601,swept,69.6,0.286,1.0,1.0,10000.0,27.250334848765036,0.9596238759748381,0.9462092489242799,0.12710181489142847,0.0122462990777433,0.013673898816086744,3.1813608607757762e-18,878.3689365966545,8.111092758865766,8.709770105153211,353479942.0564761,46864177.56758213,55608928.688228846,10736802050567.475,301409700626.6758,280671769610.2207,310812438821.89246,41340146356.17438,48676784755.14447,0.0,10000,3315768413
GRB131014A,TR2,SBPL_BB,5.618072900981761,swept,69.6,0.286,1.0,1.0,10000.0,27.250334848765036,0.9596238759748381,0.9462092489242799,0.12710181489142847,0.0122462990777433,0.013673898816086744,3.1813608607757762e-18,950.1101819946209,8.773570530807547,9.421145164584118,334177295.3768787,44305043.21824908,52572265.57106596,10979539226337.172,308223958646.43945,287017185345.0547,317839273557.0761,42274762671.64172,49777267487.46692,0.0,10000,3315768413
GRB131014A,TR2,SBPL_BB,6.271085257503065,swept,69.6,0.286,1.0,1.0,10000.0,27.250334848765036,0.9596238759748381,0.9462092489242799,0.12710181489142847,0.0122462990777433,0.013673898816086744,3.1813608607757762e-18,1028.326319042421,9.495839177161201,10.196724245100313,314727067.31503266,41726342.60989982,49512385.17454779,11191756401785.43,314181441611.89453,292564774831.58984,323982605393.7173,43091867154.98834,50739383555.36011,0.0,10000,3315768413
GRB131014A,TR2,SBPL_BB,7.0,swept,69.6,0.286,1.0,1.0,10000.0,27.250334848765036,0.9596238759748381,0.9462092489242799,0.12710181489142847,0.0122462990777433,0.013673898816086744,3.1813608607757762e-18,1113.5866311843329,10.28315561290924,11.0421522730162,295354317.55910397,39157914.03301293,46464693.5476768,11373667685304.633,319288160097.334,297320135097.7969,329248632411.2161,43792284192.49231,51564103648.98682,0.0,10000,3315768413
GRB140206B,EX0,BAND_BB,0.5,swept,69.6,0.286,1.0,1.0,10000.0,58.549606377719854,4.1030326678819335,3.963473411919672,0.05777322715888679,0.008037711979271521,0.008835960667057066,1.8239089074960847e-19,275.3926597903466,7.169511150901144,8.118765147021065,5926124.28233278,1236275.2409170242,1509163.9739942234,185863115046.28592,16644165816.499695,14067266904.161743,1629572226.468449,324116395.01145196,407293368.1943083,0.0,10000,3315768413
GRB140206B,EX0,BAND_BB,0.5581171131125046,swept,69.6,0.286,1.0,1.0,10000.0,58.549606377719854,4.1030326678819335,3.963473411919672,0.05777322715888679,0.008037711979271521,0.008835960667057066,1.8239089074960847e-19,290.15863773152836,7.553925330944423,8.554076339272228,6272894.355954909,1308616.4939663531,1597473.4453176698,207287719155.41052,18562753392.39572,15688813084.76889,1817414444.7085598,361477575.8281393,454242431.5825002,0.0,10000,3315768413
GRB140206B,EX0,BAND_BB,0.6229894238980724,swept,69.6,0.286,1.0,1.0,10000.0,58.549606377719854,4.1030326678819335,3.963473411919672,0.05777322715888679,0.008037711979271521,0.008835960667057066,1.8239089074960847e-19,306.21286381316025,7.971877476070574,9.027365973328472,6609328.148853676,1378801.4493525438,1683150.6494544,230489338685.53662,20640473883.492554,17444854752.626556,2020836811.6798973,401937595.4434302,505085579.0441928,0.0,10000,3315768413
GRB140206B,EX0,BAND_BB,0.695402117531229,swept,69.6,0.286,1.0,1.0,10000.0,58.549606377719854,4.1030326678819335,3.963473411919672,0.05777322715888679,0.008037711979271521,0.008835960667057066,1.8239089074960847e-19,323.6845019215905,8.426730210120354,9.542441889455233,6929838.083879612,1445664.4576633517,1764772.6378238313,255455400864.70212,22876201389.68216,19334440322.806824,2239729094.4296017,445474528.8964596,559795259.0846276,0.0,10000,3315768413
GRB140206B,EX0,BAND_BB,0.7762316445777043,swept,69.6,0.286,1.0,1.0,10000.0,58.549606377719854,4.1030326678819335,3.963473411919672,0.05777322715888679,0.008037711979271521,0.008835960667057066,1.8239089074960847e-19,342.7138111501521,8.92213500708192,10.103439022255827,7228602.831926813,1507991.105447419,1840856.9338951241,282134415600.96564,25265324938.91693,21353672707.573547,2473639848.765827,491998585.46691823,618258638.2727594,0.0,10000,3315768413
GRB140206B,EX0,BAND_BB,0.86645632915656,swept,69.6,0.286,1.0,1.0,10000.0,58.549606377719854,4.1030326678819335,3.963473411919672,0.05777322715888679,0.008037711979271521,0.008835960667057066,1.8239089074960847e-19,363.4529102876858,9.462052093613465,10.714841938319807,7499764.403006902,1564559.3312630458,1909911.7249709312,310431559946.4958,27799353073.026,23495375121.39044,2721737705.6341,541344408.66647,680267925.2036347,0.0,10000,3315768413
GRB140206B,EX0,BAND_BB,0.9671682101338346,swept,69.6,0.286,1.0,1.0,10000.0,58.549606377719854,4.1030326678819335,3.963473411919672,0.05777322715888679,0.008037711979271521,0.008835960667057066,1.8239089074960847e-19,386.0666631255025,10.050773496928628,11.381510935680751,7737658.651828846,1614187.5124761732,1970494.5634059627,340205996717.74603,30465673728.36499,25748888137.558167,2982787861.869173,593266400.3289399,745514494.6245284,0.0,10000,3315768413
GRB140206B,EX0,BAND_BB,1.0,swept,69.6,0.286,1.0,1.0,10000.0,58.549606377719854,4.1030326678819335,3.963473411919672,0.05777322715888679,0.008037711979271521,0.008835960667057066,1.8239089074960847e-19,393.3296566820265,10.239856653073957,11.595628984413963,7802488.526567742,1627711.9620477743,1987004.32707835,349510258727.5199,31298876591.94702,26453092072.83136,3064363848.342537,609491587.6669397,765903500.8648438,0.0,10000,3315768413
GRB140206B,EX0,BAND_BB,1.079586258668168,swept,69.6,0.286,1.0,1.0,10000.0,58.549606377719854,4.1030326678819335,3.963473411919672,0.05777322715888679,0.008037711979271521,0.008835960667057066,1.8239089074960847e-19,410.73371133019214,10.692949934375974,12.108712493618441,7937065.980794983,1655786.7655315269,2021276.2113581114,371270493954.47266,33247520158.11798,28100040886.525024,3255148743.7664185,647438057.0059724,813588053.5318909,0.0,10000,3315768413
GRB140206B,EX0,BAND_BB,1.2050711320876148,swept,69.6,0.286,1.0,1.0,10000.0,58.549606377719854,4.1030326678819335,3.963473411919672,0.05777322715888679,0.008037711979271521,0.008835960667057066,1.8239089074960847e-19,437.6476743993338,11.393622052819751,12.902154648178055,8093463.912833862,1688413.6362987682,2061104.9617175907,403393740983.52606,36124178337.35266,30531326349.880615,3536792313.3875036,703456008.8224268,883981716.5055408,0.0,10000,3315768413
GRB140206B,EX0,BAND_BB,1.3451416426719145,swept,69.6,0.286,1.0,1.0,10000.0,58.549606377719854,4.1030326678819335,3.963473411919672,0.05777322715888679,0.008037711979271521,0.008835960667057066,1.8239089074960847e-19,467.01852560413084,12.15825624962281,13.768027555906883,8203259.853796527,1711318.6576750493,2089065.9140529372,436305485360.85046,39071446979.600586,33022290155.808838,3825349107.179328,760848977.5051074,956103262.6081781,0.0,10000,3315768413
GRB140206B,EX0,BAND_BB,1.5014931406709222,swept,69.6,0.286,1.0,1.0,10000.0,58.549606377719854,4.1030326678819335,3.963473411919672,0.05777322715888679,0.008037711979271521,0.008835960667057066,1.8239089074960847e-19,499.07414113429377,12.992785002740163,14.713049163711275,8263981.876488216,1723986.1498935195,2104529.560225118,469704282590.1901,42062331529.33142,35550117125.59833,4118176182.3568277,819091290.6880975,1029292117.8244972,0.0,10000,3315768413
GRB140206B,EX0,BAND_BB,1.6760180340589659,swept,69.6,0.286,1.0,1.0,10000.0,58.549606377719854,4.1030326678819335,3.963473411919672,0.05777322715888679,0.008037711979271521,0.008835960667057066,1.8239089074960847e-19,534.0620098619745,13.903651382331873,15.744515613874,8274408.332572613,1726161.2594412686,2107184.791730456,503267320634.5944,45067923953.50574,38090374853.268555,4412443254.225525,877620014.3343983,1102840884.1223974,0.0,10000,3315768413
GRB140206B,EX0,BAND_BB,1.8708286933869704,swept,69.6,0.286,1.0,1.0,10000.0,58.549606377719854,4.1030326678819335,3.963473411919672,0.05777322715888679,0.008037711979271521,0.008835960667057066,1.8239089074960847e-19,572.2510858840795,14.89785727943729,16.87035585827732,8234623.321924454,1717861.5307685891,2097053.0256866403,536661523479.223,48058397073.023926,40617854091.68616,4705230047.705816,935854315.6242847,1176019671.3786287,0.0,10000,3315768413
GRB140206B,EX0,BAND_BB,2.0,swept,69.6,0.286,1.0,1.0,10000.0,58.549606377719854,4.1030326678819335,3.963473411919672,0.05777322715888679,0.008037711979271521,0.008835960667057066,1.8239089074960847e-19,597.1235251490477,15.545380821989397,17.60361248603033,8186496.053954415,1707821.4865559302,2084796.7962309588,556714245295.8708,49854131675.36987,42135567758.96985,4881044159.770867,970823146.8728123,1219962444.0375938,0.0,10000,3315768413
GRB140206B,EX0,BAND_BB,2.0882830189623496,swept,69.6,0.286,1.0,1.0,10000.0,58.549606377719854,4.1030326678819335,3.963473411919672,0.05777322715888679,0.008037711979271521,0.008835960667057066,1.8239089074960847e-19,613.9337666796725,15.98301490488359,18.0991899758435,8145993.46313902,1699372.0602812665,2074482.2891433742,569555006198.222,51004030371.598816,43107435742.67871,4993626730.702072,993215438.8121657,1248101199.5770884,0.0,10000,3315768413
GRB140206B,EX0,BAND_BB,2.331012979810265,swept,69.6,0.286,1.0,1.0,10000.0,58.549606377719854,4.1030326678819335,3.963473411919672,0.05777322715888679,0.008037711979271521,0.008835960667057066,1.8239089074960847e-19,659.4279860086674,17.1674012753449,19.440390872629678,8011070.387565197,1671225.1551855411,2040122.3879304435,601627969095.9749,53876185573.36487,45534915392.8374,5274829429.503904,1049145702.9162998,1318384671.81602,0.0,10000,3315768413
GRB140206B,EX0,BAND_BB,2.6019564698389637,swept,69.6,0.286,1.0,1.0,10000.0,58.549606377719854,4.1030326678819335,3.963473411919672,0.05777322715888679,0.008037711979271521,0.008835960667057066,1.8239089074960847e-19,709.0794207724576,18.460015666259437,20.904149341597986,7833431.215212703,1634167.0544550018,1994884.2817901839,632582264156.7267,56648163324.81763,47877727361.427,5546224103.527039,1103125184.1205902,1386216737.8622293,0.0,10000,3315768413
GRB140206B,EX0,BAND_BB,2.9043928667818517,swept,69.6,0.286,1.0,1.0,10000.0,58.549606377719854,4.1030326678819335,3.963473411919672,0.05777322715888679,0.008037711979271521,0.008835960667057066,1.8239089074960847e-19,763.2638224314525,19.87064030743477,22.50154279440892,7617474.6642429475,1589115.3943212992,1939888.1610299032,662149098641.1719,59295893057.02161,50115527756.09009,5805454087.316144,1154685149.6501255,1451008375.5199451,0.0,10000,3315768413
GRB140206B,EX0,BAND_BB,3.0,swept,69.6,0.286,1.0,1.0,10000.0,58.549606377719854,4.1030326678819335,3.963473411919672,0.05777322715888679,0.008037711979271521,0.008835960667057066,1.8239089074960847e-19,780.1461929740008,20.310152180955924,22.999246697135504,7547278.186527625,1574471.3937461246,1922011.7226998676,670558153158.2358,60048929493.04138,50751976866.89795,5879181258.457411,1169349234.2095966,1469435658.075344,0.0,10000,3315768413
GRB140206B,EX0,BAND_BB,3.2419827243056765,swept,69.6,0.286,1.0,1.0,10000.0,58.549606377719854,4.1030326678819335,3.963473411919672,0.05777322715888679,0.008037711979271521,0.008835960667057066,1.8239089074960847e-19,822.389493884591,21.40990486557689,24.244608281533374,7368192.800593119,1537111.5919443052,1876405.319620043,690094602585.8423,61798431558.89136,52230615855.53931,6050468904.115908,1203417766.6250925,1512247091.037426,0.0,10000,3315768413
GRB140206B,EX0,BAND_BB,3.6188120777001926,swept,69.6,0.286,1.0,1.0,10000.0,58.549606377719854,4.1030326678819335,3.963473411919672,0.05777322715888679,0.008037711979271521,0.008835960667057066,1.8239089074960847e-19,886.8999404385193,23.089355459031935,26.146420644649652,7090937.884629553,1479272.2062516771,1805798.7796876244,716223229616.7526,64138267522.3186,54208191504.11035,6279554082.822403,1248982032.551382,1569504371.5207634,0.0,10000,3315768413
GRB140206B,EX0,BAND_BB,4.039441899405393,swept,69.6,0.286,1.0,1.0,10000.0,58.549606377719854,4.1030326678819335,3.963473411919672,0.05777322715888679,0.008037711979271521,0.008835960667057066,1.8239089074960847e-19,957.2767281280355,24.921529070662245,28.22117678189727,6791200.987042125,1416742.7540123211,1729466.9131987095,740379151111.8582,66301446390.35144,56036460630.57483,6491343381.432692,1291106206.523304,1622438740.0485306,0.0,10000,3315768413
GRB140206B,EX0,BAND_BB,4.508963302963661,swept,69.6,0.286,1.0,1.0,10000.0,58.549606377719854,4.1030326678819335,3.963473411919672,0.05777322715888679,0.008037711979271521,0.008835960667057066,1.8239089074960847e-19,1034.0425845380905,26.92003427395764,30.48428706224263,6474414.940697363,1350656.602742834,1648793.2611065898,762445928986.9799,68277541054.9541,57706610482.56067,6684815918.164854,1329587238.6130867,1670795038.6272764,0.0,10000,3315768413
GRB140206B,EX0,BAND_BB,5.0,swept,69.6,0.286,1.0,1.0,10000.0,58.549606377719854,4.1030326678819335,3.963473411919672,0.05777322715888679,0.008037711979271521,0.008835960667057066,1.8239089074960847e-19,1112.5402850511775,28.963625920797995,32.798453298670665,6165727.55448582,1286259.9491163772,1570182.0372607196,781214277995.8997,69958259216.4281,59127114894.06372,6849369171.638443,1362316323.238473,1711923285.5168524,0.0,10000,3315768413
GRB140206B,EX0,BAND_BB,5.033059163560601,swept,69.6,0.286,1.0,1.0,10000.0,58.549606377719854,4.1030326678819335,3.963473411919672,0.05777322715888679,0.008037711979271521,0.008835960667057066,1.8239089074960847e-19,1117.7647772447322,29.09963918661265,32.952474924243916,6145789.661924848,1282100.6163459383,1565104.5957936076,782344814736.3563,70059499534.95557,59212680887.450806,6859281258.13711,1364287803.6618662,1714400700.7736301,0.0,10000,3315768413
GRB140206B,EX0,BAND_BB,5.618072900981761,swept,69.6,0.286,1.0,1.0,10000.0,58.549606377719854,4.1030326678819335,3.963473411919672,0.05777322715888679,0.008037711979271521,0.008835960667057066,1.8239089074960847e-19,1209.0588039804938,31.476367539470857,35.64388566466732,5810183.613895386,1212088.3405120103,1479638.1875627507,800032033883.4331,71643401796.80774,60551358722.86951,7014355604.536392,1395131565.7837944,1753159800.7629395,0.0,10000,3315768413
GRB140206B,EX0,BAND_BB,6.271085257503065,swept,69.6,0.286,1.0,1.0,10000.0,58.549606377719854,4.1030326678819335,3.963473411919672,0.05777322715888679,0.008037711979271521,0.008835960667057066,1.8239089074960847e-19,1308.592427451885,34.067603718063765,38.57820538768215,5472011.637717242,1141540.77495261,1393518.3326376723,815495391224.6598,73028155751.90564,61721720980.59497,7149932034.776165,1422097258.4386492,1787045614.489523,0.0,10000,3315768413
GRB140206B,EX0,BAND_BB,7.0,swept,69.6,0.286,1.0,1.0,10000.0,58.549606377719854,4.1030326678819335,3.963473411919672,0.05777322715888679,0.008037711979271521,0.008835960667057066,1.8239089074960847e-19,1417.090086964271,36.89220761387173,41.77679106259848,5135186.740439136,1071274.2295359443,1307741.5287269168,828750487922.2617,74215158494.72363,62724948452.80859,7266147333.503872,1445212087.6293983,1816092329.7474842,0.0,10000,3315768413
GRB140206B,TR1,BAND_BB,0.5,swept,69.6,0.286,1.0,1.0,10000.0,55.72256328378803,3.73393794997515,3.8182819515888653,0.06342043623011182,0.008591910237738608,0.009559756177143552,2.4561778524123174e-19,276.5367562987003,7.030060803315735,8.082600240421186,9237847.157977482,1872519.1717762481,2189542.0301635824,251376443552.97665,21160344112.871338,19389445216.219604,2555243342.984658,503018798.9816539,584940047.0113897,0.0,10000,3315768413
GRB140206B,TR1,BAND_BB,0.5581171131125046,swept,69.6,0.286,1.0,1.0,10000.0,55.72256328378803,3.73393794997515,3.8182819515888653,0.06342043623011182,0.008591910237738608,0.009559756177143552,2.4561778524123174e-19,291.3640782997339,7.406997947631567,8.51597234608414,9778404.322570195,1982090.5509981671,2317664.157683274,280352826436.3746,23599515517.688293,21624483553.70587,2849788481.8213167,561002216.643331,652366598.7060113,0.0,10000,3315768413
GRB140206B,TR1,BAND_BB,0.6229894238980724,swept,69.6,0.286,1.0,1.0,10000.0,55.72256328378803,3.73393794997515,3.8182819515888653,0.06342043623011182,0.008591910237738608,0.009559756177143552,2.4561778524123174e-19,307.485000363816,7.816820727911818,8.987153719204116,10302848.935863737,2088395.9028981384,2441967.31010201,311732589982.7886,26240998488.158997,24044902100.413757,3168764002.252326,623794937.9832644,725385693.5130281,0.0,10000,3315768413
GRB140206B,TR1,BAND_BB,0.695402117531229,swept,69.6,0.286,1.0,1.0,10000.0,55.72256328378803,3.73393794997515,3.8182819515888653,0.06342043623011182,0.008591910237738608,0.009559756177143552,2.4561778524123174e-19,325.0292229782033,8.26282636338982,9.499935238084333,10802470.889660724,2189669.681423174,2560387.029363798,345498729749.45605,29083361625.798767,26649389250.90149,3511997053.995631,691362936.1282315,803957762.9692707,0.0,10000,3315768413
GRB140206B,TR1,BAND_BB,0.7762316445777043,swept,69.6,0.286,1.0,1.0,10000.0,55.72256328378803,3.73393794997515,3.8182819515888653,0.06342043623011182,0.008591910237738608,0.009559756177143552,2.4561778524123174e-19,344.137587931276,8.748595305175513,10.058433418329628,11268195.695142742,2284072.4802704956,2670772.492410999,381581606334.3517,32120742831.161255,29432573501.970764,3878779752.0325704,763566858.6079922,887920759.7702298,0.0,10000,3315768413
GRB140206B,TR1,BAND_BB,0.86645632915656,swept,69.6,0.286,1.0,1.0,10000.0,55.72256328378803,3.73393794997515,3.8182819515888653,0.06342043623011182,0.008591910237738608,0.009559756177143552,2.4561778524123174e-19,364.9628459770673,9.278010751665079,10.66711285010075,11690891.71524188,2369753.3091404177,2770959.3309852537,419852973445.105,35342346599.14868,32384562819.089844,4267808471.88581,840150077.1758852,976976261.3937798,0.0,10000,3315768413
GRB140206B,TR1,BAND_BB,0.9671682101338346,swept,69.6,0.286,1.0,1.0,10000.0,55.72256328378803,3.73393794997515,3.8182819515888653,0.06342043623011182,0.008591910237738608,0.009559756177143552,2.4561778524123174e-19,387.67054582016067,9.855281248133736,11.330812181313604,12061729.484697819,2444922.42820571,2858854.7971810456,460122351382.1205,38732138746.394714,35490664911.891785,4677146986.0493555,920731430.9388394,1070681031.3820333,0.0,10000,3315768413
GRB140206B,TR1,BAND_BB,1.0,swept,69.6,0.286,1.0,1.0,10000.0,55.72256328378803,3.73393794997515,3.8182819515888653,0.06342043623011182,0.008591910237738608,0.009559756177143552,2.4561778524123174e-19,394.96371289537814,10.040686648391443,11.543976444699695,12162788.531990193,2465407.179717645,2882807.675789118,472706194568.6481,39791420389.19995,36461295789.73401,4805061841.861059,945912428.7952547,1099962986.8472052,0.0,10000,3315768413
GRB140206B,TR1,BAND_BB,1.079586258668168,swept,69.6,0.286,1.0,1.0,10000.0,55.72256328378803,3.73393794997515,3.8182819515888653,0.06342043623011182,0.008591910237738608,0.009559756177143552,2.4561778524123174e-19,412.440071279487,10.484967053301204,12.054774431801604,12372572.514544737,2507930.5645006187,2932530.3913962487,502136512363.89966,42268803087.02399,38731347535.719055,5104221232.316795,1004804196.4635959,1168445821.7198648,0.0,10000,3315768413
GRB140206B,TR1,BAND_BB,1.2050711320876148,swept,69.6,0.286,1.0,1.0,10000.0,55.72256328378803,3.73393794997515,3.8182819515888653,0.06342043623011182,0.008591910237738608,0.009559756177143552,2.4561778524123174e-19,439.4658462291515,11.172010771090527,12.844682211257123,12616371.011364345,2557348.7191353478,2990315.1811366007,545582612960.7083,45926005114.377625,42082480105.95404,5545851154.991873,1091742355.9575949,1269542661.8468227,0.0,10000,3315768413
GRB140206B,TR1,BAND_BB,1.3451416426719145,swept,69.6,0.286,1.0,1.0,10000.0,55.72256328378803,3.73393794997515,3.8182819515888653,0.06342043623011182,0.008591910237738608,0.009559756177143552,2.4561778524123174e-19,468.95871625731286,11.921772474877628,13.706698102276107,12787524.715346426,2592041.7148676068,3030881.800401712,590095141714.1202,49672976837.11896,45515869589.47485,5998321327.490747,1180814499.8574219,1373121025.4102697,0.0,10000,3315768413
GRB140206B,TR1,BAND_BB,1.5014931406709222,swept,69.6,0.286,1.0,1.0,10000.0,55.72256328378803,3.73393794997515,3.8182819515888653,0.06342043623011182,0.008591910237738608,0.009559756177143552,2.4561778524123174e-19,501.147504246862,12.740069253144384,14.647510126780162,12882180.301025143,2611228.4794749916,3053316.939205054,635266400488.9858,53475399077.55554,49000068963.86206,6457487495.359566,1271204800.6201649,1478232219.831973,0.0,10000,3315768413
GRB140206B,TR1,BAND_BB,1.6760180340589659,swept,69.6,0.286,1.0,1.0,10000.0,55.72256328378803,3.73393794997515,3.8182819515888653,0.06342043623011182,0.008591910237738608,0.009559756177143552,2.4561778524123174e-19,536.2807272424325,13.633218855320592,15.674381926506157,12898433.420790818,2614523.000140028,3057169.2316536773,680659791944.4907,57296519983.20764,52501402121.27637,6918911643.512617,1362039601.7213278,1583860305.5694256,0.0,10000,3315768413
GRB140206B,TR1,BAND_BB,1.8708286933869704,swept,69.6,0.286,1.0,1.0,10000.0,55.72256328378803,3.73393794997515,3.8182819515888653,0.06342043623011182,0.008591910237738608,0.009559756177143552,2.4561778524123174e-19,574.6284566889515,14.608086982387931,16.795207133948793,12836415.172432125,2601951.8504916653,3042469.7503680177,725824836898.5632,61098419157.1853,55985122204.38159,7378014647.848719,1452417468.2693586,1688957040.7499409,0.0,10000,3315768413
GRB140206B,TR1,BAND_BB,2.0,swept,69.6,0.286,1.0,1.0,10000.0,55.72256328378803,3.73393794997515,3.8182819515888653,0.06342043623011182,0.008591910237738608,0.009559756177143552,2.4561778524123174e-19,599.6042264890868,15.243015888962873,17.525197482042927,12761392.725305308,2586744.739120785,3024688.031491231,752945774221.5537,63381403029.12915,58077044267.579346,7653699169.320085,1506688032.0765543,1752066066.1163511,0.0,10000,3315768413
GRB140206B,TR1,BAND_BB,2.0882830189623496,swept,69.6,0.286,1.0,1.0,10000.0,55.72256328378803,3.73393794997515,3.8182819515888653,0.06342043623011182,0.008591910237738608,0.009559756177143552,2.4561778524123174e-19,616.4843048071352,15.672137784109509,18.018567430030657,12698255.888204172,2573946.8506197724,3009723.4238158204,770312667095.0715,64843311806.980225,59416606611.558716,7830233759.340375,1541440188.928668,1792477932.0425882,0.0,10000,3315768413
GRB140206B,TR1,BAND_BB,2.331012979810265,swept,69.6,0.286,1.0,1.0,10000.0,55.72256328378803,3.73393794997515,3.8182819515888653,0.06342043623011182,0.008591910237738608,0.009559756177143552,2.4561778524123174e-19,662.1675261869625,16.83348728531155,19.353793969351727,12487933.139160411,2531314.2574289422,2959873.010504622,813690759329.4336,68494789032.39282,62762493485.74011,8271172376.525757,1628242259.7569408,1893416520.2101974,0.0,10000,3315768413
GRB140206B,TR1,BAND_BB,2.6019564698389637,swept,69.6,0.286,1.0,1.0,10000.0,55.72256328378803,3.73393794997515,3.8182819515888653,0.06342043623011182,0.008591910237738608,0.009559756177143552,2.4561778524123174e-19,712.0252338165265,18.100959721312734,20.811032150153665,12211023.063488495,2475184.3586888555,2894240.15916048,855555873895.729,72018906956.99426,65991679696.988525,8696731564.915945,1712016774.7859478,1990834487.209898,0.0,10000,3315768413
GRB140206B,TR1,BAND_BB,2.9043928667818517,swept,69.6,0.286,1.0,1.0,10000.0,55.72256328378803,3.73393794997515,3.8182819515888653,0.06342043623011182,0.008591910237738608,0.009559756177143552,2.4561778524123174e-19,766.4347401852565,19.484147052972276,22.401310039947248,11874382.534944385,2406947.048316017,2814450.076720409,895544473559.3494,75385063775.48596,69076124490.19238,9103215965.926296,1792036274.9882956,2083885900.6062698,0.0,10000,3315768413
GRB140206B,TR1,BAND_BB,3.0,swept,69.6,0.286,1.0,1.0,10000.0,55.72256328378803,3.73393794997515,3.8182819515888653,0.06342043623011182,0.008591910237738608,0.009559756177143552,2.4561778524123174e-19,783.3872471693685,19.915110214839274,22.896796928777007,11764957.841625726,2384766.57351481,2788514.3840139024,906917565082.1951,76342426871.44312,69953366334.7522,9218823522.4346,1814794488.7559452,2110350499.2616177,0.0,10000,3315768413
GRB140206B,TR1,BAND_BB,3.2419827243056765,swept,69.6,0.286,1.0,1.0,10000.0,55.72256328378803,3.73393794997515,3.8182819515888653,0.06342043623011182,0.008591910237738608,0.009559756177143552,2.4561778524123174e-19,825.8060444534276,20.993472195003505,24.136611070359663,11485793.358284999,2328179.7044970524,2722347.1960153896,933340253497.491,78566633608.36853,71991430292.7445,9487410338.775301,1867667816.1237392,2171834735.355335,0.0,10000,3315768413
GRB140206B,TR1,BAND_BB,3.6188120777001926,swept,69.6,0.286,1.0,1.0,10000.0,55.72256328378803,3.73393794997515,3.8182819515888653,0.06342043623011182,0.008591910237738608,0.009559756177143552,2.4561778524123174e-19,890.5844944345745,22.640256688346312,26.029951841400475,11053598.821780764,2240573.518585842,2619909.0319388285,968678740837.0403,81541353681.43542,74717197491.17273,9846626314.820015,1938382172.6804705,2254065576.6925087,0.0,10000,3315768413
GRB140206B,TR1,BAND_BB,4.039441899405393,swept,69.6,0.286,1.0,1.0,10000.0,55.72256328378803,3.73393794997515,3.8182819515888653,0.06342043623011182,0.008591910237738608,0.009559756177143552,2.4561778524123174e-19,961.2536567905979,24.43679366567892,28.095466011358553,10586358.596027512,2145863.542810537,2509164.386030024,1001349180233.6488,84291483049.88293,77237169871.70667,10178721564.480804,2003757611.0278654,2330088007.7780514,0.0,10000,3315768413
GRB140206B,TR1,BAND_BB,4.508963302963661,swept,69.6,0.286,1.0,1.0,10000.0,55.72256328378803,3.73393794997515,3.8182819515888653,0.06342043623011182,0.008591910237738608,0.009559756177143552,2.4561778524123174e-19,1038.3384307358783,26.39642700736681,30.348495303963546,10092541.568491105,2045766.4275846202,2392120.5425336864,1031194091320.7152,86803765345.28943,79539200484.94373,10482095298.707113,2063479003.8463078,2399535579.903639,0.0,10000,3315768413
GRB140206B,TR1,BAND_BB,5.0,swept,69.6,0.286,1.0,1.0,10000.0,55.72256328378803,3.73393794997515,3.8182819515888653,0.06342043623011182,0.008591910237738608,0.009559756177143552,2.4561778524123174e-19,1117.1622435903007,28.400269840169813,32.65235312472964,9611349.012013823,1948228.3029641416,2278068.934080843,1056577938051.4038,88940524558.43567,81497135359.84766,10740122281.908768,2114273548.9338818,2458602484.8614616,0.0,10000,3315768413
GRB140206B,TR1,BAND_BB,5.033059163560601,swept,69.6,0.286,1.0,1.0,10000.0,55.72256328378803,3.73393794997515,3.8182819515888653,0.06342043623011182,0.008591910237738608,0.009559756177143552,2.4561778524123174e-19,1122.4084405136805,28.533637584303506,32.80568866349017,9580269.136642408,1941928.3868154828,2270702.424086226,1058106968193.0282,89069235122.95154,81615074199.88367,10755664884.212254,2117333226.660942,2462160459.3091946,0.0,10000,3315768413
GRB140206B,TR1,BAND_BB,5.618072900981761,swept,69.6,0.286,1.0,1.0,10000.0,55.72256328378803,3.73393794997515,3.8182819515888653,0.06342043623011182,0.008591910237738608,0.009559756177143552,2.4561778524123174e-19,1214.0817408920348,30.864137458267123,35.485110558776796,9057114.840632835,1835884.5832839338,2146705.100923719,1082028606676.42,91082908699.11401,83460224414.8363,10998828510.143215,2165201808.4958687,2517824880.928383,0.0,10000,3315768413
GRB140206B,TR1,BAND_BB,6.271085257503065,swept,69.6,0.286,1.0,1.0,10000.0,55.72256328378803,3.73393794997515,3.8182819515888653,0.06342043623011182,0.008591910237738608,0.009559756177143552,2.4561778524123174e-19,1314.0288687435502,33.404972880354535,38.406359402563794,8529960.68722464,1729030.0053874059,2021759.7369743064,1102942512982.4578,92843397661.10681,85073378912.7146,11211418517.022861,2207051744.3267136,2566490464.564375,0.0,10000,3315768413
GRB140206B,TR1,BAND_BB,7.0,swept,69.6,0.286,1.0,1.0,10000.0,55.72256328378803,3.73393794997515,3.8182819515888653,0.06342043623011182,0.008591910237738608,0.009559756177143552,2.4561778524123174e-19,1422.9772729980334,36.17463690832892,41.59069702989018,8004906.406919911,1622601.0734858057,1897312.0821057456,1120869787396.0186,94352478186.8518,86456165223.97314,11393649389.397572,2242925257.043604,2608206309.4941483,0.0,10000,3315768413
GRB231129C,T90,SBPL_BB,0.5,swept,69.6,0.286,1.0,1.0,10000.0,29.891410610198488,0.6653369420769266,0.6582455754137229,0.22748431926313373,0.014408060424332486,0.01560818000966721,1.7821963112667327e-18,177.74013984414978,1.0888629461946948,1.098049976302093,458339222.4299506,41780715.1043635,44591831.996668756,1173503565772.3997,20904042548.50708,19920568692.130127,81434070347.36493,7323984926.942642,7951515115.83139,0.0,10000,3315768413
GRB231129C,T90,SBPL_BB,0.5581171131125046,swept,69.6,0.286,1.0,1.0,10000.0,29.891410610198488,0.6653369420769266,0.6582455754137229,0.22748431926313373,0.014408060424332486,0.01560818000966721,1.7821963112667327e-18,187.27019408088682,1.1472454980634268,1.156925117494069,485159167.19212466,44225534.17370337,47201144.95193857,1308774349924.8042,23313669847.449707,22216830098.010742,90821046982.03723,8168227086.135284,8868093229.686752,0.0,10000,3315768413
GRB231129C,T90,SBPL_BB,0.6229894238980724,swept,69.6,0.286,1.0,1.0,10000.0,29.891410610198488,0.6653369420769266,0.6582455754137229,0.22748431926313373,0.014408060424332486,0.01560818000966721,1.7821963112667327e-18,197.6316917003628,1.2107215976930377,1.220936782082049,511179681.729103,46597479.779786885,49732681.32482046,1455264863889.9722,25923158242.881104,24703549722.307373,100986605202.22827,9082493005.314484,9860694845.987137,0.0,10000,3315768413
GRB231129C,T90,SBPL_BB,0.695402117531229,swept,69.6,0.286,1.0,1.0,10000.0,29.891410610198488,0.6653369420769266,0.6582455754137229,0.22748431926313373,0.014408060424332486,0.01560818000966721,1.7821963112667327e-18,208.90799588023054,1.2798019405027503,1.2905999743600205,535968610.7832595,48857158.05271125,52144396.72177017,1612895725630.6143,28731093673.921387,27379380031.55542,111925236373.28415,10066287251.094666,10928782081.859573,0.0,10000,3315768413
GRB231129C,T90,SBPL_BB,0.7762316445777043,swept,69.6,0.286,1.0,1.0,10000.0,29.891410610198488,0.6653369420769266,0.6582455754137229,0.22748431926313373,0.014408060424332486,0.01560818000966721,1.7821963112667327e-18,221.18963071391482,1.3550410907634216,1.3664739376072248,559075720.2169365,50963527.11057937,54392487.85464871,1781341836718.89,31731685044.94287,30238802384.181885,123614380624.90302,11117580842.862015,12070152110.539276,0.0,10000,3315768413
GRB231129C,T90,SBPL_BB,0.86645632915656,swept,69.6,0.286,1.0,1.0,10000.0,29.891410610198488,0.6653369420769266,0.6582455754137229,0.22748431926313373,0.014408060424332486,0.01560818000966721,1.7821963112667327e-18,234.57477461627298,1.4370405042754442,1.4491652022684605,580047940.4608238,52875286.602752686,56432875.57611513,1960004503501.3032,34914267609.8208,33271653779.069336,136012492228.1094,12232637257.420502,13280748257.829315,0.0,10000,3315768413
GRB231129C,T90,SBPL_BB,0.9671682101338346,swept,69.6,0.286,1.0,1.0,10000.0,29.891410610198488,0.6653369420769266,0.6582455754137229,0.22748431926313373,0.014408060424332486,0.01560818000966721,1.7821963112667327e-18,249.1698317062276,1.5264520287446999,1.5393311158645986,598447194.3122272,54552502.8340472,58222939.34647286,2147994507387.9045,38263001396.88306,36462839468.72827,149057864775.42386,13405906768.514954,14554545288.471985,0.0,10000,3315768413
GRB231129C,T90,SBPL_BB,1.0,swept,69.6,0.286,1.0,1.0,10000.0,29.891410610198488,0.6653369420769266,0.6582455754137229,0.22748431926313373,0.014408060424332486,0.01560818000966721,1.7821963112667327e-18,253.857413036124,1.555168860079874,1.5682902388444688,603461276.5289371,55009570.286174655,58710759.504301906,2206739808426.42,39309452646.1604,37460058257.668945,153134434388.74146,13772543659.858032,14952596187.349579,0.0,10000,3315768413
GRB231129C,T90,SBPL_BB,1.079586258668168,swept,69.6,0.286,1.0,1.0,10000.0,29.891410610198488,0.6653369420769266,0.6582455754137229,0.22748431926313373,0.014408060424332486,0.01560818000966721,1.7821963112667327e-18,265.09009842931914,1.6239819876133765,1.6376839612789809,613869786.845031,55958376.28595805,59723403.67839253,2344129702190.5273,41756828409.427734,39792292173.40576,162668464450.62643,14630011451.513367,15883533126.010498,0.0,10000,3315768413
GRB231129C,T90,SBPL_BB,1.2050711320876148,swept,69.6,0.286,1.0,1.0,10000.0,29.891410610198488,0.6653369420769266,0.6582455754137229,0.22748431926313373,0.014408060424332486,0.01560818000966721,1.7821963112667327e-18,282.46053801660264,1.7303959245119245,1.7449957412397907,625965939.9368684,57061022.32072127,60900238.65144467,2546949637299.1904,45369733113.645996,43235220313.81299,176742944789.01022,15895836448.51001,17257815937.624237,0.0,10000,3315768413
GRB231129C,T90,SBPL_BB,1.3451416426719145,swept,69.6,0.286,1.0,1.0,10000.0,29.891410610198488,0.6653369420769266,0.6582455754137229,0.22748431926313373,0.014408060424332486,0.01560818000966721,1.7821963112667327e-18,301.41666852660444,1.8465240435381816,1.8621036645009212,634457794.614439,57835112.21665084,61726411.36063349,2754747991334.965,49071320190.98486,46762658581.933105,191162897377.29056,17192732390.875336,18665831900.552155,0.0,10000,3315768413
GRB231129C,T90,SBPL_BB,1.5014931406709222,swept,69.6,0.286,1.0,1.0,10000.0,29.891410610198488,0.6653369420769266,0.6582455754137229,0.22748431926313373,0.014408060424332486,0.01560818000966721,1.7821963112667327e-18,322.1055626730895,1.9732673343536362,1.9899163226162386,639154166.7016487,58263218.24510622,62183321.4936924,2965621502366.882,52827686149.75635,50342298545.870605,205796247315.57227,18508820778.960175,20094684747.194397,0.0,10000,3315768413
GRB231129C,T90,SBPL_BB,1.6760180340589659,swept,69.6,0.286,1.0,1.0,10000.0,29.891410610198488,0.6653369420769266,0.6582455754137229,0.22748431926313373,0.014408060424332486,0.01560818000966721,1.7821963112667327e-18,344.6869513173656,2.1116043323437452,2.1294205071378656,639960571.2835894,58336727.46807504,62261776.61138582,3177531997967.123,56602524288.90332,53939541628.30615,220501557729.0917,19831381119.554962,21530564073.09967,0.0,10000,3315768413
GRB231129C,T90,SBPL_BB,1.8708286933869704,swept,69.6,0.286,1.0,1.0,10000.0,29.891410610198488,0.6653369420769266,0.6582455754137229,0.22748431926313373,0.014408060424332486,0.01560818000966721,1.7821963112667327e-18,369.3344191106439,2.262598443303432,2.2816885961021853,636883512.825803,58056232.811513186,61962409.53329456,3388376500947.391,60358373516.78174,57518689172.02197,235132894683.5296,21147288464.702057,22959220364.769257,0.0,10000,3315768413
GRB231129C,T90,SBPL_BB,2.0,swept,69.6,0.286,1.0,1.0,10000.0,29.891410610198488,0.6653369420769266,0.6582455754137229,0.22748431926313373,0.014408060424332486,0.01560818000966721,1.7821963112667327e-18,385.38724650475854,2.3609404888674703,2.3808603800061405,633161246.2096896,57716923.074489474,61600270.140744686,3514985487079.029,62613705081.43457,59667914005.11084,243918794772.77737,21937471241.380096,23817107205.84012,0.0,10000,3315768413
GRB231129C,T90,SBPL_BB,2.0882830189623496,swept,69.6,0.286,1.0,1.0,10000.0,29.891410610198488,0.6653369420769266,0.6582455754137229,0.22748431926313373,0.014408060424332486,0.01560818000966721,1.7821963112667327e-18,396.2366812091615,2.4274057647874088,2.4478864413702013,630028688.555428,57431369.29140532,61295503.54473293,3596059554423.629,64057906703.63867,61044170179.18262,249544846108.32797,22443464801.61862,24366455065.357056,0.0,10000,3315768413
GRB231129C,T90,SBPL_BB,2.331012979810265,swept,69.6,0.286,1.0,1.0,10000.0,29.891410610198488,0.6653369420769266,0.6582455754137229,0.22748431926313373,0.014408060424332486,0.01560818000966721,1.7821963112667327e-18,425.5989340440476,2.607283361129646,2.6292817134669235,619593447.1395967,56480126.5713768,60280258.70142126,3798562005305.4287,67665155946.74121,64481708931.32129,263597294956.03827,23707308339.19754,25738586643.09088,0.0,10000,3315768413
GRB231129C,T90,SBPL_BB,2.6019564698389637,swept,69.6,0.286,1.0,1.0,10000.0,29.891410610198488,0.6653369420769266,0.6582455754137229,0.22748431926313373,0.014408060424332486,0.01560818000966721,1.7821963112667327e-18,457.644279642936,2.8035979890534577,2.8272527008100496,605854450.7483344,55227724.276412845,58943591.471342206,3994001404998.6777,71146588509.88232,67799350309.06592,277159610646.823,24927070476.47055,27062859858.968994,0.0,10000,3315768413
GRB231129C,T90,SBPL_BB,2.9043928667818517,swept,69.6,0.286,1.0,1.0,10000.0,29.891410610198488,0.6653369420769266,0.6582455754137229,0.22748431926313373,0.014408060424332486,0.01560818000966721,1.7821963112667327e-18,492.6152303413791,3.0178353157604647,3.0432976055757877,589151905.7232125,53705174.51182443,57318600.536182046,4180680648416.3843,74471973247.64258,70968285453.67236,290114024322.4766,26092159364.85785,28327775338.685364,0.0,10000,3315768413
GRB231129C,T90,SBPL_BB,3.0,swept,69.6,0.286,1.0,1.0,10000.0,29.891410610198488,0.6653369420769266,0.6582455754137229,0.22748431926313373,0.014408060424332486,0.01560818000966721,1.7821963112667327e-18,503.511217559839,3.0845857794137146,3.1106112608790113,583722758.8676057,53210271.115097344,56790398.73144233,4233773783426.4785,75417740423.52246,71869557059.39893,293798367700.2732,26423520369.5278,28687527859.166016,0.0,10000,3315768413
GRB231129C,T90,SBPL_BB,3.2419827243056765,swept,69.6,0.286,1.0,1.0,10000.0,29.891410610198488,0.6653369420769266,0.6582455754137229,0.22748431926313373,0.014408060424332486,0.01560818000966721,1.7821963112667327e-18,530.7753073763316,3.251609712155755,3.2790444195519513,569871909.201409,51947672.63882309,55442849.29403746,4357123126087.172,77615006782.58301,73963448484.41895,302358068190.7618,27193359296.945618,29523327758.971863,0.0,10000,3315768413
GRB231129C,T90,SBPL_BB,3.6188120777001926,swept,69.6,0.286,1.0,1.0,10000.0,29.891410610198488,0.6653369420769266,0.6582455754137229,0.22748431926313373,0.014408060424332486,0.01560818000966721,1.7821963112667327e-18,572.4107518381875,3.5066747343989846,3.5362614941235506,548428416.533449,49992953.48288286,53356611.46913135,4522094196231.318,80553695995.08398,76763880993.42285,313806065557.9927,28222964716.441772,30641151339.731567,0.0,10000,3315768413
GRB231129C,T90,SBPL_BB,4.039441899405393,swept,69.6,0.286,1.0,1.0,10000.0,29.891410610198488,0.6653369420769266,0.6582455754137229,0.22748431926313373,0.014408060424332486,0.01560818000966721,1.7821963112667327e-18,617.8323694486187,3.784934425291567,3.8168689370144193,525246118.9594083,47879730.51830542,51101205.2805928,4674609987231.405,83270514824.93262,79352881470.17188,324389741667.4131,29174835155.514587,31674579488.49231,0.0,10000,3315768413
GRB231129C,T90,SBPL_BB,4.508963302963661,swept,69.6,0.286,1.0,1.0,10000.0,29.891410610198488,0.6653369420769266,0.6582455754137229,0.22748431926313373,0.014408060424332486,0.01560818000966721,1.7821963112667327e-18,667.3775318504286,4.08845557448069,4.1229509759330085,500745203.48060536,45646306.62761402,48717510.73007393,4813935331666.281,85752367469.52539,81717970231.14453,334058080333.6129,30044382340.83612,32618630801.67517,0.0,10000,3315768413
GRB231129C,T90,SBPL_BB,5.0,swept,69.6,0.286,1.0,1.0,10000.0,29.891410610198488,0.6653369420769266,0.6582455754137229,0.22748431926313373,0.014408060424332486,0.01560818000966721,1.7821963112667327e-18,718.0404372352775,4.398824186030538,4.435938251097923,476870655.82862157,43469980.39394641,46394755.517789066,4932435037646.908,87863245500.1123,83729537645.02832,342281245285.4951,30783954069.25952,33421570162.75531,0.0,10000,3315768413
GRB231129C,T90,SBPL_BB,5.033059163560601,swept,69.6,0.286,1.0,1.0,10000.0,29.891410610198488,0.6653369420769266,0.6582455754137229,0.22748431926313373,0.014408060424332486,0.01560818000966721,1.7821963112667327e-18,721.4123570744047,4.419481076329021,4.456769429146334,475328616.2530205,43329413.073859274,46244730.45704293,4939573026783.871,87990397076.79297,83850707113.16992,342776578684.1079,30828503166.82733,33469936294.887024,0.0,10000,3315768413
GRB231129C,T90,SBPL_BB,5.618072900981761,swept,69.6,0.286,1.0,1.0,10000.0,29.891410610198488,0.6653369420769266,0.6582455754137229,0.22748431926313373,0.014408060424332486,0.01560818000966721,1.7821963112667327e-18,780.3340911950706,4.78044452029701,4.820778418964892,449372121.28797364,40963303.28405565,43719422.54957783,5051246689051.522,89979680327.1211,85746400424.37012,350526057368.5344,31525472688.72766,34226623227.47168,0.0,10000,3315768413
GRB231129C,T90,SBPL_BB,6.271085257503065,swept,69.6,0.286,1.0,1.0,10000.0,29.891410610198488,0.6653369420769266,0.6582455754137229,0.22748431926313373,0.014408060424332486,0.01560818000966721,1.7821963112667327e-18,844.5737124270529,5.173986144031687,5.217640459431891,423217171.9104901,38579103.03447592,41174807.0084098,5148879320325.475,91718845624.78223,87403743098.57617,357301173180.0729,32134810351.334167,34888169869.52411,0.0,10000,3315768413
GRB231129C,T90,SBPL_BB,7.0,swept,69.6,0.286,1.0,1.0,10000.0,29.891410610198488,0.6653369420769266,0.6582455754137229,0.22748431926313373,0.014408060424332486,0.01560818000966721,1.7821963112667327e-18,914.5987784152874,5.602970276295082,5.650244046423268,397166408.51800776,36204400.04095495,38640327.723778844,5232569423310.246,93209647634.00586,88824407248.20801,363108761612.3707,32657130922.54718,35455243663.19507,0.0,10000,3315768413
GRB231129C,EX0,SBPL_BB,0.5,swept,69.6,0.286,1.0,1.0,10000.0,31.17841010348084,0.8668211389971106,0.8978191352123908,0.2054728843211735,0.015161283154696031,0.016842258178010994,2.0222830268291665e-18,196.22322949331874,1.4901537775457427,1.6122604509386065,445125755.7755064,44408616.77804154,51460320.779975414,1470253411687.7805,36059128726.313965,31862244488.96826,87394818822.61043,8729627856.63829,10044539938.185654,0.0,10000,3315768413
GRB231129C,EX0,SBPL_BB,0.5581171131125046,swept,69.6,0.286,1.0,1.0,10000.0,31.17841010348084,0.8668211389971106,0.8978191352123908,0.2054728843211735,0.015161283154696031,0.016842258178010994,2.0222830268291665e-18,206.7443083065724,1.5700527037733423,1.6987064813887969,471172508.0452069,47007208.80478799,54471546.73058373,1639730810566.2832,40215696086.59302,35535033326.24927,97468896156.33426,9735899707.843872,11202382857.047333,0.0,10000,3315768413
GRB231129C,EX0,SBPL_BB,0.6229894238980724,swept,69.6,0.286,1.0,1.0,10000.0,31.17841010348084,0.8668211389971106,0.8978191352123908,0.2054728843211735,0.015161283154696031,0.016842258178010994,2.0222830268291665e-18,218.18329179709787,1.656922359846675,1.7926944395339035,496442876.8727628,49528343.81111342,57393016.15629399,1823265129693.3174,44717020542.967285,39512453342.183105,108378545091.90463,10825634506.052063,12456260442.941147,0.0,10000,3315768413
GRB231129C,EX0,SBPL_BB,0.695402117531229,swept,69.6,0.286,1.0,1.0,10000.0,31.17841010348084,0.8668211389971106,0.8978191352123908,0.2054728843211735,0.015161283154696031,0.016842258178010994,2.0222830268291665e-18,230.63221202897583,1.7514616534756726,1.8949805032102915,520517165.6093834,51930150.151988685,60176208.55723208,2020756913290.005,49560662863.73389,43792349204.690674,120117853777.8633,11998241732.695892,13805493229.636902,0.0,10000,3315768413
GRB231129C,EX0,SBPL_BB,0.7762316445777043,swept,69.6,0.286,1.0,1.0,10000.0,31.17841010348084,0.8668211389971106,0.8978191352123908,0.2054728843211735,0.015161283154696031,0.016842258178010994,2.0222830268291665e-18,244.19100664135948,1.8544295287001376,2.006385806101264,542958119.9224845,54169004.51458973,62770573.61604345,2231798853627.0737,54736633504.4209,48365894041.92139,132662611023.86584,13251302998.624588,15247298554.825317,0.0,10000,3315768413
GRB231129C,EX0,SBPL_BB,0.86645632915656,swept,69.6,0.286,1.0,1.0,10000.0,31.17841010348084,0.8668211389971106,0.8978191352123908,0.2054728843211735,0.015161283154696031,0.016842258178010994,2.0222830268291665e-18,258.968063563091,1.966649102548729,2.1278009133629894,563325731.7905207,56201008.860318124,65125242.665524006,2455640862326.199,60226535953.80371,53216832493.33154,145968230068.60748,14580364654.997559,16776551932.745392,0.0,10000,3315768413
GRB231129C,EX0,SBPL_BB,0.9671682101338346,swept,69.6,0.286,1.0,1.0,10000.0,31.17841010348084,0.8668211389971106,0.8978191352123908,0.2054728843211735,0.015161283154696031,0.016842258178010994,2.0222830268291665e-18,275.08085181306893,2.0890124554478575,2.2601910045711975,581194553.3434548,57983717.765214026,67191030.31573987,2691168859546.6875,66003046521.92041,58321021044.62451,159968487766.43347,15978811854.105804,18385642145.245758,0.0,10000,3315768413
GRB231129C,EX0,SBPL_BB,1.0,swept,69.6,0.286,1.0,1.0,10000.0,31.17841010348084,0.8668211389971106,0.8978191352123908,0.2054728843211735,0.015161283154696031,0.016842258178010994,2.0222830268291665e-18,280.2558918905179,2.128312621591647,2.302711517919363,586064084.5269322,58469533.608062625,67753989.50985193,2764769385179.222,67808157672.83545,59916037198.69531,164343450988.2636,16415814886.180023,18888469354.018433,0.0,10000,3315768413
GRB231129C,EX0,SBPL_BB,1.079586258668168,swept,69.6,0.286,1.0,1.0,10000.0,31.17841010348084,0.8668211389971106,0.8978191352123908,0.2054728843211735,0.015161283154696031,0.016842258178010994,2.0222830268291665e-18,292.6566574444769,2.2224862201121596,2.404601920577818,596172527.7807858,59478017.11381018,68922611.46820879,2936901763750.348,72029840511.67188,63646362792.1626,174575345652.91144,17437850676.104767,20064450676.33197,0.0,10000,3315768413
GRB231129C,EX0,SBPL_BB,1.2050711320876148,swept,69.6,0.286,1.0,1.0,10000.0,31.17841010348084,0.8668211389971106,0.8978191352123908,0.2054728843211735,0.015161283154696031,0.016842258178010994,2.0222830268291665e-18,311.83343853919223,2.3681180745223287,2.562167188538865,607919960.7376133,60650016.80499089,70280714.56706548,3191009812715.2725,78262041556.1836,69153204482.42676,189680038982.7254,18946616910.01123,21800476878.449463,0.0,10000,3315768413
GRB231129C,EX0,SBPL_BB,1.3451416426719145,swept,69.6,0.286,1.0,1.0,10000.0,31.17841010348084,0.8668211389971106,0.8978191352123908,0.2054728843211735,0.015161283154696031,0.016842258178010994,2.0222830268291665e-18,332.7608055966893,2.5270441871712706,2.734116077241879,616167003.6401376,61472795.00431621,71234142.8235606,3451355198852.307,84647218232.11475,74795217130.54004,205155492174.5868,20492417325.845795,23579115586.571075,0.0,10000,3315768413
GRB231129C,EX0,SBPL_BB,1.5014931406709222,swept,69.6,0.286,1.0,1.0,10000.0,31.17841010348084,0.8668211389971106,0.8978191352123908,0.2054728843211735,0.015161283154696031,0.016842258178010994,2.0222830268291665e-18,355.6011253332912,2.700497599510527,2.9217826664281006,620727983.9630504,61927827.822939634,71761430.91561747,3715553372656.0576,91126887575.31445,80520724543.31201,220859962811.61627,22061093663.799347,25384075933.727234,0.0,10000,3315768413
GRB231129C,EX0,SBPL_BB,1.6760180340589659,swept,69.6,0.286,1.0,1.0,10000.0,31.17841010348084,0.8668211389971106,0.8978191352123908,0.2054728843211735,0.015161283154696031,0.016842258178010994,2.0222830268291665e-18,380.5307389259715,2.8898174775077905,3.1266158564455964,621511140.6981299,62005960.59075642,71851970.49074936,3981050758617.243,97638421125.08691,86274387521.021,236641661231.4272,23637484072.36905,27197912293.888916,0.0,10000,3315768413
GRB231129C,EX0,SBPL_BB,1.8708286933869704,swept,69.6,0.286,1.0,1.0,10000.0,31.17841010348084,0.8668211389971106,0.8978191352123908,0.2054728843211735,0.015161283154696031,0.016842258178010994,2.0222830268291665e-18,407.74128198884074,3.09645913578089,3.3501902137840034,618522790.7936072,61707823.52727091,71506491.84186375,4245212588955.0273,104117199116.01465,91999107325.08105,252343971539.76898,25205944621.037323,29002624348.204834,0.0,10000,3315768413
GRB231129C,EX0,SBPL_BB,2.0,swept,69.6,0.286,1.0,1.0,10000.0,31.17841010348084,0.8668211389971106,0.8978191352123908,0.2054728843211735,0.015161283154696031,0.016842258178010994,2.0222830268291665e-18,425.4634331952817,3.2310442745267665,3.495803572454463,614907833.4440895,61347172.0630033,71088572.04639375,4403837836666.013,108007608878.70215,95436716368.87695,261772975189.20056,26147781837.789215,30086327078.068604,0.0,10000,3315768413
GRB231129C,EX0,SBPL_BB,2.0882830189623496,swept,69.6,0.286,1.0,1.0,10000.0,31.17841010348084,0.8668211389971106,0.8978191352123908,0.2054728843211735,0.015161283154696031,0.016842258178010994,2.0222830268291665e-18,437.44109405310223,3.3220047414374676,3.5942175520107753,611865584.3300579,61043657.66668856,70736862.19076455,4505413517890.592,110498832864.73291,97637989403.56836,267810837905.13513,26750887322.412567,30780276147.458984,0.0,10000,3315768413
GRB231129C,EX0,SBPL_BB,2.331012979810265,swept,69.6,0.286,1.0,1.0,10000.0,31.17841010348084,0.8668211389971106,0.8978191352123908,0.2054728843211735,0.015161283154696031,0.016842258178010994,2.0222830268291665e-18,469.8567098026606,3.5681746387804765,3.8605591844504374,601731180.6076453,60032584.17713392,69565238.98158717,4759123798769.148,116721278332.06738,103136210958.06836,282891887100.15894,28257291808.786407,32513584860.606262,0.0,10000,3315768413
GRB231129C,EX0,SBPL_BB,2.6019564698389637,swept,69.6,0.286,1.0,1.0,10000.0,31.17841010348084,0.8668211389971106,0.8978191352123908,0.2054728843211735,0.015161283154696031,0.016842258178010994,2.0222830268291665e-18,505.2344315100758,3.8368392906638746,4.151238844042496,588388265.8995497,58701408.9344396,68022684.63125062,5003984958597.053,122726692100.95801,108442660906.26465,297446926748.2481,29711154649.606903,34186437771.301758,0.0,10000,3315768413
GRB231129C,EX0,SBPL_BB,2.9043928667818517,swept,69.6,0.286,1.0,1.0,10000.0,31.17841010348084,0.8668211389971106,0.8978191352123908,0.2054728843211735,0.015161283154696031,0.016842258178010994,2.0222830268291665e-18,543.8419902220085,4.130031893827891,4.468456332406504,572167238.7348539,57083094.62717569,66147396.01798737,5237870736647.945,128462925944.01172,113511260498.35742,311349567636.8541,31099851174.3786,35784308600.86786,0.0,10000,3315768413
GRB231129C,EX0,SBPL_BB,3.0,swept,69.6,0.286,1.0,1.0,10000.0,31.17841010348084,0.8668211389971106,0.8978191352123908,0.2054728843211735,0.015161283154696031,0.016842258178010994,2.0222830268291665e-18,555.8710445616689,4.221382651894828,4.567292584485813,566894608.8156731,56557063.05417591,65537835.18383062,5304389804133.192,130094358728.41504,114952812529.14551,315303594748.7168,31494808057.253784,36238756401.97125,0.0,10000,3315768413
GRB231129C,EX0,SBPL_BB,3.2419827243056765,swept,69.6,0.286,1.0,1.0,10000.0,31.17841010348084,0.8668211389971106,0.8978191352123908,0.2054728843211735,0.015161283154696031,0.016842258178010994,2.0222830268291665e-18,585.9703105894727,4.449961781330785,4.8146020205001605,553443065.4519782,55215050.31606603,63982722.43760121,5458931125664.637,133884606968.84473,118301917745.38867,324489841615.0602,32412396967.24591,37294558390.85455,0.0,10000,3315768413
GRB231129C,EX0,SBPL_BB,3.6188120777001926,swept,69.6,0.286,1.0,1.0,10000.0,31.17841010348084,0.8668211389971106,0.8978191352123908,0.2054728843211735,0.015161283154696031,0.016842258178010994,2.0222830268291665e-18,631.93539974074,4.799028766982133,5.19227236846973,532617767.4779411,53137384.25199759,61575140.98409623,5665619273688.771,138953797406.7373,122781110415.8252,336775800692.4236,33639607596.573425,38706619292.107605,0.0,10000,3315768413
GRB231129C,EX0,SBPL_BB,4.039441899405393,swept,69.6,0.286,1.0,1.0,10000.0,31.17841010348084,0.8668211389971106,0.8978191352123908,0.2054728843211735,0.015161283154696031,0.016842258178010994,2.0222830268291665e-18,682.0803838965107,5.1798386117573045,5.6042866594182215,510103792.62422955,50891244.88923019,58972334.130141616,5856702512457.242,143640265092.79688,126922125034.79297,348134172589.03265,34774164096.03772,40012069909.03516,0.0,10000,3315768413
GRB231129C,EX0,SBPL_BB,4.508963302963661,swept,69.6,0.286,1.0,1.0,10000.0,31.17841010348084,0.8668211389971106,0.8978191352123908,0.2054728843211735,0.015161283154696031,0.016842258178010994,2.0222830268291665e-18,736.7777177726891,5.595219802392876,6.053705152876091,486309214.3163241,48517344.265057385,56221478.63220298,6031259769004.752,147921419983.45605,130705000790.24316,358510206875.95825,35810597596.01947,41204617616.085754,0.0,10000,3315768413
GRB231129C,EX0,SBPL_BB,5.0,swept,69.6,0.286,1.0,1.0,10000.0,31.17841010348084,0.8668211389971106,0.8978191352123908,0.2054728843211735,0.015161283154696031,0.016842258178010994,2.0222830268291665e-18,792.7090280487271,6.0199720272242985,6.513262564911884,463122946.27003706,46204132.59662318,53540948.970930874,6179725101436.308,151562649781.6582,133922431664.71973,367335284734.0668,36692110328.0672,42218909403.603455,0.0,10000,3315768413
GRB231129C,EX0,SBPL_BB,5.033059163560601,swept,69.6,0.286,1.0,1.0,10000.0,31.17841010348084,0.8668211389971106,0.8978191352123908,0.2054728843211735,0.015161283154696031,0.016842258178010994,2.0222830268291665e-18,796.4315917926642,6.048241832178405,6.543848863567291,461625362.17089295,46054723.94639599,53367815.52013183,6188668110377.49,151781984154.93652,134116237939.94043,367866875165.98175,36745209432.8573,42280006633.34845,0.0,10000,3315768413
GRB231129C,EX0,SBPL_BB,5.618072900981761,swept,69.6,0.286,1.0,1.0,10000.0,31.17841010348084,0.8668211389971106,0.8978191352123908,0.2054728843211735,0.015161283154696031,0.016842258178010994,2.0222830268291665e-18,861.4805614100035,6.542235168497427,7.078321165135208,436417167.29430145,43539791.81448549,50453533.93160975,6328581262525.957,155213464962.06543,137148332288.80566,376183594233.39667,37575943604.80066,43235871271.00946,0.0,10000,3315768413
GRB231129C,EX0,SBPL_BB,6.271085257503065,swept,69.6,0.286,1.0,1.0,10000.0,31.17841010348084,0.8668211389971106,0.8978191352123908,0.2054728843211735,0.015161283154696031,0.016842258178010994,2.0222830268291665e-18,932.4004220032269,7.080813085285968,7.661031411601698,411016239.24978566,41005631.37847513,47516970.75071156,6450902756392.15,158213496424.84277,139799193230.76074,383454629763.4385,38302227326.93402,44071552467.64545,0.0,10000,3315768413
GRB231129C,EX0,SBPL_BB,7.0,swept,69.6,0.286,1.0,1.0,10000.0,31.17841010348084,0.8668211389971106,0.8978191352123908,0.2054728843211735,0.015161283154696031,0.016842258178010994,2.0222830268291665e-18,1009.7073522539988,7.6678955343982125,8.29622076481246,385716493.611325,38481565.5519923,44592105.11596811,6555756003563.045,160785105310.12012,142071495250.44238,389687317588.96326,38924793355.40607,44787893351.79791,0.0,10000,3315768413
GRB231129C,TR1,SBPL_BB,0.5,swept,69.6,0.286,1.0,1.0,10000.0,31.02777421751943,0.8209995465345941,0.8413937248867427,0.24598432373092816,0.016783328224963923,0.019488252520249105,2.2363636346471196e-18,191.42102232074444,1.414420552674983,1.4495071585963046,646335481.8255455,60656972.46698916,70138672.85693407,1586120030881.0645,37012337471.88037,34203430589.3667,123725932708.52023,11665645273.146378,13426841405.636017,0.0,10000,3315768413
GRB231129C,TR1,SBPL_BB,0.5581171131125046,swept,69.6,0.286,1.0,1.0,10000.0,31.02777421751943,0.8209995465345941,0.8413937248867427,0.24598432373092816,0.016783328224963923,0.019488252520249105,2.2363636346471196e-18,201.68461683781823,1.4902588219165978,1.5272266982010478,684156120.0604583,64206345.008969426,74242871.75516951,1768953476466.632,41278782039.38281,38146089999.592285,137987929370.1607,13010354424.246094,14974565177.940796,0.0,10000,3315768413
GRB231129C,TR1,SBPL_BB,0.6229894238980724,swept,69.6,0.286,1.0,1.0,10000.0,31.02777421751943,0.8209995465345941,0.8413937248867427,0.24598432373092816,0.016783328224963923,0.019488252520249105,2.2363636346471196e-18,212.84365198223298,1.5727135516266912,1.6117268284832278,720849427.0644795,67649920.32743907,78224735.5524733,1966951629443.084,45899097219.88257,42415764393.900635,153432855147.9203,14466597440.153595,16650661404.496155,0.0,10000,3315768413
GRB231129C,TR1,SBPL_BB,0.695402117531229,swept,69.6,0.286,1.0,1.0,10000.0,31.02777421751943,0.8209995465345941,0.8413937248867427,0.24598432373092816,0.016783328224963923,0.019488252520249105,2.2363636346471196e-18,224.98790750044427,1.6624481293321196,1.7036873931905632,755805991.1551867,70930506.65638661,82018132.45223129,2180007196195.7183,50870779301.55298,47010140069.904785,170052340560.11145,16033585194.431335,18454221822.16931,0.0,10000,3315768413
GRB231129C,TR1,SBPL_BB,0.7762316445777043,swept,69.6,0.286,1.0,1.0,10000.0,31.02777421751943,0.8209995465345941,0.8413937248867427,0.24598432373092816,0.016783328224963923,0.019488252520249105,2.2363636346471196e-18,238.21487523938802,1.7601829276981107,1.803846634801971,788390906.3850713,73988519.65662551,85554164.08540833,2407680770195.705,56183574670.28418,51919741571.51074,187812109523.23535,17708085926.18112,20381526761.79242,0.0,10000,3315768413
GRB231129C,TR1,SBPL_BB,0.86645632915656,swept,69.6,0.286,1.0,1.0,10000.0,31.02777421751943,0.8209995465345941,0.8413937248867427,0.24598432373092816,0.016783328224963923,0.019488252520249105,2.2363636346471196e-18,252.6302905301958,1.8666992309518662,1.9130052183516284,817965268.3705462,76763999.74571943,88763498.18291593,2649163150666.9517,61818600510.38428,57127119120.620605,206649040004.39334,19484148100.194366,22425726167.71106,0.0,10000,3315768413
GRB231129C,TR1,SBPL_BB,0.9671682101338346,swept,69.6,0.286,1.0,1.0,10000.0,31.02777421751943,0.8209995465345941,0.8413937248867427,0.24598432373092816,0.016783328224963923,0.019488252520249105,2.2363636346471196e-18,268.3487475508692,1.9828437818316047,2.0320308911713028,843911314.489466,79198971.44279766,91579096.72552717,2903252460207.0454,67747810840.99951,62606355176.625,226469379072.07977,21352932110.91443,24576645893.608063,0.0,10000,3315768413
GRB231129C,TR1,SBPL_BB,1.0,swept,69.6,0.286,1.0,1.0,10000.0,31.02777421751943,0.8209995465345941,0.8413937248867427,0.24598432373092816,0.016783328224963923,0.019488252520249105,2.2363636346471196e-18,273.3971379210309,2.020146618327317,2.0702590747439444,850982014.7194586,79862539.0191307,92346391.02430224,2982653240413.45,69600639388.21631,64318570533.38086,232663068955.28787,21936911455.64569,25248790285.305176,0.0,10000,3315768413
GRB231129C,TR1,SBPL_BB,1.079586258668168,swept,69.6,0.286,1.0,1.0,10000.0,31.02777421751943,0.8209995465345941,0.8413937248867427,0.24598432373092816,0.016783328224963923,0.019488252520249105,2.2363636346471196e-18,285.4944172596096,2.1095340864355876,2.1618639193331433,865659766.9191775,81240009.44445992,93939183.14040828,3168350897323.798,73933920736.08838,68322994407.4126,247148489576.48566,23302686397.89081,26820760212.037933,0.0,10000,3315768413
GRB231129C,TR1,SBPL_BB,1.2050711320876148,swept,69.6,0.286,1.0,1.0,10000.0,31.02777421751943,0.8209995465345941,0.8413937248867427,0.24598432373092816,0.016783328224963923,0.019488252520249105,2.2363636346471196e-18,304.2018814647918,2.2477645772115693,2.3035234035206713,882717379.6091828,82840823.83943617,95790231.62811518,3442484501277.62,80330867539.84717,74234469902.64307,268532391913.99927,25318892812.860687,29141359127.996887,0.0,10000,3315768413
GRB231129C,TR1,SBPL_BB,1.3451416426719145,swept,69.6,0.286,1.0,1.0,10000.0,31.02777421751943,0.8209995465345941,0.8413937248867427,0.24598432373092816,0.016783328224963923,0.019488252520249105,2.2363636346471196e-18,324.61708922062974,2.3986136798174584,2.458114521191874,894692324.6193908,83964642.55309594,97089722.02306998,3723346989755.292,86884833825.08105,80291048498.69385,290441183602.6288,27384589038.444336,31518919474.09961,0.0,10000,3315768413
GRB231129C,TR1,SBPL_BB,1.5014931406709222,swept,69.6,0.286,1.0,1.0,10000.0,31.02777421751943,0.8209995465345941,0.8413937248867427,0.24598432373092816,0.016783328224963923,0.019488252520249105,2.2363636346471196e-18,346.8984336129454,2.563251769550959,2.626836680379199,901315000.0686486,84586164.12150645,97808397.81889832,4008365893476.9805,93535790653.70947,86437256919.43262,312674198138.6959,29480854997.02466,33931664754.009766,0.0,10000,3315768413
GRB231129C,TR1,SBPL_BB,1.6760180340589659,swept,69.6,0.286,1.0,1.0,10000.0,31.02777421751943,0.8209995465345941,0.8413937248867427,0.24598432373092816,0.016783328224963923,0.019488252520249105,2.2363636346471196e-18,371.2179401886664,2.7429499527210623,2.810992518895091,902452166.3169386,84692884.33686268,97931800.1907556,4294786396685.461,100219454006.55713,92613689730.39746,335016545008.0107,31587429483.40204,36356274869.90784,0.0,10000,3315768413
GRB231129C,TR1,SBPL_BB,1.8708286933869704,swept,69.6,0.286,1.0,1.0,10000.0,31.02777421751943,0.8209995465345941,0.8413937248867427,0.24598432373092816,0.016783328224963923,0.019488252520249105,2.2363636346471196e-18,397.76255462828567,2.9390895813316433,3.0119976550390675,898112995.7559409,84285664.00524092,97460924.50311935,4579766092812.798,106869495920.37012,98759052670.20898,357246501139.86743,33683407076.739563,38768688249.24249,0.0,10000,3315768413
GRB231129C,TR1,SBPL_BB,2.0,swept,69.6,0.286,1.0,1.0,10000.0,31.02777421751943,0.8209995465345941,0.8413937248867427,0.24598432373092816,0.016783328224963923,0.019488252520249105,2.2363636346471196e-18,415.05098836989447,3.066834777293991,3.142911742559704,892863973.0472713,83793056.31949353,96891313.98824859,4750892159107.071,110862747119.9043,102449251656.77441,370595258958.1758,34942010428.0061,40217306580.62262,0.0,10000,3315768413
GRB231129C,TR1,SBPL_BB,2.0882830189623496,swept,69.6,0.286,1.0,1.0,10000.0,31.02777421751943,0.8209995465345941,0.8413937248867427,0.24598432373092816,0.016783328224963923,0.019488252520249105,2.2363636346471196e-18,426.73551773135443,3.1531724129247323,3.231391099471068,888446539.2739204,83378491.18064642,96411945.37704206,4860472739815.092,113419825622.51758,104812270667.45215,379143136351.35754,35747957114.55994,41144929364.307434,0.0,10000,3315768413
GRB231129C,TR1,SBPL_BB,2.331012979810265,swept,69.6,0.286,1.0,1.0,10000.0,31.02777421751943,0.8209995465345941,0.8413937248867427,0.24598432373092816,0.016783328224963923,0.019488252520249105,2.2363636346471196e-18,458.35782015680786,3.3868313597383803,3.4708462710153754,873731091.7224116,81997483.14059532,94815062.65780222,5134177228675.951,119806758964.28809,110714492633.3086,400493565392.9778,37761007460.40607,43461895730.27911,0.0,10000,3315768413
GRB231129C,TR1,SBPL_BB,2.6019564698389637,swept,69.6,0.286,1.0,1.0,10000.0,31.02777421751943,0.8209995465345941,0.8413937248867427,0.24598432373092816,0.016783328224963923,0.019488252520249105,2.2363636346471196e-18,492.86973637640506,3.6418418231732517,3.732182612294366,854356793.3473623,80179253.57383335,92712613.36672807,5398335221645.317,125970923460.87207,116410851925.9502,421099316172.3755,39703844939.316895,45698048990.16858,0.0,10000,3315768413
GRB231129C,TR1,SBPL_BB,2.9043928667818517,swept,69.6,0.286,1.0,1.0,10000.0,31.02777421751943,0.8209995465345941,0.8413937248867427,0.24598432373092816,0.016783328224963923,0.019488252520249105,2.2363636346471196e-18,530.5324452056773,3.9201336679858514,4.017377860957595,830803392.376589,77968825.65464664,90156658.55408013,5650652893249.201,131858792367.19629,121851884003.69238,440781457908.32666,41559598851.864075,47833971426.36835,0.0,10000,3315768413
GRB231129C,TR1,SBPL_BB,3.0,swept,69.6,0.286,1.0,1.0,10000.0,31.02777421751943,0.8209995465345941,0.8413937248867427,0.24598432373092816,0.016783328224963923,0.019488252520249105,2.2363636346471196e-18,542.2671102868469,4.006841759230724,4.106236863133404,823147381.1144139,77250328.0981996,89325847.79959369,5722414145109.015,133533351429.26465,123399358942.03711,446379223301.7532,42087390754.276855,48441445595.43005,0.0,10000,3315768413
GRB231129C,TR1,SBPL_BB,3.2419827243056765,swept,69.6,0.286,1.0,1.0,10000.0,31.02777421751943,0.8209995465345941,0.8413937248867427,0.24598432373092816,0.016783328224963923,0.019488252520249105,2.2363636346471196e-18,571.6297514431653,4.223803943575945,4.328581086538861,803615350.7871106,75417295.78123403,87206281.84061372,5889134442257.293,137423793376.4834,126994550983.19727,459384307320.9329,43313590416.65985,49852768159.50293,0.0,10000,3315768413
GRB231129C,TR1,SBPL_BB,3.6188120777001926,swept,69.6,0.286,1.0,1.0,10000.0,31.02777421751943,0.8209995465345941,0.8413937248867427,0.24598432373092816,0.016783328224963923,0.019488252520249105,2.2363636346471196e-18,616.4699285165905,4.555130499401912,4.668126643618507,773376415.3277159,72579447.12961602,83924829.93000841,6112111113571.697,142626985850.1709,131802867473.66797,476777692495.75555,44953546221.45209,51740312824.85358,0.0,10000,3315768413
GRB231129C,TR1,SBPL_BB,4.039441899405393,swept,69.6,0.286,1.0,1.0,10000.0,31.02777421751943,0.8209995465345941,0.8413937248867427,0.24598432373092816,0.016783328224963923,0.019488252520249105,2.2363636346471196e-18,665.3877052555674,4.916586665354544,5.038549216364686,740685472.1592404,69511483.67186284,80377292.41620493,6318253095740.865,147437338448.09473,136248157137.37695,492857880954.18884,46469685727.33374,53485348287.328125,0.0,10000,3315768413
GRB231129C,TR1,SBPL_BB,4.508963302963661,swept,69.6,0.286,1.0,1.0,10000.0,31.02777421751943,0.8209995465345941,0.8413937248867427,0.24598432373092816,0.016783328224963923,0.019488252520249105,2.2363636346471196e-18,718.7464212232588,5.310857177621415,5.442600139460865,706135055.7074184,66269013.285552144,76627969.61910176,6506566728577.685,151831663967.86133,140308992474.14844,507547361832.5828,47854700731.243225,55079463003.35919,0.0,10000,3315768413
GRB231129C,TR1,SBPL_BB,5.0,swept,69.6,0.286,1.0,1.0,10000.0,31.02777421751943,0.8209995465345941,0.8413937248867427,0.24598432373092816,0.016783328224963923,0.019488252520249105,2.2363636346471196e-18,773.3089142595,5.714022465425273,5.85576648497522,672467923.3633819,63109436.909106255,72974498.55351865,6666732204671.212,155569148229.51855,143762834956.25684,520041134391.7555,49032690790.46582,56435297621.35571,0.0,10000,3315768413
GRB231129C,TR1,SBPL_BB,5.033059163560601,swept,69.6,0.286,1.0,1.0,10000.0,31.02777421751943,0.8209995465345941,0.8413937248867427,0.24598432373092816,0.016783328224963923,0.019488252520249105,2.2363636346471196e-18,776.940375016509,5.740855530407771,5.883265180257581,670293387.9029294,62905362.18125665,72738523.52883673,6676379987499.121,155794280619.83496,143970881802.56836,520793713582.3034,49103648605.73303,56516968142.769104,0.0,10000,3315768413
GRB231129C,TR1,SBPL_BB,5.618072900981761,swept,69.6,0.286,1.0,1.0,10000.0,31.02777421751943,0.8209995465345941,0.8413937248867427,0.24598432373092816,0.016783328224963923,0.019488252520249105,2.2363636346471196e-18,840.3973892406384,6.2097429286767465,6.363783961663557,633690359.2753719,59470259.263188004,68766456.5099721,6827319309552.209,159316471259.15332,147225769531.45117,532567796274.54224,50213781858.29797,57794701416.1803,0.0,10000,3315768413
GRB231129C,TR1,SBPL_BB,6.271085257503065,swept,69.6,0.286,1.0,1.0,10000.0,31.02777421751943,0.8209995465345941,0.8413937248867427,0.24598432373092816,0.016783328224963923,0.019488252520249105,2.2363636346471196e-18,909.5816150463897,6.720949011029688,6.8876711990816375,596807476.509208,56008892.73240197,64764020.43598473,6959280623218.363,162395807362.0664,150071411440.37598,542861491768.5188,51184335060.474304,58911781836.185425,0.0,10000,3315768413
GRB231129C,TR1,SBPL_BB,7.0,swept,69.6,0.286,1.0,1.0,10000.0,31.02777421751943,0.8209995465345941,0.8413937248867427,0.24598432373092816,0.016783328224963923,0.019488252520249105,2.2363636346471196e-18,984.9965985796471,7.278194507871376,7.4587399206441205,560071513.5254233,52561314.25665134,60777527.72089088,7072397065811.593,165035395706.81055,152510678530.7754,551685185494.1084,52016287414.748474,59869336438.29529,0.0,10000,3315768413
