GRB,episode,t_start_s,t_end_s,t_mid_s,duration_s,status,Epeak_keV,Epeak_err_keV,alpha,alpha_err,beta,beta_err,energy_flux_ergcm2s,energy_flux_err,photon_flux_phcm2s,photon_flux_err
GRB080916009,-0.128_15.040,-0.128,15.04,7.4559999999999995,15.168,SAFE,660.795654296875,45.749820709228516,-0.9661011099815369,0.02031373418867588,-2.200819730758667,0.018397875130176544,2.259127086290391e-06,3.613703825067205e-08,9.533617973327637,0.09349775314331055
GRB080916009,1.28_15.040,1.28,15.04,8.16,13.76,SAFE,725.5264282226562,63.55429458618164,-0.9995874166488647,0.0228220634162426,-2.1968882083892822,0.02168368548154831,2.299710104125552e-06,4.255598184954579e-08,9.709052085876465,0.10889486223459244
GRB080916009,1.280_64.256,1.28,64.256,32.768,62.976,SAFE,512.212890625,27.027006149291992,-1.0155104398727417,0.015930520370602608,-2.2015793323516846,0.012385438196361065,1.2087480172340292e-06,1.5800221575545947e-08,5.880532264709473,0.04276337847113609
GRB080916009,15.040_52.928,15.04,52.928,33.983999999999995,37.888,SAFE,465.8234558105469,33.75993728637695,-1.0229768753051758,0.02270672656595707,-2.21537184715271,0.017463790252804756,1.0596903621262754e-06,1.95614102693753e-08,5.38931941986084,0.05456637963652611
GRB080916009,52.928_60.992,52.928,60.992,56.959999999999994,8.064,SAFE,211.75344848632812,42.639278411865234,-0.8257806897163391,0.12875595688819885,-2.1800696849823,0.06053968518972397,4.3451481701595185e-07,2.543789001663299e-08,2.723785638809204,0.10880336910486221
GRB080916009,60.992_64.256,60.992,64.256,62.623999999999995,3.264000000000003,UNSAFE,327.8650207519531,135.94366455078125,-1.1900395154953003,0.12340113520622253,-2.4018664360046387,0.18891918659210205,5.087795784675109e-07,5.5782582109031864e-08,3.458019256591797,0.1793830245733261
GRB080916009,60.992_67.904,60.992,67.904,64.448,6.911999999999999,SAFE,218.28175354003906,73.67655181884766,-1.090973973274231,0.14232595264911652,-2.110507011413574,0.056489624083042145,3.6624373933591414e-07,2.6947205356009363e-08,2.613147258758545,0.1179734542965889
