grb_name,episode,model_name,t_start_s,t_stop_s,e_min_keV,e_max_keV,frame,kt_bb_keV,kt_bb_err_keV,f_bb,f_bb_err_lower,f_bb_err_upper,flux_bb_erg_cm2_s,flux_bb_err_lower_erg_cm2_s,flux_bb_err_upper_erg_cm2_s,flux_total_erg_cm2_s,flux_total_err_lower_erg_cm2_s,flux_total_err_upper_erg_cm2_s,bb_fraction_captured_in_band,z,z_source,H0,Om0,e_min_keV_rest,e_max_keV_rest,f_bb_rest,f_bb_rest_err_lower,f_bb_rest_err_upper,bb_fraction_captured_in_band_rest,n_samples,seed
GRB080916C,T90,SBPL_BB,1.28,64.256,1.0,10000.0,observer,44.452754974365234,2.0511903762817383,0.06810974366637124,0.007941626226676803,0.00951415141799164,1.5422136776076097e-07,2.051543874235369e-08,2.3326603464646094e-08,2.2737090160972208e-06,1.0578328515296797e-07,7.358298989359569e-08,0.999999419117805,4.35,spectroscopic,69.6,0.286,1.0,10000.0,0.09833526126184305,0.012105326239294625,0.014738847435408653,0.9999999947449193,10000,668559939
GRB080916C,EX0,BAND_BB,-0.128,4.864,1.0,10000.0,observer,42.492431640625,3.2692863941192627,0.061435246800577104,0.00912608121865218,0.01071069285112447,4.0564629744233987e-07,6.814271005421859e-08,7.853684687493001e-08,6.689018778531838e-06,5.377351358514305e-07,3.520849109495675e-07,0.9999993354256977,4.35,spectroscopic,69.6,0.286,1.0,10000.0,0.08953034843636765,0.013947269085195696,0.017833918120014267,0.9999999941932319,10000,668559939
GRB080916C,TR1,BAND_BB,1.28,4.864,1.0,10000.0,observer,39.75551986694336,3.5887789726257324,0.050387352085849185,0.008841528412764477,0.009691142519163094,3.920100285513468e-07,7.730724539306457e-08,8.313706527010324e-08,7.877122653396292e-06,6.133811836220849e-07,4.2903269281510187e-07,0.9999991893173032,4.35,spectroscopic,69.6,0.286,1.0,10000.0,0.07512455815333641,0.014017200215223194,0.016099233185778564,0.9999999932295695,10000,668559939
GRB131014A,T90,BAND_BB,0.96,4.16,1.0,10000.0,observer,34.91935729980469,0.7959309220314026,0.07842369799066902,0.0046578207688994094,0.004783758550541223,5.726076033298912e-06,3.4148050061247076e-07,3.4512361340041507e-07,7.298916408068276e-05,5.412341175594085e-07,5.572489407931677e-07,0.9999988059388637,1.0,swept,69.6,0.286,1.0,10000.0,0.0805155343762641,0.004726893224091436,0.004892915059313482,0.9999998486734496,10000,668559939
GRB131014A,T90,BAND_BB,0.96,4.16,1.0,10000.0,observer,34.91935729980469,0.7959309220314026,0.07842369799066902,0.0046578207688994094,0.004783758550541223,5.726076033298912e-06,3.4148050061247076e-07,3.4512361340041507e-07,7.298916408068276e-05,5.412341175594085e-07,5.572489407931677e-07,0.9999988059388637,1.0844572045864764,swept,69.6,0.286,1.0,10000.0,0.08069802900993588,0.004747303637933395,0.004895832764223854,0.9999998661349156,10000,668559939
GRB131014A,T90,BAND_BB,0.96,4.16,1.0,10000.0,observer,34.91935729980469,0.7959309220314026,0.07842369799066902,0.0046578207688994094,0.004783758550541223,5.726076033298912e-06,3.4148050061247076e-07,3.4512361340041507e-07,7.298916408068276e-05,5.412341175594085e-07,5.572489407931677e-07,0.9999988059388637,1.1760474285795146,swept,69.6,0.286,1.0,10000.0,0.08088578599287849,0.00476193396822619,0.004907767716419792,0.9999998821364804,10000,668559939
GRB131014A,T90,BAND_BB,0.96,4.16,1.0,10000.0,observer,34.91935729980469,0.7959309220314026,0.07842369799066902,0.0046578207688994094,0.004783758550541223,5.726076033298912e-06,3.4148050061247076e-07,3.4512361340041507e-07,7.298916408068276e-05,5.412341175594085e-07,5.572489407931677e-07,0.9999988059388637,1.2753731068584542,swept,69.6,0.286,1.0,10000.0,0.08109174555121942,0.004773283376539109,0.004924671681314177,0.99999989670454,10000,668559939
GRB131014A,T90,BAND_BB,0.96,4.16,1.0,10000.0,observer,34.91935729980469,0.7959309220314026,0.07842369799066902,0.0046578207688994094,0.004783758550541223,5.726076033298912e-06,3.4148050061247076e-07,3.4512361340041507e-07,7.298916408068276e-05,5.412341175594085e-07,5.572489407931677e-07,0.9999988059388637,1.3830875542684884,swept,69.6,0.286,1.0,10000.0,0.08131656574348334,0.004782196092404781,0.004936928558792714,0.9999999098815386,10000,668559939
GRB131014A,T90,BAND_BB,0.96,4.16,1.0,10000.0,observer,34.91935729980469,0.7959309220314026,0.07842369799066902,0.0046578207688994094,0.004783758550541223,5.726076033298912e-06,3.4148050061247076e-07,3.4512361340041507e-07,7.298916408068276e-05,5.412341175594085e-07,5.572489407931677e-07,0.9999988059388637,1.4998992628003514,swept,69.6,0.286,1.0,10000.0,0.08156369317078768,0.004804541350949432,0.004947093812971537,0.9999999217237798,10000,668559939
GRB131014A,T90,BAND_BB,0.96,4.16,1.0,10000.0,observer,34.91935729980469,0.7959309220314026,0.07842369799066902,0.0046578207688994094,0.004783758550541223,5.726076033298912e-06,3.4148050061247076e-07,3.4512361340041507e-07,7.298916408068276e-05,5.412341175594085e-07,5.572489407931677e-07,0.9999988059388637,1.6265765616977856,swept,69.6,0.286,1.0,10000.0,0.08183425534454086,0.004825071034789741,0.004959339462594123,0.9999999322990035,10000,668559939
GRB131014A,T90,BAND_BB,0.96,4.16,1.0,10000.0,observer,34.91935729980469,0.7959309220314026,0.07842369799066902,0.0046578207688994094,0.004783758550541223,5.726076033298912e-06,3.4148050061247076e-07,3.4512361340041507e-07,7.298916408068276e-05,5.412341175594085e-07,5.572489407931677e-07,0.9999988059388637,1.763952671144663,swept,69.6,0.286,1.0,10000.0,0.0821263610917016,0.004838275023430982,0.004974265318662227,0.9999999416838534,10000,668559939
GRB131014A,T90,BAND_BB,0.96,4.16,1.0,10000.0,observer,34.91935729980469,0.7959309220314026,0.07842369799066902,0.0046578207688994094,0.004783758550541223,5.726076033298912e-06,3.4148050061247076e-07,3.4512361340041507e-07,7.298916408068276e-05,5.412341175594085e-07,5.572489407931677e-07,0.9999988059388637,1.9129311827723892,swept,69.6,0.286,1.0,10000.0,0.08244021165029575,0.004850774497894839,0.004995831964268768,0.9999999499613446,10000,668559939
GRB131014A,T90,BAND_BB,0.96,4.16,1.0,10000.0,observer,34.91935729980469,0.7959309220314026,0.07842369799066902,0.0046578207688994094,0.004783758550541223,5.726076033298912e-06,3.4148050061247076e-07,3.4512361340041507e-07,7.298916408068276e-05,5.412341175594085e-07,5.572489407931677e-07,0.9999988059388637,2.0,swept,69.6,0.286,1.0,10000.0,0.08262933164557412,0.004863448911795049,0.00500296769394927,0.9999999540659599,10000,668559939
GRB131014A,T90,BAND_BB,0.96,4.16,1.0,10000.0,observer,34.91935729980469,0.7959309220314026,0.07842369799066902,0.0046578207688994094,0.004783758550541223,5.726076033298912e-06,3.4148050061247076e-07,3.4512361340041507e-07,7.298916408068276e-05,5.412341175594085e-07,5.572489407931677e-07,0.9999988059388637,2.0744920030356466,swept,69.6,0.286,1.0,10000.0,0.08278741349810761,0.004872252510180433,0.005010687849226286,0.99999995721843,10000,668559939
GRB131014A,T90,BAND_BB,0.96,4.16,1.0,10000.0,observer,34.91935729980469,0.7959309220314026,0.07842369799066902,0.0046578207688994094,0.004783758550541223,5.726076033298912e-06,3.4148050061247076e-07,3.4512361340041507e-07,7.298916408068276e-05,5.412341175594085e-07,5.572489407931677e-07,0.9999988059388637,2.2496977985490374,swept,69.6,0.286,1.0,10000.0,0.08316077827960092,0.004887639103749189,0.00502964652803288,0.9999999635437542,10000,668559939
GRB131014A,T90,BAND_BB,0.96,4.16,1.0,10000.0,observer,34.91935729980469,0.7959309220314026,0.07842369799066902,0.0046578207688994094,0.004783758550541223,5.726076033298912e-06,3.4148050061247076e-07,3.4512361340041507e-07,7.298916408068276e-05,5.412341175594085e-07,5.572489407931677e-07,0.9999988059388637,2.439700985778839,swept,69.6,0.286,1.0,10000.0,0.08356918273493812,0.004918348509855369,0.005048515279768143,0.9999999690256507,10000,668559939
GRB131014A,T90,BAND_BB,0.96,4.16,1.0,10000.0,observer,34.91935729980469,0.7959309220314026,0.07842369799066902,0.0046578207688994094,0.004783758550541223,5.726076033298912e-06,3.4148050061247076e-07,3.4512361340041507e-07,7.298916408068276e-05,5.412341175594085e-07,5.572489407931677e-07,0.9999988059388637,2.6457513110645907,swept,69.6,0.286,1.0,10000.0,0.08401431316404692,0.0049521801920097,0.005073398057689679,0.9999999737504328,10000,668559939
GRB131014A,T90,BAND_BB,0.96,4.16,1.0,10000.0,observer,34.91935729980469,0.7959309220314026,0.07842369799066902,0.0046578207688994094,0.004783758550541223,5.726076033298912e-06,3.4148050061247076e-07,3.4512361340041507e-07,7.298916408068276e-05,5.412341175594085e-07,5.572489407931677e-07,0.9999988059388637,2.8692040708281104,swept,69.6,0.286,1.0,10000.0,0.08449776021398342,0.004981896062621088,0.005104583567131102,0.9999999778009925,10000,668559939
GRB131014A,T90,BAND_BB,0.96,4.16,1.0,10000.0,observer,34.91935729980469,0.7959309220314026,0.07842369799066902,0.0046578207688994094,0.004783758550541223,5.726076033298912e-06,3.4148050061247076e-07,3.4512361340041507e-07,7.298916408068276e-05,5.412341175594085e-07,5.572489407931677e-07,0.9999988059388637,3.0,swept,69.6,0.286,1.0,10000.0,0.08478356792538079,0.004999937964175666,0.005119052563198098,0.9999999797693403,10000,668559939
GRB131014A,T90,BAND_BB,0.96,4.16,1.0,10000.0,observer,34.91935729980469,0.7959309220314026,0.07842369799066902,0.0046578207688994094,0.004783758550541223,5.726076033298912e-06,3.4148050061247076e-07,3.4512361340041507e-07,7.298916408068276e-05,5.412341175594085e-07,5.572489407931677e-07,0.9999988059388637,3.1115290260383914,swept,69.6,0.286,1.0,10000.0,0.08502762249268911,0.005019352698830026,0.00514005116788073,0.9999999812557177,10000,668559939
GRB131014A,T90,BAND_BB,0.96,4.16,1.0,10000.0,observer,34.91935729980469,0.7959309220314026,0.07842369799066902,0.0046578207688994094,0.004783758550541223,5.726076033298912e-06,3.4148050061247076e-07,3.4512361340041507e-07,7.298916408068276e-05,5.412341175594085e-07,5.572489407931677e-07,0.9999988059388637,3.3743200695672746,swept,69.6,0.286,1.0,10000.0,0.0856076414996639,0.005056934316961456,0.00517175065624241,0.9999999841877077,10000,668559939
GRB131014A,T90,BAND_BB,0.96,4.16,1.0,10000.0,observer,34.91935729980469,0.7959309220314026,0.07842369799066902,0.0046578207688994094,0.004783758550541223,5.726076033298912e-06,3.4148050061247076e-07,3.4512361340041507e-07,7.298916408068276e-05,5.412341175594085e-07,5.572489407931677e-07,0.9999988059388637,3.6593057100229713,swept,69.6,0.286,1.0,10000.0,0.0862404748327269,0.005091637350656694,0.005199912262184567,0.9999999866642697,10000,668559939
GRB131014A,T90,BAND_BB,0.96,4.16,1.0,10000.0,observer,34.91935729980469,0.7959309220314026,0.07842369799066902,0.0046578207688994094,0.004783758550541223,5.726076033298912e-06,3.4148050061247076e-07,3.4512361340041507e-07,7.298916408068276e-05,5.412341175594085e-07,5.572489407931677e-07,0.9999988059388637,3.968360441018843,swept,69.6,0.286,1.0,10000.0,0.08692966303191015,0.00513714806742574,0.005245235119837682,0.9999999887466596,10000,668559939
GRB131014A,T90,BAND_BB,0.96,4.16,1.0,10000.0,observer,34.91935729980469,0.7959309220314026,0.07842369799066902,0.0046578207688994094,0.004783758550541223,5.726076033298912e-06,3.4148050061247076e-07,3.4512361340041507e-07,7.298916408068276e-05,5.412341175594085e-07,5.572489407931677e-07,0.9999988059388637,4.30351707065885,swept,69.6,0.286,1.0,10000.0,0.08769295888904619,0.005184300801562319,0.00528373320661113,0.999999990490031,10000,668559939
GRB131014A,T90,BAND_BB,0.96,4.16,1.0,10000.0,observer,34.91935729980469,0.7959309220314026,0.07842369799066902,0.0046578207688994094,0.004783758550541223,5.726076033298912e-06,3.4148050061247076e-07,3.4512361340041507e-07,7.298916408068276e-05,5.412341175594085e-07,5.572489407931677e-07,0.9999988059388637,4.666980092336878,swept,69.6,0.286,1.0,10000.0,0.08852799103659234,0.005236691001705984,0.005319915075314638,0.9999999919435529,10000,668559939
GRB131014A,T90,BAND_BB,0.96,4.16,1.0,10000.0,observer,34.91935729980469,0.7959309220314026,0.07842369799066902,0.0046578207688994094,0.004783758550541223,5.726076033298912e-06,3.4148050061247076e-07,3.4512361340041507e-07,7.298916408068276e-05,5.412341175594085e-07,5.572489407931677e-07,0.9999988059388637,5.0,swept,69.6,0.286,1.0,10000.0,0.08928914352724898,0.005283081275657769,0.005368271681194664,0.9999999929838597,10000,668559939
GRB131014A,T90,BAND_BB,0.96,4.16,1.0,10000.0,observer,34.91935729980469,0.7959309220314026,0.07842369799066902,0.0046578207688994094,0.004783758550541223,5.726076033298912e-06,3.4148050061247076e-07,3.4512361340041507e-07,7.298916408068276e-05,5.412341175594085e-07,5.572489407931677e-07,0.9999988059388637,5.061140184796385,swept,69.6,0.286,1.0,10000.0,0.08943123580590648,0.005291909237652048,0.00537636038543246,0.999999993150658,10000,668559939
GRB131014A,T90,BAND_BB,0.96,4.16,1.0,10000.0,observer,34.91935729980469,0.7959309220314026,0.07842369799066902,0.0046578207688994094,0.004783758550541223,5.726076033298912e-06,3.4148050061247076e-07,3.4512361340041507e-07,7.298916408068276e-05,5.412341175594085e-07,5.572489407931677e-07,0.9999988059388637,5.488589936824571,swept,69.6,0.286,1.0,10000.0,0.09043296175768296,0.005345914070301369,0.00543678783142057,0.9999999941493857,10000,668559939
GRB131014A,T90,BAND_BB,0.96,4.16,1.0,10000.0,observer,34.91935729980469,0.7959309220314026,0.07842369799066902,0.0046578207688994094,0.004783758550541223,5.726076033298912e-06,3.4148050061247076e-07,3.4512361340041507e-07,7.298916408068276e-05,5.412341175594085e-07,5.572489407931677e-07,0.9999988059388637,5.95214090001024,swept,69.6,0.286,1.0,10000.0,0.09153796676592472,0.005415181876862338,0.005516740179299165,0.9999999949727781,10000,668559939
GRB131014A,T90,BAND_BB,0.96,4.16,1.0,10000.0,observer,34.91935729980469,0.7959309220314026,0.07842369799066902,0.0046578207688994094,0.004783758550541223,5.726076033298912e-06,3.4148050061247076e-07,3.4512361340041507e-07,7.298916408068276e-05,5.412341175594085e-07,5.572489407931677e-07,0.9999988059388637,6.454842081729937,swept,69.6,0.286,1.0,10000.0,0.09276050857482762,0.005478833162837593,0.005600760119648565,0.9999999956491924,10000,668559939
GRB131014A,T90,BAND_BB,0.96,4.16,1.0,10000.0,observer,34.91935729980469,0.7959309220314026,0.07842369799066902,0.0046578207688994094,0.004783758550541223,5.726076033298912e-06,3.4148050061247076e-07,3.4512361340041507e-07,7.298916408068276e-05,5.412341175594085e-07,5.572489407931677e-07,0.9999988059388637,7.0,swept,69.6,0.286,1.0,10000.0,0.09411638277640505,0.005559669931167396,0.0056759240020501645,0.9999999962014094,10000,668559939
GRB131014A,EX0,BAND_BB,-0.192,2.432,1.0,10000.0,observer,42.57893371582031,1.477332353591919,0.07177878419369035,0.006390169563715589,0.006731528791880131,4.5216327364017615e-06,4.070612422508025e-07,4.2406788616653914e-07,6.29296756543457e-05,6.086048754765673e-07,6.213944588475174e-07,0.9999993394472259,1.0,swept,69.6,0.286,1.0,10000.0,0.07395301807600901,0.006564919965209956,0.006903803010730486,0.9999999158021889,10000,668559939
GRB131014A,EX0,BAND_BB,-0.192,2.432,1.0,10000.0,observer,42.57893371582031,1.477332353591919,0.07177878419369035,0.006390169563715589,0.006731528791880131,4.5216327364017615e-06,4.070612422508025e-07,4.2406788616653914e-07,6.29296756543457e-05,6.086048754765673e-07,6.213944588475174e-07,0.9999993394472259,1.0844572045864764,swept,69.6,0.286,1.0,10000.0,0.07413117639527658,0.006574919827754308,0.006933875094175548,0.9999999254459048,10000,668559939
GRB131014A,EX0,BAND_BB,-0.192,2.432,1.0,10000.0,observer,42.57893371582031,1.477332353591919,0.07177878419369035,0.006390169563715589,0.006731528791880131,4.5216327364017615e-06,4.070612422508025e-07,4.2406788616653914e-07,6.29296756543457e-05,6.086048754765673e-07,6.213944588475174e-07,0.9999993394472259,1.1760474285795146,swept,69.6,0.286,1.0,10000.0,0.0743274930016452,0.006590819285986441,0.0069582100221087795,0.999999934282876,10000,668559939
GRB131014A,EX0,BAND_BB,-0.192,2.432,1.0,10000.0,observer,42.57893371582031,1.477332353591919,0.07177878419369035,0.006390169563715589,0.006731528791880131,4.5216327364017615e-06,4.070612422508025e-07,4.2406788616653914e-07,6.29296756543457e-05,6.086048754765673e-07,6.213944588475174e-07,0.9999993394472259,1.2753731068584542,swept,69.6,0.286,1.0,10000.0,0.07454619145563966,0.0066045752390588575,0.006976756592808844,0.9999999423277657,10000,668559939
GRB131014A,EX0,BAND_BB,-0.192,2.432,1.0,10000.0,observer,42.57893371582031,1.477332353591919,0.07177878419369035,0.006390169563715589,0.006731528791880131,4.5216327364017615e-06,4.070612422508025e-07,4.2406788616653914e-07,6.29296756543457e-05,6.086048754765673e-07,6.213944588475174e-07,0.9999993394472259,1.3830875542684884,swept,69.6,0.286,1.0,10000.0,0.07478225249611947,0.0066296726369142606,0.0070007375653158704,0.9999999496040973,10000,668559939
GRB131014A,EX0,BAND_BB,-0.192,2.432,1.0,10000.0,observer,42.57893371582031,1.477332353591919,0.07177878419369035,0.006390169563715589,0.006731528791880131,4.5216327364017615e-06,4.070612422508025e-07,4.2406788616653914e-07,6.29296756543457e-05,6.086048754765673e-07,6.213944588475174e-07,0.9999993394472259,1.4998992628003514,swept,69.6,0.286,1.0,10000.0,0.07503401568955398,0.0066414571716959525,0.007027182590395822,0.9999999561430432,10000,668559939
GRB131014A,EX0,BAND_BB,-0.192,2.432,1.0,10000.0,observer,42.57893371582031,1.477332353591919,0.07177878419369035,0.006390169563715589,0.006731528791880131,4.5216327364017615e-06,4.070612422508025e-07,4.2406788616653914e-07,6.29296756543457e-05,6.086048754765673e-07,6.213944588475174e-07,0.9999993394472259,1.6265765616977856,swept,69.6,0.286,1.0,10000.0,0.07531435936101943,0.0066703659604813725,0.007058762237514463,0.9999999619820842,10000,668559939
GRB131014A,EX0,BAND_BB,-0.192,2.432,1.0,10000.0,observer,42.57893371582031,1.477332353591919,0.07177878419369035,0.006390169563715589,0.006731528791880131,4.5216327364017615e-06,4.070612422508025e-07,4.2406788616653914e-07,6.29296756543457e-05,6.086048754765673e-07,6.213944588475174e-07,0.9999993394472259,1.763952671144663,swept,69.6,0.286,1.0,10000.0,0.07561847389559939,0.006700369404011572,0.007082748353678517,0.9999999671636128,10000,668559939
GRB131014A,EX0,BAND_BB,-0.192,2.432,1.0,10000.0,observer,42.57893371582031,1.477332353591919,0.07177878419369035,0.006390169563715589,0.006731528791880131,4.5216327364017615e-06,4.070612422508025e-07,4.2406788616653914e-07,6.29296756543457e-05,6.086048754765673e-07,6.213944588475174e-07,0.9999993394472259,1.9129311827723892,swept,69.6,0.286,1.0,10000.0,0.07595208327897161,0.006730582386302572,0.007107783664275655,0.9999999717335292,10000,668559939
GRB131014A,EX0,BAND_BB,-0.192,2.432,1.0,10000.0,observer,42.57893371582031,1.477332353591919,0.07177878419369035,0.006390169563715589,0.006731528791880131,4.5216327364017615e-06,4.070612422508025e-07,4.2406788616653914e-07,6.29296756543457e-05,6.086048754765673e-07,6.213944588475174e-07,0.9999993394472259,2.0,swept,69.6,0.286,1.0,10000.0,0.07615247147114367,0.006752954617711235,0.007127787282002848,0.9999999739995605,10000,668559939
GRB131014A,EX0,BAND_BB,-0.192,2.432,1.0,10000.0,observer,42.57893371582031,1.477332353591919,0.07177878419369035,0.006390169563715589,0.006731528791880131,4.5216327364017615e-06,4.070612422508025e-07,4.2406788616653914e-07,6.29296756543457e-05,6.086048754765673e-07,6.213944588475174e-07,0.9999993394472259,2.0744920030356466,swept,69.6,0.286,1.0,10000.0,0.07631802049490917,0.0067656072168539305,0.007146067698333508,0.9999999757399013,10000,668559939
GRB131014A,EX0,BAND_BB,-0.192,2.432,1.0,10000.0,observer,42.57893371582031,1.477332353591919,0.07177878419369035,0.006390169563715589,0.006731528791880131,4.5216327364017615e-06,4.070612422508025e-07,4.2406788616653914e-07,6.29296756543457e-05,6.086048754765673e-07,6.213944588475174e-07,0.9999993394472259,2.2496977985490374,swept,69.6,0.286,1.0,10000.0,0.07671299715505624,0.0067875749027591775,0.007194107351374601,0.9999999792317216,10000,668559939
GRB131014A,EX0,BAND_BB,-0.192,2.432,1.0,10000.0,observer,42.57893371582031,1.477332353591919,0.07177878419369035,0.006390169563715589,0.006731528791880131,4.5216327364017615e-06,4.070612422508025e-07,4.2406788616653914e-07,6.29296756543457e-05,6.086048754765673e-07,6.213944588475174e-07,0.9999993394472259,2.439700985778839,swept,69.6,0.286,1.0,10000.0,0.077144676958291,0.006820031304741958,0.007233625553152864,0.9999999822578027,10000,668559939
GRB131014A,EX0,BAND_BB,-0.192,2.432,1.0,10000.0,observer,42.57893371582031,1.477332353591919,0.07177878419369035,0.006390169563715589,0.006731528791880131,4.5216327364017615e-06,4.070612422508025e-07,4.2406788616653914e-07,6.29296756543457e-05,6.086048754765673e-07,6.213944588475174e-07,0.9999993394472259,2.6457513110645907,swept,69.6,0.286,1.0,10000.0,0.07761910868714912,0.006870891501181531,0.007266824962801302,0.9999999848658336,10000,668559939
GRB131014A,EX0,BAND_BB,-0.192,2.432,1.0,10000.0,observer,42.57893371582031,1.477332353591919,0.07177878419369035,0.006390169563715589,0.006731528791880131,4.5216327364017615e-06,4.070612422508025e-07,4.2406788616653914e-07,6.29296756543457e-05,6.086048754765673e-07,6.213944588475174e-07,0.9999993394472259,2.8692040708281104,swept,69.6,0.286,1.0,10000.0,0.07813556441446276,0.006911014607555624,0.007309856374847337,0.9999999871016076,10000,668559939
GRB131014A,EX0,BAND_BB,-0.192,2.432,1.0,10000.0,observer,42.57893371582031,1.477332353591919,0.07177878419369035,0.006390169563715589,0.006731528791880131,4.5216327364017615e-06,4.070612422508025e-07,4.2406788616653914e-07,6.29296756543457e-05,6.086048754765673e-07,6.213944588475174e-07,0.9999993394472259,3.0,swept,69.6,0.286,1.0,10000.0,0.07844773912269662,0.006934808017978661,0.0073451752349027455,0.9999999881880359,10000,668559939
GRB131014A,EX0,BAND_BB,-0.192,2.432,1.0,10000.0,observer,42.57893371582031,1.477332353591919,0.07177878419369035,0.006390169563715589,0.006731528791880131,4.5216327364017615e-06,4.070612422508025e-07,4.2406788616653914e-07,6.29296756543457e-05,6.086048754765673e-07,6.213944588475174e-07,0.9999993394472259,3.1115290260383914,swept,69.6,0.286,1.0,10000.0,0.07871365443165569,0.0069571821583314375,0.007359186761176403,0.9999999890084246,10000,668559939
GRB131014A,EX0,BAND_BB,-0.192,2.432,1.0,10000.0,observer,42.57893371582031,1.477332353591919,0.07177878419369035,0.006390169563715589,0.006731528791880131,4.5216327364017615e-06,4.070612422508025e-07,4.2406788616653914e-07,6.29296756543457e-05,6.086048754765673e-07,6.213944588475174e-07,0.9999993394472259,3.3743200695672746,swept,69.6,0.286,1.0,10000.0,0.0793403823327419,0.007007404142344659,0.0074177373794444695,0.999999990626658,10000,668559939
GRB131014A,EX0,BAND_BB,-0.192,2.432,1.0,10000.0,observer,42.57893371582031,1.477332353591919,0.07177878419369035,0.006390169563715589,0.006731528791880131,4.5216327364017615e-06,4.070612422508025e-07,4.2406788616653914e-07,6.29296756543457e-05,6.086048754765673e-07,6.213944588475174e-07,0.9999993394472259,3.6593057100229713,swept,69.6,0.286,1.0,10000.0,0.08003347979031528,0.007067977457124494,0.007482185583155526,0.99999999199348,10000,668559939
GRB131014A,EX0,BAND_BB,-0.192,2.432,1.0,10000.0,observer,42.57893371582031,1.477332353591919,0.07177878419369035,0.006390169563715589,0.006731528791880131,4.5216327364017615e-06,4.070612422508025e-07,4.2406788616653914e-07,6.29296756543457e-05,6.086048754765673e-07,6.213944588475174e-07,0.9999993394472259,3.968360441018843,swept,69.6,0.286,1.0,10000.0,0.08079263490833473,0.007132890223299271,0.0075421090704692745,0.9999999931427165,10000,668559939
GRB131014A,EX0,BAND_BB,-0.192,2.432,1.0,10000.0,observer,42.57893371582031,1.477332353591919,0.07177878419369035,0.006390169563715589,0.006731528791880131,4.5216327364017615e-06,4.070612422508025e-07,4.2406788616653914e-07,6.29296756543457e-05,6.086048754765673e-07,6.213944588475174e-07,0.9999993394472259,4.30351707065885,swept,69.6,0.286,1.0,10000.0,0.08162708910372449,0.0072137113248020995,0.0075956087505673064,0.9999999941048212,10000,668559939
GRB131014A,EX0,BAND_BB,-0.192,2.432,1.0,10000.0,observer,42.57893371582031,1.477332353591919,0.07177878419369035,0.006390169563715589,0.006731528791880131,4.5216327364017615e-06,4.070612422508025e-07,4.2406788616653914e-07,6.29296756543457e-05,6.086048754765673e-07,6.213944588475174e-07,0.9999993394472259,4.666980092336878,swept,69.6,0.286,1.0,10000.0,0.08254213091837707,0.007283257133037249,0.007703374628520013,0.9999999949069324,10000,668559939
GRB131014A,EX0,BAND_BB,-0.192,2.432,1.0,10000.0,observer,42.57893371582031,1.477332353591919,0.07177878419369035,0.006390169563715589,0.006731528791880131,4.5216327364017615e-06,4.070612422508025e-07,4.2406788616653914e-07,6.29296756543457e-05,6.086048754765673e-07,6.213944588475174e-07,0.9999993394472259,5.0,swept,69.6,0.286,1.0,10000.0,0.08340013655592565,0.007363991137327899,0.00778286119510431,0.9999999954809181,10000,668559939
GRB131014A,EX0,BAND_BB,-0.192,2.432,1.0,10000.0,observer,42.57893371582031,1.477332353591919,0.07177878419369035,0.006390169563715589,0.006731528791880131,4.5216327364017615e-06,4.070612422508025e-07,4.2406788616653914e-07,6.29296756543457e-05,6.086048754765673e-07,6.213944588475174e-07,0.9999993394472259,5.061140184796385,swept,69.6,0.286,1.0,10000.0,0.08355755889620803,0.0073799038522478905,0.007797296143197116,0.9999999955729173,10000,668559939
GRB131014A,EX0,BAND_BB,-0.192,2.432,1.0,10000.0,observer,42.57893371582031,1.477332353591919,0.07177878419369035,0.006390169563715589,0.006731528791880131,4.5216327364017615e-06,4.070612422508025e-07,4.2406788616653914e-07,6.29296756543457e-05,6.086048754765673e-07,6.213944588475174e-07,0.9999993394472259,5.488589936824571,swept,69.6,0.286,1.0,10000.0,0.08467347107894407,0.007473357587104698,0.007924305596830938,0.9999999961226584,10000,668559939
GRB131014A,EX0,BAND_BB,-0.192,2.432,1.0,10000.0,observer,42.57893371582031,1.477332353591919,0.07177878419369035,0.006390169563715589,0.006731528791880131,4.5216327364017615e-06,4.070612422508025e-07,4.2406788616653914e-07,6.29296756543457e-05,6.086048754765673e-07,6.213944588475174e-07,0.9999993394472259,5.95214090001024,swept,69.6,0.286,1.0,10000.0,0.08591664413405385,0.007590846823537903,0.008061794634494232,0.99999999656468,10000,668559939
GRB131014A,EX0,BAND_BB,-0.192,2.432,1.0,10000.0,observer,42.57893371582031,1.477332353591919,0.07177878419369035,0.006390169563715589,0.006731528791880131,4.5216327364017615e-06,4.070612422508025e-07,4.2406788616653914e-07,6.29296756543457e-05,6.086048754765673e-07,6.213944588475174e-07,0.9999993394472259,6.454842081729937,swept,69.6,0.286,1.0,10000.0,0.08731786945378489,0.0077240239856605775,0.008192124661087014,0.9999999968415509,10000,668559939
GRB131014A,EX0,BAND_BB,-0.192,2.432,1.0,10000.0,observer,42.57893371582031,1.477332353591919,0.07177878419369035,0.006390169563715589,0.006731528791880131,4.5216327364017615e-06,4.070612422508025e-07,4.2406788616653914e-07,6.29296756543457e-05,6.086048754765673e-07,6.213944588475174e-07,0.9999993394472259,7.0,swept,69.6,0.286,1.0,10000.0,0.08887720991155726,0.007860269752536966,0.008339528502475699,0.9999999964883247,10000,668559939
GRB131014A,TR1,BAND_BB,0.96,2.432,1.0,10000.0,observer,44.04874801635742,1.6161514520645142,0.07151105470363744,0.006813702567109406,0.007503545481212917,7.627570817963054e-06,7.278452343525132e-07,8.097262388346791e-07,0.00010664744349651593,9.576505197140055e-07,9.807236209184585e-07,0.9999994030738452,1.0,swept,69.6,0.286,1.0,10000.0,0.0736472994077833,0.006983536666207962,0.007712778409546164,0.9999999238017102,10000,668559939
GRB131014A,TR1,BAND_BB,0.96,2.432,1.0,10000.0,observer,44.04874801635742,1.6161514520645142,0.07151105470363744,0.006813702567109406,0.007503545481212917,7.627570817963054e-06,7.278452343525132e-07,8.097262388346791e-07,0.00010664744349651593,9.576505197140055e-07,9.807236209184585e-07,0.9999994030738452,1.0844572045864764,swept,69.6,0.286,1.0,10000.0,0.07383186961186172,0.006997399795220419,0.007730961074864803,0.9999999325135841,10000,668559939
GRB131014A,TR1,BAND_BB,0.96,2.432,1.0,10000.0,observer,44.04874801635742,1.6161514520645142,0.07151105470363744,0.006813702567109406,0.007503545481212917,7.627570817963054e-06,7.278452343525132e-07,8.097262388346791e-07,0.00010664744349651593,9.576505197140055e-07,9.807236209184585e-07,0.9999994030738452,1.1760474285795146,swept,69.6,0.286,1.0,10000.0,0.07404119961861184,0.007021773231869394,0.007741522601726017,0.9999999404966031,10000,668559939
GRB131014A,TR1,BAND_BB,0.96,2.432,1.0,10000.0,observer,44.04874801635742,1.6161514520645142,0.07151105470363744,0.006813702567109406,0.007503545481212917,7.627570817963054e-06,7.278452343525132e-07,8.097262388346791e-07,0.00010664744349651593,9.576505197140055e-07,9.807236209184585e-07,0.9999994030738452,1.2753731068584542,swept,69.6,0.286,1.0,10000.0,0.07425968015492598,0.007037924928865041,0.0077608894454293115,0.9999999477640249,10000,668559939
GRB131014A,TR1,BAND_BB,0.96,2.432,1.0,10000.0,observer,44.04874801635742,1.6161514520645142,0.07151105470363744,0.006813702567109406,0.007503545481212917,7.627570817963054e-06,7.278452343525132e-07,8.097262388346791e-07,0.00010664744349651593,9.576505197140055e-07,9.807236209184585e-07,0.9999994030738452,1.3830875542684884,swept,69.6,0.286,1.0,10000.0,0.0744949951313844,0.007055821986144295,0.007788692703939226,0.999999954337112,10000,668559939
GRB131014A,TR1,BAND_BB,0.96,2.432,1.0,10000.0,observer,44.04874801635742,1.6161514520645142,0.07151105470363744,0.006813702567109406,0.007503545481212917,7.627570817963054e-06,7.278452343525132e-07,8.097262388346791e-07,0.00010664744349651593,9.576505197140055e-07,9.807236209184585e-07,0.9999994030738452,1.4998992628003514,swept,69.6,0.286,1.0,10000.0,0.07475467163668303,0.007091915658643477,0.007808564306988425,0.9999999602440341,10000,668559939
GRB131014A,TR1,BAND_BB,0.96,2.432,1.0,10000.0,observer,44.04874801635742,1.6161514520645142,0.07151105470363744,0.006813702567109406,0.007503545481212917,7.627570817963054e-06,7.278452343525132e-07,8.097262388346791e-07,0.00010664744349651593,9.576505197140055e-07,9.807236209184585e-07,0.9999994030738452,1.6265765616977856,swept,69.6,0.286,1.0,10000.0,0.0750245754363154,0.007115638884018172,0.00784252043981748,0.9999999655186605,10000,668559939
GRB131014A,TR1,BAND_BB,0.96,2.432,1.0,10000.0,observer,44.04874801635742,1.6161514520645142,0.07151105470363744,0.006813702567109406,0.007503545481212917,7.627570817963054e-06,7.278452343525132e-07,8.097262388346791e-07,0.00010664744349651593,9.576505197140055e-07,9.807236209184585e-07,0.9999994030738452,1.763952671144663,swept,69.6,0.286,1.0,10000.0,0.07532470858735471,0.007130994434755233,0.007881413475702356,0.9999999701992963,10000,668559939
GRB131014A,TR1,BAND_BB,0.96,2.432,1.0,10000.0,observer,44.04874801635742,1.6161514520645142,0.07151105470363744,0.006813702567109406,0.007503545481212917,7.627570817963054e-06,7.278452343525132e-07,8.097262388346791e-07,0.00010664744349651593,9.576505197140055e-07,9.807236209184585e-07,0.9999994030738452,1.9129311827723892,swept,69.6,0.286,1.0,10000.0,0.07565821456433168,0.007164354329513178,0.007912538335391725,0.9999999743274134,10000,668559939
GRB131014A,TR1,BAND_BB,0.96,2.432,1.0,10000.0,observer,44.04874801635742,1.6161514520645142,0.07151105470363744,0.006813702567109406,0.007503545481212917,7.627570817963054e-06,7.278452343525132e-07,8.097262388346791e-07,0.00010664744349651593,9.576505197140055e-07,9.807236209184585e-07,0.9999994030738452,2.0,swept,69.6,0.286,1.0,10000.0,0.07585966303555773,0.007188258327851513,0.007926379926226648,0.9999999763743632,10000,668559939
GRB131014A,TR1,BAND_BB,0.96,2.432,1.0,10000.0,observer,44.04874801635742,1.6161514520645142,0.07151105470363744,0.006813702567109406,0.007503545481212917,7.627570817963054e-06,7.278452343525132e-07,8.097262388346791e-07,0.00010664744349651593,9.576505197140055e-07,9.807236209184585e-07,0.9999994030738452,2.0744920030356466,swept,69.6,0.286,1.0,10000.0,0.0760286744774942,0.007205452330254158,0.007942392104596283,0.9999999779464409,10000,668559939
GRB131014A,TR1,BAND_BB,0.96,2.432,1.0,10000.0,observer,44.04874801635742,1.6161514520645142,0.07151105470363744,0.006813702567109406,0.007503545481212917,7.627570817963054e-06,7.278452343525132e-07,8.097262388346791e-07,0.00010664744349651593,9.576505197140055e-07,9.807236209184585e-07,0.9999994030738452,2.2496977985490374,swept,69.6,0.286,1.0,10000.0,0.0764213658963305,0.007243083421711635,0.007996282571879426,0.9999999811006426,10000,668559939
GRB131014A,TR1,BAND_BB,0.96,2.432,1.0,10000.0,observer,44.04874801635742,1.6161514520645142,0.07151105470363744,0.006813702567109406,0.007503545481212917,7.627570817963054e-06,7.278452343525132e-07,8.097262388346791e-07,0.00010664744349651593,9.576505197140055e-07,9.807236209184585e-07,0.9999994030738452,2.439700985778839,swept,69.6,0.286,1.0,10000.0,0.07684967982593258,0.0072733145635122814,0.008054796522683552,0.9999999838341185,10000,668559939
GRB131014A,TR1,BAND_BB,0.96,2.432,1.0,10000.0,observer,44.04874801635742,1.6161514520645142,0.07151105470363744,0.006813702567109406,0.007503545481212917,7.627570817963054e-06,7.278452343525132e-07,8.097262388346791e-07,0.00010664744349651593,9.576505197140055e-07,9.807236209184585e-07,0.9999994030738452,2.6457513110645907,swept,69.6,0.286,1.0,10000.0,0.07733286663740552,0.007324727076416626,0.008094355287194335,0.9999999861899516,10000,668559939
GRB131014A,TR1,BAND_BB,0.96,2.432,1.0,10000.0,observer,44.04874801635742,1.6161514520645142,0.07151105470363744,0.006813702567109406,0.007503545481212917,7.627570817963054e-06,7.278452343525132e-07,8.097262388346791e-07,0.00010664744349651593,9.576505197140055e-07,9.807236209184585e-07,0.9999994030738452,2.8692040708281104,swept,69.6,0.286,1.0,10000.0,0.07785537711967294,0.007382182032564841,0.008156168315142612,0.9999999882095126,10000,668559939
GRB131014A,TR1,BAND_BB,0.96,2.432,1.0,10000.0,observer,44.04874801635742,1.6161514520645142,0.07151105470363744,0.006813702567109406,0.007503545481212917,7.627570817963054e-06,7.278452343525132e-07,8.097262388346791e-07,0.00010664744349651593,9.576505197140055e-07,9.807236209184585e-07,0.9999994030738452,3.0,swept,69.6,0.286,1.0,10000.0,0.07815916917462694,0.0074050804770393885,0.008193871079427678,0.9999999891908717,10000,668559939
GRB131014A,TR1,BAND_BB,0.96,2.432,1.0,10000.0,observer,44.04874801635742,1.6161514520645142,0.07151105470363744,0.006813702567109406,0.007503545481212917,7.627570817963054e-06,7.278452343525132e-07,8.097262388346791e-07,0.00010664744349651593,9.576505197140055e-07,9.807236209184585e-07,0.9999994030738452,3.1115290260383914,swept,69.6,0.286,1.0,10000.0,0.07843047620182855,0.007444004589680198,0.008211794869323635,0.9999999899319179,10000,668559939
GRB131014A,TR1,BAND_BB,0.96,2.432,1.0,10000.0,observer,44.04874801635742,1.6161514520645142,0.07151105470363744,0.006813702567109406,0.007503545481212917,7.627570817963054e-06,7.278452343525132e-07,8.097262388346791e-07,0.00010664744349651593,9.576505197140055e-07,9.807236209184585e-07,0.9999994030738452,3.3743200695672746,swept,69.6,0.286,1.0,10000.0,0.07905729791936923,0.007496945589767615,0.008273607780879988,0.9999999913936408,10000,668559939
GRB131014A,TR1,BAND_BB,0.96,2.432,1.0,10000.0,observer,44.04874801635742,1.6161514520645142,0.07151105470363744,0.006813702567109406,0.007503545481212917,7.627570817963054e-06,7.278452343525132e-07,8.097262388346791e-07,0.00010664744349651593,9.576505197140055e-07,9.807236209184585e-07,0.9999994030738452,3.6593057100229713,swept,69.6,0.286,1.0,10000.0,0.07973340141361374,0.007539319046379694,0.008364616181234949,0.999999992628261,10000,668559939
GRB131014A,TR1,BAND_BB,0.96,2.432,1.0,10000.0,observer,44.04874801635742,1.6161514520645142,0.07151105470363744,0.006813702567109406,0.007503545481212917,7.627570817963054e-06,7.278452343525132e-07,8.097262388346791e-07,0.00010664744349651593,9.576505197140055e-07,9.807236209184585e-07,0.9999994030738452,3.968360441018843,swept,69.6,0.286,1.0,10000.0,0.08049060550313505,0.007620266199805964,0.008450608094918932,0.9999999936663352,10000,668559939
GRB131014A,TR1,BAND_BB,0.96,2.432,1.0,10000.0,observer,44.04874801635742,1.6161514520645142,0.07151105470363744,0.006813702567109406,0.007503545481212917,7.627570817963054e-06,7.278452343525132e-07,8.097262388346791e-07,0.00010664744349651593,9.576505197140055e-07,9.807236209184585e-07,0.9999994030738452,4.30351707065885,swept,69.6,0.286,1.0,10000.0,0.08132384618299754,0.007692087817557286,0.008560940127258165,0.9999999945353716,10000,668559939
GRB131014A,TR1,BAND_BB,0.96,2.432,1.0,10000.0,observer,44.04874801635742,1.6161514520645142,0.07151105470363744,0.006813702567109406,0.007503545481212917,7.627570817963054e-06,7.278452343525132e-07,8.097262388346791e-07,0.00010664744349651593,9.576505197140055e-07,9.807236209184585e-07,0.9999994030738452,4.666980092336878,swept,69.6,0.286,1.0,10000.0,0.08225301881321431,0.007782521879730456,0.008661939006845212,0.9999999952598602,10000,668559939
GRB131014A,TR1,BAND_BB,0.96,2.432,1.0,10000.0,observer,44.04874801635742,1.6161514520645142,0.07151105470363744,0.006813702567109406,0.007503545481212917,7.627570817963054e-06,7.278452343525132e-07,8.097262388346791e-07,0.00010664744349651593,9.576505197140055e-07,9.807236209184585e-07,0.9999994030738452,5.0,swept,69.6,0.286,1.0,10000.0,0.0831099405654768,0.007846569406404172,0.008768955596959407,0.9999999957781067,10000,668559939
GRB131014A,TR1,BAND_BB,0.96,2.432,1.0,10000.0,observer,44.04874801635742,1.6161514520645142,0.07151105470363744,0.006813702567109406,0.007503545481212917,7.627570817963054e-06,7.278452343525132e-07,8.097262388346791e-07,0.00010664744349651593,9.576505197140055e-07,9.807236209184585e-07,0.9999994030738452,5.061140184796385,swept,69.6,0.286,1.0,10000.0,0.08326878230778816,0.007861902622138303,0.008790818745325127,0.9999999958611046,10000,668559939
GRB131014A,TR1,BAND_BB,0.96,2.432,1.0,10000.0,observer,44.04874801635742,1.6161514520645142,0.07151105470363744,0.006813702567109406,0.007503545481212917,7.627570817963054e-06,7.278452343525132e-07,8.097262388346791e-07,0.00010664744349651593,9.576505197140055e-07,9.807236209184585e-07,0.9999994030738452,5.488589936824571,swept,69.6,0.286,1.0,10000.0,0.08440516922821184,0.007975858505995748,0.008924320080308759,0.9999999963547822,10000,668559939
GRB131014A,TR1,BAND_BB,0.96,2.432,1.0,10000.0,observer,44.04874801635742,1.6161514520645142,0.07151105470363744,0.006813702567109406,0.007503545481212917,7.627570817963054e-06,7.278452343525132e-07,8.097262388346791e-07,0.00010664744349651593,9.576505197140055e-07,9.807236209184585e-07,0.9999994030738452,5.95214090001024,swept,69.6,0.286,1.0,10000.0,0.08566491791966795,0.00810356802509328,0.009082084021469525,0.999999996731037,10000,668559939
GRB131014A,TR1,BAND_BB,0.96,2.432,1.0,10000.0,observer,44.04874801635742,1.6161514520645142,0.07151105470363744,0.006813702567109406,0.007503545481212917,7.627570817963054e-06,7.278452343525132e-07,8.097262388346791e-07,0.00010664744349651593,9.576505197140055e-07,9.807236209184585e-07,0.9999994030738452,6.454842081729937,swept,69.6,0.286,1.0,10000.0,0.0870684682118068,0.008247058789922324,0.00925694461613602,0.9999999968209609,10000,668559939
GRB131014A,TR1,BAND_BB,0.96,2.432,1.0,10000.0,observer,44.04874801635742,1.6161514520645142,0.07151105470363744,0.006813702567109406,0.007503545481212917,7.627570817963054e-06,7.278452343525132e-07,8.097262388346791e-07,0.00010664744349651593,9.576505197140055e-07,9.807236209184585e-07,0.9999994030738452,7.0,swept,69.6,0.286,1.0,10000.0,0.08864451263307752,0.00841162331752418,0.009436312362889901,0.9999999955258322,10000,668559939
GRB131014A,EX1,BAND_BB,2.432,6.976,1.0,10000.0,observer,28.031423568725586,1.1936372518539429,0.07204899221535893,0.010693148761462615,0.012880766541633198,1.3554423541474596e-06,2.012079761633947e-07,2.3743677818826546e-07,1.877941378714358e-05,2.5721928266065045e-07,2.715373973477351e-07,0.9999976991581425,1.0,swept,69.6,0.286,1.0,10000.0,0.07358670562346895,0.010902322532348602,0.013031110128562368,0.9999997091957508,10000,668559939
GRB131014A,EX1,BAND_BB,2.432,6.976,1.0,10000.0,observer,28.031423568725586,1.1936372518539429,0.07204899221535893,0.010693148761462615,0.012880766541633198,1.3554423541474596e-06,2.012079761633947e-07,2.3743677818826546e-07,1.877941378714358e-05,2.5721928266065045e-07,2.715373973477351e-07,0.9999976991581425,1.0844572045864764,swept,69.6,0.286,1.0,10000.0,0.07370893033189417,0.010924093121879058,0.01306727637086677,0.9999997428929068,10000,668559939
GRB131014A,EX1,BAND_BB,2.432,6.976,1.0,10000.0,observer,28.031423568725586,1.1936372518539429,0.07204899221535893,0.010693148761462615,0.012880766541633198,1.3554423541474596e-06,2.012079761633947e-07,2.3743677818826546e-07,1.877941378714358e-05,2.5721928266065045e-07,2.715373973477351e-07,0.9999976991581425,1.1760474285795146,swept,69.6,0.286,1.0,10000.0,0.07384009615238016,0.01093018391196722,0.013088650972573335,0.9999997737749525,10000,668559939
GRB131014A,EX1,BAND_BB,2.432,6.976,1.0,10000.0,observer,28.031423568725586,1.1936372518539429,0.07204899221535893,0.010693148761462615,0.012880766541633198,1.3554423541474596e-06,2.012079761633947e-07,2.3743677818826546e-07,1.877941378714358e-05,2.5721928266065045e-07,2.715373973477351e-07,0.9999976991581425,1.2753731068584542,swept,69.6,0.286,1.0,10000.0,0.07397943111169898,0.010954554881339174,0.0131143562884041,0.9999998018924203,10000,668559939
GRB131014A,EX1,BAND_BB,2.432,6.976,1.0,10000.0,observer,28.031423568725586,1.1936372518539429,0.07204899221535893,0.010693148761462615,0.012880766541633198,1.3554423541474596e-06,2.012079761633947e-07,2.3743677818826546e-07,1.877941378714358e-05,2.5721928266065045e-07,2.715373973477351e-07,0.9999976991581425,1.3830875542684884,swept,69.6,0.286,1.0,10000.0,0.07413587140507613,0.01096976967375049,0.013138923934931046,0.9999998273268292,10000,668559939
GRB131014A,EX1,BAND_BB,2.432,6.976,1.0,10000.0,observer,28.031423568725586,1.1936372518539429,0.07204899221535893,0.010693148761462615,0.012880766541633198,1.3554423541474596e-06,2.012079761633947e-07,2.3743677818826546e-07,1.877941378714358e-05,2.5721928266065045e-07,2.715373973477351e-07,0.9999976991581425,1.4998992628003514,swept,69.6,0.286,1.0,10000.0,0.07429237499866273,0.010981688322899322,0.013181773716463563,0.9999998501864669,10000,668559939
GRB131014A,EX1,BAND_BB,2.432,6.976,1.0,10000.0,observer,28.031423568725586,1.1936372518539429,0.07204899221535893,0.010693148761462615,0.012880766541633198,1.3554423541474596e-06,2.012079761633947e-07,2.3743677818826546e-07,1.877941378714358e-05,2.5721928266065045e-07,2.715373973477351e-07,0.9999976991581425,1.6265765616977856,swept,69.6,0.286,1.0,10000.0,0.07447702963607174,0.011000949279313235,0.013213485187716145,0.9999998706017229,10000,668559939
GRB131014A,EX1,BAND_BB,2.432,6.976,1.0,10000.0,observer,28.031423568725586,1.1936372518539429,0.07204899221535893,0.010693148761462615,0.012880766541633198,1.3554423541474596e-06,2.012079761633947e-07,2.3743677818826546e-07,1.877941378714358e-05,2.5721928266065045e-07,2.715373973477351e-07,0.9999976991581425,1.763952671144663,swept,69.6,0.286,1.0,10000.0,0.0746788970217343,0.0110252675009085,0.013239831670468022,0.9999998887202095,10000,668559939
GRB131014A,EX1,BAND_BB,2.432,6.976,1.0,10000.0,observer,28.031423568725586,1.1936372518539429,0.07204899221535893,0.010693148761462615,0.012880766541633198,1.3554423541474596e-06,2.012079761633947e-07,2.3743677818826546e-07,1.877941378714358e-05,2.5721928266065045e-07,2.715373973477351e-07,0.9999976991581425,1.9129311827723892,swept,69.6,0.286,1.0,10000.0,0.07487494015948246,0.0110394961464573,0.01327987728318307,0.9999999047018743,10000,668559939
GRB131014A,EX1,BAND_BB,2.432,6.976,1.0,10000.0,observer,28.031423568725586,1.1936372518539429,0.07204899221535893,0.010693148761462615,0.012880766541633198,1.3554423541474596e-06,2.012079761633947e-07,2.3743677818826546e-07,1.877941378714358e-05,2.5721928266065045e-07,2.715373973477351e-07,0.9999976991581425,2.0,swept,69.6,0.286,1.0,10000.0,0.07499830749802885,0.011051910723456085,0.013290025964985616,0.9999999126272118,10000,668559939
GRB131014A,EX1,BAND_BB,2.432,6.976,1.0,10000.0,observer,28.031423568725586,1.1936372518539429,0.07204899221535893,0.010693148761462615,0.012880766541633198,1.3554423541474596e-06,2.012079761633947e-07,2.3743677818826546e-07,1.877941378714358e-05,2.5721928266065045e-07,2.715373973477351e-07,0.9999976991581425,2.0744920030356466,swept,69.6,0.286,1.0,10000.0,0.07510119970098794,0.011068411464785488,0.013300197665613384,0.9999999187143075,10000,668559939
GRB131014A,EX1,BAND_BB,2.432,6.976,1.0,10000.0,observer,28.031423568725586,1.1936372518539429,0.07204899221535893,0.010693148761462615,0.012880766541633198,1.3554423541474596e-06,2.012079761633947e-07,2.3743677818826546e-07,1.877941378714358e-05,2.5721928266065045e-07,2.715373973477351e-07,0.9999976991581425,2.2496977985490374,swept,69.6,0.286,1.0,10000.0,0.07534943540872549,0.011093878301737442,0.01331500948292326,0.9999999309284048,10000,668559939
GRB131014A,EX1,BAND_BB,2.432,6.976,1.0,10000.0,observer,28.031423568725586,1.1936372518539429,0.07204899221535893,0.010693148761462615,0.012880766541633198,1.3554423541474596e-06,2.012079761633947e-07,2.3743677818826546e-07,1.877941378714358e-05,2.5721928266065045e-07,2.715373973477351e-07,0.9999976991581425,2.439700985778839,swept,69.6,0.286,1.0,10000.0,0.07560609895253143,0.011125854262903037,0.013366424105704253,0.9999999415145027,10000,668559939
GRB131014A,EX1,BAND_BB,2.432,6.976,1.0,10000.0,observer,28.031423568725586,1.1936372518539429,0.07204899221535893,0.010693148761462615,0.012880766541633198,1.3554423541474596e-06,2.012079761633947e-07,2.3743677818826546e-07,1.877941378714358e-05,2.5721928266065045e-07,2.715373973477351e-07,0.9999976991581425,2.6457513110645907,swept,69.6,0.286,1.0,10000.0,0.0758872478884301,0.011157616823977923,0.013414394377982905,0.9999999506390735,10000,668559939
GRB131014A,EX1,BAND_BB,2.432,6.976,1.0,10000.0,observer,28.031423568725586,1.1936372518539429,0.07204899221535893,0.010693148761462615,0.012880766541633198,1.3554423541474596e-06,2.012079761633947e-07,2.3743677818826546e-07,1.877941378714358e-05,2.5721928266065045e-07,2.715373973477351e-07,0.9999976991581425,2.8692040708281104,swept,69.6,0.286,1.0,10000.0,0.07619145291207644,0.011189260183967278,0.013459292193675199,0.999999958462022,10000,668559939
GRB131014A,EX1,BAND_BB,2.432,6.976,1.0,10000.0,observer,28.031423568725586,1.1936372518539429,0.07204899221535893,0.010693148761462615,0.012880766541633198,1.3554423541474596e-06,2.012079761633947e-07,2.3743677818826546e-07,1.877941378714358e-05,2.5721928266065045e-07,2.715373973477351e-07,0.9999976991581425,3.0,swept,69.6,0.286,1.0,10000.0,0.07636623821475948,0.011211893912965024,0.01349069907329968,0.9999999622637065,10000,668559939
GRB131014A,EX1,BAND_BB,2.432,6.976,1.0,10000.0,observer,28.031423568725586,1.1936372518539429,0.07204899221535893,0.010693148761462615,0.012880766541633198,1.3554423541474596e-06,2.012079761633947e-07,2.3743677818826546e-07,1.877941378714358e-05,2.5721928266065045e-07,2.715373973477351e-07,0.9999976991581425,3.1115290260383914,swept,69.6,0.286,1.0,10000.0,0.07652310879050186,0.011237821034351891,0.013513626339775417,0.999999965134586,10000,668559939
GRB131014A,EX1,BAND_BB,2.432,6.976,1.0,10000.0,observer,28.031423568725586,1.1936372518539429,0.07204899221535893,0.010693148761462615,0.012880766541633198,1.3554423541474596e-06,2.012079761633947e-07,2.3743677818826546e-07,1.877941378714358e-05,2.5721928266065045e-07,2.715373973477351e-07,0.9999976991581425,3.3743200695672746,swept,69.6,0.286,1.0,10000.0,0.07687858424745413,0.011288691152143482,0.013577862692681839,0.9999999707978208,10000,668559939
GRB131014A,EX1,BAND_BB,2.432,6.976,1.0,10000.0,observer,28.031423568725586,1.1936372518539429,0.07204899221535893,0.010693148761462615,0.012880766541633198,1.3554423541474596e-06,2.012079761633947e-07,2.3743677818826546e-07,1.877941378714358e-05,2.5721928266065045e-07,2.715373973477351e-07,0.9999976991581425,3.6593057100229713,swept,69.6,0.286,1.0,10000.0,0.0772793587194052,0.01136668648127137,0.013626824071014315,0.9999999755816229,10000,668559939
GRB131014A,EX1,BAND_BB,2.432,6.976,1.0,10000.0,observer,28.031423568725586,1.1936372518539429,0.07204899221535893,0.010693148761462615,0.012880766541633198,1.3554423541474596e-06,2.012079761633947e-07,2.3743677818826546e-07,1.877941378714358e-05,2.5721928266065045e-07,2.715373973477351e-07,0.9999976991581425,3.968360441018843,swept,69.6,0.286,1.0,10000.0,0.07771044581246295,0.011426581992219437,0.013678282078375986,0.9999999796042245,10000,668559939
GRB131014A,EX1,BAND_BB,2.432,6.976,1.0,10000.0,observer,28.031423568725586,1.1936372518539429,0.07204899221535893,0.010693148761462615,0.012880766541633198,1.3554423541474596e-06,2.012079761633947e-07,2.3743677818826546e-07,1.877941378714358e-05,2.5721928266065045e-07,2.715373973477351e-07,0.9999976991581425,4.30351707065885,swept,69.6,0.286,1.0,10000.0,0.07817231592994756,0.011500643160320012,0.013756407886164057,0.9999999829720907,10000,668559939
GRB131014A,EX1,BAND_BB,2.432,6.976,1.0,10000.0,observer,28.031423568725586,1.1936372518539429,0.07204899221535893,0.010693148761462615,0.012880766541633198,1.3554423541474596e-06,2.012079761633947e-07,2.3743677818826546e-07,1.877941378714358e-05,2.5721928266065045e-07,2.715373973477351e-07,0.9999976991581425,4.666980092336878,swept,69.6,0.286,1.0,10000.0,0.07867001403677704,0.01156569636853609,0.013842489489197904,0.9999999857801448,10000,668559939
GRB131014A,EX1,BAND_BB,2.432,6.976,1.0,10000.0,observer,28.031423568725586,1.1936372518539429,0.07204899221535893,0.010693148761462615,0.012880766541633198,1.3554423541474596e-06,2.012079761633947e-07,2.3743677818826546e-07,1.877941378714358e-05,2.5721928266065045e-07,2.715373973477351e-07,0.9999976991581425,5.0,swept,69.6,0.286,1.0,10000.0,0.07912405162824271,0.011624923040403079,0.013905299499555046,0.9999999877899878,10000,668559939
GRB131014A,EX1,BAND_BB,2.432,6.976,1.0,10000.0,observer,28.031423568725586,1.1936372518539429,0.07204899221535893,0.010693148761462615,0.012880766541633198,1.3554423541474596e-06,2.012079761633947e-07,2.3743677818826546e-07,1.877941378714358e-05,2.5721928266065045e-07,2.715373973477351e-07,0.9999976991581425,5.061140184796385,swept,69.6,0.286,1.0,10000.0,0.07920869108244426,0.011637518279639172,0.013917833844321006,0.9999999881122441,10000,668559939
GRB131014A,EX1,BAND_BB,2.432,6.976,1.0,10000.0,observer,28.031423568725586,1.1936372518539429,0.07204899221535893,0.010693148761462615,0.012880766541633198,1.3554423541474596e-06,2.012079761633947e-07,2.3743677818826546e-07,1.877941378714358e-05,2.5721928266065045e-07,2.715373973477351e-07,0.9999976991581425,5.488589936824571,swept,69.6,0.286,1.0,10000.0,0.07977879390560658,0.011699250874563583,0.014026253366298425,0.9999999900418408,10000,668559939
GRB131014A,EX1,BAND_BB,2.432,6.976,1.0,10000.0,observer,28.031423568725586,1.1936372518539429,0.07204899221535893,0.010693148761462615,0.012880766541633198,1.3554423541474596e-06,2.012079761633947e-07,2.3743677818826546e-07,1.877941378714358e-05,2.5721928266065045e-07,2.715373973477351e-07,0.9999976991581425,5.95214090001024,swept,69.6,0.286,1.0,10000.0,0.08041141793592332,0.011793549440072021,0.014131783601719614,0.9999999916327652,10000,668559939
GRB131014A,EX1,BAND_BB,2.432,6.976,1.0,10000.0,observer,28.031423568725586,1.1936372518539429,0.07204899221535893,0.010693148761462615,0.012880766541633198,1.3554423541474596e-06,2.012079761633947e-07,2.3743677818826546e-07,1.877941378714358e-05,2.5721928266065045e-07,2.715373973477351e-07,0.9999976991581425,6.454842081729937,swept,69.6,0.286,1.0,10000.0,0.08112522838286569,0.011919296902592746,0.014222722960424303,0.9999999929400779,10000,668559939
GRB131014A,EX1,BAND_BB,2.432,6.976,1.0,10000.0,observer,28.031423568725586,1.1936372518539429,0.07204899221535893,0.010693148761462615,0.012880766541633198,1.3554423541474596e-06,2.012079761633947e-07,2.3743677818826546e-07,1.877941378714358e-05,2.5721928266065045e-07,2.715373973477351e-07,0.9999976991581425,7.0,swept,69.6,0.286,1.0,10000.0,0.0818603493382107,0.012014770977636091,0.01438325336640292,0.9999999940109494,10000,668559939
GRB131014A,TR2,SBPL_BB,2.432,4.16,1.0,10000.0,observer,27.233074188232422,0.9492682218551636,0.12713776360430484,0.012251107929992483,0.013301312338171667,5.712236677830243e-06,5.380571310319102e-07,5.596457010840874e-07,4.4831546356488587e-05,5.110405071564508e-07,5.664505756885498e-07,0.9999974919355766,1.0,swept,69.6,0.286,1.0,10000.0,0.1286913699642444,0.012249069538440183,0.013275916735958238,0.9999996830563612,10000,668559939
GRB131014A,TR2,SBPL_BB,2.432,4.16,1.0,10000.0,observer,27.233074188232422,0.9492682218551636,0.12713776360430484,0.012251107929992483,0.013301312338171667,5.712236677830243e-06,5.380571310319102e-07,5.596457010840874e-07,4.4831546356488587e-05,5.110405071564508e-07,5.664505756885498e-07,0.9999974919355766,1.0844572045864764,swept,69.6,0.286,1.0,10000.0,0.1288271664801232,0.01224164638035144,0.013265415754374427,0.9999997197953411,10000,668559939
GRB131014A,TR2,SBPL_BB,2.432,4.16,1.0,10000.0,observer,27.233074188232422,0.9492682218551636,0.12713776360430484,0.012251107929992483,0.013301312338171667,5.712236677830243e-06,5.380571310319102e-07,5.596457010840874e-07,4.4831546356488587e-05,5.110405071564508e-07,5.664505756885498e-07,0.9999974919355766,1.1760474285795146,swept,69.6,0.286,1.0,10000.0,0.12897145270114457,0.01224465811811358,0.013267944097551693,0.9999997534654504,10000,668559939
GRB131014A,TR2,SBPL_BB,2.432,4.16,1.0,10000.0,observer,27.233074188232422,0.9492682218551636,0.12713776360430484,0.012251107929992483,0.013301312338171667,5.712236677830243e-06,5.380571310319102e-07,5.596457010840874e-07,4.4831546356488587e-05,5.110405071564508e-07,5.664505756885498e-07,0.9999974919355766,1.2753731068584542,swept,69.6,0.286,1.0,10000.0,0.12913462811974097,0.012253468136860304,0.01329196749857997,0.9999997841217174,10000,668559939
GRB131014A,TR2,SBPL_BB,2.432,4.16,1.0,10000.0,observer,27.233074188232422,0.9492682218551636,0.12713776360430484,0.012251107929992483,0.013301312338171667,5.712236677830243e-06,5.380571310319102e-07,5.596457010840874e-07,4.4831546356488587e-05,5.110405071564508e-07,5.664505756885498e-07,0.9999974919355766,1.3830875542684884,swept,69.6,0.286,1.0,10000.0,0.12931314430200447,0.012270882274408937,0.01329922127510072,0.9999998118529558,10000,668559939
GRB131014A,TR2,SBPL_BB,2.432,4.16,1.0,10000.0,observer,27.233074188232422,0.9492682218551636,0.12713776360430484,0.012251107929992483,0.013301312338171667,5.712236677830243e-06,5.380571310319102e-07,5.596457010840874e-07,4.4831546356488587e-05,5.110405071564508e-07,5.664505756885498e-07,0.9999974919355766,1.4998992628003514,swept,69.6,0.286,1.0,10000.0,0.12951272489204904,0.012279324697828858,0.013299135826074726,0.999999836777169,10000,668559939
GRB131014A,TR2,SBPL_BB,2.432,4.16,1.0,10000.0,observer,27.233074188232422,0.9492682218551636,0.12713776360430484,0.012251107929992483,0.013301312338171667,5.712236677830243e-06,5.380571310319102e-07,5.596457010840874e-07,4.4831546356488587e-05,5.110405071564508e-07,5.664505756885498e-07,0.9999974919355766,1.6265765616977856,swept,69.6,0.286,1.0,10000.0,0.12972876890859986,0.012278171706486624,0.013296747224383787,0.9999998590364632,10000,668559939
GRB131014A,TR2,SBPL_BB,2.432,4.16,1.0,10000.0,observer,27.233074188232422,0.9492682218551636,0.12713776360430484,0.012251107929992483,0.013301312338171667,5.712236677830243e-06,5.380571310319102e-07,5.596457010840874e-07,4.4831546356488587e-05,5.110405071564508e-07,5.664505756885498e-07,0.9999974919355766,1.763952671144663,swept,69.6,0.286,1.0,10000.0,0.12997420761680495,0.012320352339073443,0.013279125145576942,0.9999998787917275,10000,668559939
GRB131014A,TR2,SBPL_BB,2.432,4.16,1.0,10000.0,observer,27.233074188232422,0.9492682218551636,0.12713776360430484,0.012251107929992483,0.013301312338171667,5.712236677830243e-06,5.380571310319102e-07,5.596457010840874e-07,4.4831546356488587e-05,5.110405071564508e-07,5.664505756885498e-07,0.9999974919355766,1.9129311827723892,swept,69.6,0.286,1.0,10000.0,0.13024049732845222,0.012341490657267903,0.013270429988089555,0.9999998962173056,10000,668559939
GRB131014A,TR2,SBPL_BB,2.432,4.16,1.0,10000.0,observer,27.233074188232422,0.9492682218551636,0.12713776360430484,0.012251107929992483,0.013301312338171667,5.712236677830243e-06,5.380571310319102e-07,5.596457010840874e-07,4.4831546356488587e-05,5.110405071564508e-07,5.664505756885498e-07,0.9999974919355766,2.0,swept,69.6,0.286,1.0,10000.0,0.1303904123719615,0.01233234731074559,0.013279718677624702,0.9999999048587477,10000,668559939
GRB131014A,TR2,SBPL_BB,2.432,4.16,1.0,10000.0,observer,27.233074188232422,0.9492682218551636,0.12713776360430484,0.012251107929992483,0.013301312338171667,5.712236677830243e-06,5.380571310319102e-07,5.596457010840874e-07,4.4831546356488587e-05,5.110405071564508e-07,5.664505756885498e-07,0.9999974919355766,2.0744920030356466,swept,69.6,0.286,1.0,10000.0,0.13052220797256,0.012330584160161695,0.013294294135902357,0.9999999114958826,10000,668559939
GRB131014A,TR2,SBPL_BB,2.432,4.16,1.0,10000.0,observer,27.233074188232422,0.9492682218551636,0.12713776360430484,0.012251107929992483,0.013301312338171667,5.712236677830243e-06,5.380571310319102e-07,5.596457010840874e-07,4.4831546356488587e-05,5.110405071564508e-07,5.664505756885498e-07,0.9999974919355766,2.2496977985490374,swept,69.6,0.286,1.0,10000.0,0.13082603316684127,0.012354389177350017,0.013304125114645737,0.9999999248137532,10000,668559939
GRB131014A,TR2,SBPL_BB,2.432,4.16,1.0,10000.0,observer,27.233074188232422,0.9492682218551636,0.12713776360430484,0.012251107929992483,0.013301312338171667,5.712236677830243e-06,5.380571310319102e-07,5.596457010840874e-07,4.4831546356488587e-05,5.110405071564508e-07,5.664505756885498e-07,0.9999974919355766,2.439700985778839,swept,69.6,0.286,1.0,10000.0,0.13116614722293396,0.012355287717518856,0.013321142043271506,0.999999936356608,10000,668559939
GRB131014A,TR2,SBPL_BB,2.432,4.16,1.0,10000.0,observer,27.233074188232422,0.9492682218551636,0.12713776360430484,0.012251107929992483,0.013301312338171667,5.712236677830243e-06,5.380571310319102e-07,5.596457010840874e-07,4.4831546356488587e-05,5.110405071564508e-07,5.664505756885498e-07,0.9999974919355766,2.6457513110645907,swept,69.6,0.286,1.0,10000.0,0.1315339866280008,0.012372967856710687,0.013346753425427599,0.9999999463059327,10000,668559939
GRB131014A,TR2,SBPL_BB,2.432,4.16,1.0,10000.0,observer,27.233074188232422,0.9492682218551636,0.12713776360430484,0.012251107929992483,0.013301312338171667,5.712236677830243e-06,5.380571310319102e-07,5.596457010840874e-07,4.4831546356488587e-05,5.110405071564508e-07,5.664505756885498e-07,0.9999974919355766,2.8692040708281104,swept,69.6,0.286,1.0,10000.0,0.13195113426617178,0.012393454746555427,0.013349676228110535,0.9999999548360561,10000,668559939
GRB131014A,TR2,SBPL_BB,2.432,4.16,1.0,10000.0,observer,27.233074188232422,0.9492682218551636,0.12713776360430484,0.012251107929992483,0.013301312338171667,5.712236677830243e-06,5.380571310319102e-07,5.596457010840874e-07,4.4831546356488587e-05,5.110405071564508e-07,5.664505756885498e-07,0.9999974919355766,3.0,swept,69.6,0.286,1.0,10000.0,0.132191377516797,0.012400491579755035,0.01336769326253634,0.9999999589814296,10000,668559939
GRB131014A,TR2,SBPL_BB,2.432,4.16,1.0,10000.0,observer,27.233074188232422,0.9492682218551636,0.12713776360430484,0.012251107929992483,0.013301312338171667,5.712236677830243e-06,5.380571310319102e-07,5.596457010840874e-07,4.4831546356488587e-05,5.110405071564508e-07,5.664505756885498e-07,0.9999974919355766,3.1115290260383914,swept,69.6,0.286,1.0,10000.0,0.13238977700583066,0.01240506193029739,0.01339735478553547,0.9999999621118619,10000,668559939
GRB131014A,TR2,SBPL_BB,2.432,4.16,1.0,10000.0,observer,27.233074188232422,0.9492682218551636,0.12713776360430484,0.012251107929992483,0.013301312338171667,5.712236677830243e-06,5.380571310319102e-07,5.596457010840874e-07,4.4831546356488587e-05,5.110405071564508e-07,5.664505756885498e-07,0.9999974919355766,3.3743200695672746,swept,69.6,0.286,1.0,10000.0,0.13291361754118128,0.012475230344200866,0.013411677816093315,0.9999999682871378,10000,668559939
GRB131014A,TR2,SBPL_BB,2.432,4.16,1.0,10000.0,observer,27.233074188232422,0.9492682218551636,0.12713776360430484,0.012251107929992483,0.013301312338171667,5.712236677830243e-06,5.380571310319102e-07,5.596457010840874e-07,4.4831546356488587e-05,5.110405071564508e-07,5.664505756885498e-07,0.9999974919355766,3.6593057100229713,swept,69.6,0.286,1.0,10000.0,0.13346689744314116,0.01254370271754636,0.013440722224842827,0.999999973503506,10000,668559939
GRB131014A,TR2,SBPL_BB,2.432,4.16,1.0,10000.0,observer,27.233074188232422,0.9492682218551636,0.12713776360430484,0.012251107929992483,0.013301312338171667,5.712236677830243e-06,5.380571310319102e-07,5.596457010840874e-07,4.4831546356488587e-05,5.110405071564508e-07,5.664505756885498e-07,0.9999974919355766,3.968360441018843,swept,69.6,0.286,1.0,10000.0,0.13404688176415125,0.012565409915551953,0.013475782460833807,0.9999999778898746,10000,668559939
GRB131014A,TR2,SBPL_BB,2.432,4.16,1.0,10000.0,observer,27.233074188232422,0.9492682218551636,0.12713776360430484,0.012251107929992483,0.013301312338171667,5.712236677830243e-06,5.380571310319102e-07,5.596457010840874e-07,4.4831546356488587e-05,5.110405071564508e-07,5.664505756885498e-07,0.9999974919355766,4.30351707065885,swept,69.6,0.286,1.0,10000.0,0.1347059515948555,0.012593848024614718,0.013529340123228928,0.9999999815623251,10000,668559939
GRB131014A,TR2,SBPL_BB,2.432,4.16,1.0,10000.0,observer,27.233074188232422,0.9492682218551636,0.12713776360430484,0.012251107929992483,0.013301312338171667,5.712236677830243e-06,5.380571310319102e-07,5.596457010840874e-07,4.4831546356488587e-05,5.110405071564508e-07,5.664505756885498e-07,0.9999974919355766,4.666980092336878,swept,69.6,0.286,1.0,10000.0,0.13542313481679236,0.012633121147938672,0.013608420774888802,0.9999999846243548,10000,668559939
GRB131014A,TR2,SBPL_BB,2.432,4.16,1.0,10000.0,observer,27.233074188232422,0.9492682218551636,0.12713776360430484,0.012251107929992483,0.013301312338171667,5.712236677830243e-06,5.380571310319102e-07,5.596457010840874e-07,4.4831546356488587e-05,5.110405071564508e-07,5.664505756885498e-07,0.9999974919355766,5.0,swept,69.6,0.286,1.0,10000.0,0.13608904872498756,0.012663379450625567,0.013665700649941354,0.9999999868159913,10000,668559939
GRB131014A,TR2,SBPL_BB,2.432,4.16,1.0,10000.0,observer,27.233074188232422,0.9492682218551636,0.12713776360430484,0.012251107929992483,0.013301312338171667,5.712236677830243e-06,5.380571310319102e-07,5.596457010840874e-07,4.4831546356488587e-05,5.110405071564508e-07,5.664505756885498e-07,0.9999974919355766,5.061140184796385,swept,69.6,0.286,1.0,10000.0,0.13621653055027816,0.01266962817102936,0.013673455651714267,0.9999999871673975,10000,668559939
GRB131014A,TR2,SBPL_BB,2.432,4.16,1.0,10000.0,observer,27.233074188232422,0.9492682218551636,0.12713776360430484,0.012251107929992483,0.013301312338171667,5.712236677830243e-06,5.380571310319102e-07,5.596457010840874e-07,4.4831546356488587e-05,5.110405071564508e-07,5.664505756885498e-07,0.9999974919355766,5.488589936824571,swept,69.6,0.286,1.0,10000.0,0.13708999078567993,0.012713367682275226,0.013757190697343352,0.9999999892715428,10000,668559939
GRB131014A,TR2,SBPL_BB,2.432,4.16,1.0,10000.0,observer,27.233074188232422,0.9492682218551636,0.12713776360430484,0.012251107929992483,0.013301312338171667,5.712236677830243e-06,5.380571310319102e-07,5.596457010840874e-07,4.4831546356488587e-05,5.110405071564508e-07,5.664505756885498e-07,0.9999974919355766,5.95214090001024,swept,69.6,0.286,1.0,10000.0,0.1380718438541762,0.01278773166649419,0.013846212671792979,0.9999999910063896,10000,668559939
GRB131014A,TR2,SBPL_BB,2.432,4.16,1.0,10000.0,observer,27.233074188232422,0.9492682218551636,0.12713776360430484,0.012251107929992483,0.013301312338171667,5.712236677830243e-06,5.380571310319102e-07,5.596457010840874e-07,4.4831546356488587e-05,5.110405071564508e-07,5.664505756885498e-07,0.9999974919355766,6.454842081729937,swept,69.6,0.286,1.0,10000.0,0.13915450367691812,0.012863016091728907,0.013936720228192756,0.9999999924319751,10000,668559939
GRB131014A,TR2,SBPL_BB,2.432,4.16,1.0,10000.0,observer,27.233074188232422,0.9492682218551636,0.12713776360430484,0.012251107929992483,0.013301312338171667,5.712236677830243e-06,5.380571310319102e-07,5.596457010840874e-07,4.4831546356488587e-05,5.110405071564508e-07,5.664505756885498e-07,0.9999974919355766,7.0,swept,69.6,0.286,1.0,10000.0,0.14034483127702613,0.01294971860111116,0.014040965407559697,0.999999993599735,10000,668559939
GRB140206B,EX0,BAND_BB,4.288,11.072,1.0,10000.0,observer,58.51131820678711,4.043655872344971,0.05777521297971431,0.007955084767526724,0.008940198987501126,3.881045842307049e-07,5.314778727334585e-08,5.769853355465936e-08,6.72760661167254e-06,2.910677449562444e-07,2.6489304091600695e-07,0.999999743951148,1.0,swept,69.6,0.286,1.0,10000.0,0.06607070654932662,0.009168193958061857,0.010457871780552505,0.9999999666271876,10000,668559939
GRB140206B,EX0,BAND_BB,4.288,11.072,1.0,10000.0,observer,58.51131820678711,4.043655872344971,0.05777521297971431,0.007955084767526724,0.008940198987501126,3.881045842307049e-07,5.314778727334585e-08,5.769853355465936e-08,6.72760661167254e-06,2.910677449562444e-07,2.6489304091600695e-07,0.999999743951148,1.0844572045864764,swept,69.6,0.286,1.0,10000.0,0.06684769339694258,0.009310793170673848,0.01064536720228576,0.9999999703493103,10000,668559939
GRB140206B,EX0,BAND_BB,4.288,11.072,1.0,10000.0,observer,58.51131820678711,4.043655872344971,0.05777521297971431,0.007955084767526724,0.008940198987501126,3.881045842307049e-07,5.314778727334585e-08,5.769853355465936e-08,6.72760661167254e-06,2.910677449562444e-07,2.6489304091600695e-07,0.999999743951148,1.1760474285795146,swept,69.6,0.286,1.0,10000.0,0.06770311010735292,0.009444966225715987,0.01085609687201318,0.9999999737598381,10000,668559939
GRB140206B,EX0,BAND_BB,4.288,11.072,1.0,10000.0,observer,58.51131820678711,4.043655872344971,0.05777521297971431,0.007955084767526724,0.008940198987501126,3.881045842307049e-07,5.314778727334585e-08,5.769853355465936e-08,6.72760661167254e-06,2.910677449562444e-07,2.6489304091600695e-07,0.999999743951148,1.2753731068584542,swept,69.6,0.286,1.0,10000.0,0.06866920766623386,0.009605600514235237,0.011049016440760284,0.9999999768644705,10000,668559939
GRB140206B,EX0,BAND_BB,4.288,11.072,1.0,10000.0,observer,58.51131820678711,4.043655872344971,0.05777521297971431,0.007955084767526724,0.008940198987501126,3.881045842307049e-07,5.314778727334585e-08,5.769853355465936e-08,6.72760661167254e-06,2.910677449562444e-07,2.6489304091600695e-07,0.999999743951148,1.3830875542684884,swept,69.6,0.286,1.0,10000.0,0.06970833583318299,0.00974808441655206,0.011288481086813767,0.999999979672326,10000,668559939
GRB140206B,EX0,BAND_BB,4.288,11.072,1.0,10000.0,observer,58.51131820678711,4.043655872344971,0.05777521297971431,0.007955084767526724,0.008940198987501126,3.881045842307049e-07,5.314778727334585e-08,5.769853355465936e-08,6.72760661167254e-06,2.910677449562444e-07,2.6489304091600695e-07,0.999999743951148,1.4998992628003514,swept,69.6,0.286,1.0,10000.0,0.07088661787347522,0.00993058567944407,0.011512815511179095,0.9999999821954728,10000,668559939
GRB140206B,EX0,BAND_BB,4.288,11.072,1.0,10000.0,observer,58.51131820678711,4.043655872344971,0.05777521297971431,0.007955084767526724,0.008940198987501126,3.881045842307049e-07,5.314778727334585e-08,5.769853355465936e-08,6.72760661167254e-06,2.910677449562444e-07,2.6489304091600695e-07,0.999999743951148,1.6265765616977856,swept,69.6,0.286,1.0,10000.0,0.07219548257812397,0.010163507136160092,0.01178395519232335,0.9999999844484111,10000,668559939
GRB140206B,EX0,BAND_BB,4.288,11.072,1.0,10000.0,observer,58.51131820678711,4.043655872344971,0.05777521297971431,0.007955084767526724,0.008940198987501126,3.881045842307049e-07,5.314778727334585e-08,5.769853355465936e-08,6.72760661167254e-06,2.910677449562444e-07,2.6489304091600695e-07,0.999999743951148,1.763952671144663,swept,69.6,0.286,1.0,10000.0,0.07365099008064646,0.01043049590255693,0.012034135503669746,0.9999999864475317,10000,668559939
GRB140206B,EX0,BAND_BB,4.288,11.072,1.0,10000.0,observer,58.51131820678711,4.043655872344971,0.05777521297971431,0.007955084767526724,0.008940198987501126,3.881045842307049e-07,5.314778727334585e-08,5.769853355465936e-08,6.72760661167254e-06,2.910677449562444e-07,2.6489304091600695e-07,0.999999743951148,1.9129311827723892,swept,69.6,0.286,1.0,10000.0,0.07520723905082048,0.010660416086170979,0.012330060481868257,0.9999999882105766,10000,668559939
GRB140206B,EX0,BAND_BB,4.288,11.072,1.0,10000.0,observer,58.51131820678711,4.043655872344971,0.05777521297971431,0.007955084767526724,0.008940198987501126,3.881045842307049e-07,5.314778727334585e-08,5.769853355465936e-08,6.72760661167254e-06,2.910677449562444e-07,2.6489304091600695e-07,0.999999743951148,2.0,swept,69.6,0.286,1.0,10000.0,0.07612188522206652,0.010812265932398674,0.012494888709971008,0.999999989084757,10000,668559939
GRB140206B,EX0,BAND_BB,4.288,11.072,1.0,10000.0,observer,58.51131820678711,4.043655872344971,0.05777521297971431,0.007955084767526724,0.008940198987501126,3.881045842307049e-07,5.314778727334585e-08,5.769853355465936e-08,6.72760661167254e-06,2.910677449562444e-07,2.6489304091600695e-07,0.999999743951148,2.0744920030356466,swept,69.6,0.286,1.0,10000.0,0.07691564994131789,0.010927074298463568,0.012657663394569807,0.9999999897561189,10000,668559939
GRB140206B,EX0,BAND_BB,4.288,11.072,1.0,10000.0,observer,58.51131820678711,4.043655872344971,0.05777521297971431,0.007955084767526724,0.008940198987501126,3.881045842307049e-07,5.314778727334585e-08,5.769853355465936e-08,6.72760661167254e-06,2.910677449562444e-07,2.6489304091600695e-07,0.999999743951148,2.2496977985490374,swept,69.6,0.286,1.0,10000.0,0.0788130089543165,0.0112223402904124,0.013042892078945614,0.9999999911030855,10000,668559939
GRB140206B,EX0,BAND_BB,4.288,11.072,1.0,10000.0,observer,58.51131820678711,4.043655872344971,0.05777521297971431,0.007955084767526724,0.008940198987501126,3.881045842307049e-07,5.314778727334585e-08,5.769853355465936e-08,6.72760661167254e-06,2.910677449562444e-07,2.6489304091600695e-07,0.999999743951148,2.439700985778839,swept,69.6,0.286,1.0,10000.0,0.0809384732152283,0.011606658239224632,0.013377011604945324,0.9999999922703288,10000,668559939
GRB140206B,EX0,BAND_BB,4.288,11.072,1.0,10000.0,observer,58.51131820678711,4.043655872344971,0.05777521297971431,0.007955084767526724,0.008940198987501126,3.881045842307049e-07,5.314778727334585e-08,5.769853355465936e-08,6.72760661167254e-06,2.910677449562444e-07,2.6489304091600695e-07,0.999999743951148,2.6457513110645907,swept,69.6,0.286,1.0,10000.0,0.08319637207224924,0.011935419910101067,0.013790049907803234,0.9999999932762645,10000,668559939
GRB140206B,EX0,BAND_BB,4.288,11.072,1.0,10000.0,observer,58.51131820678711,4.043655872344971,0.05777521297971431,0.007955084767526724,0.008940198987501126,3.881045842307049e-07,5.314778727334585e-08,5.769853355465936e-08,6.72760661167254e-06,2.910677449562444e-07,2.6489304091600695e-07,0.999999743951148,2.8692040708281104,swept,69.6,0.286,1.0,10000.0,0.0856854039865303,0.012272423455789272,0.014263292203850614,0.9999999941385733,10000,668559939
GRB140206B,EX0,BAND_BB,4.288,11.072,1.0,10000.0,observer,58.51131820678711,4.043655872344971,0.05777521297971431,0.007955084767526724,0.008940198987501126,3.881045842307049e-07,5.314778727334585e-08,5.769853355465936e-08,6.72760661167254e-06,2.910677449562444e-07,2.6489304091600695e-07,0.999999743951148,3.0,swept,69.6,0.286,1.0,10000.0,0.08716723553858727,0.012526493277379355,0.014476724933827206,0.9999999945575754,10000,668559939
GRB140206B,EX0,BAND_BB,4.288,11.072,1.0,10000.0,observer,58.51131820678711,4.043655872344971,0.05777521297971431,0.007955084767526724,0.008940198987501126,3.881045842307049e-07,5.314778727334585e-08,5.769853355465936e-08,6.72760661167254e-06,2.910677449562444e-07,2.6489304091600695e-07,0.999999743951148,3.1115290260383914,swept,69.6,0.286,1.0,10000.0,0.08842758853081929,0.012712234526675248,0.014711462956690013,0.9999999948739617,10000,668559939
GRB140206B,EX0,BAND_BB,4.288,11.072,1.0,10000.0,observer,58.51131820678711,4.043655872344971,0.05777521297971431,0.007955084767526724,0.008940198987501126,3.881045842307049e-07,5.314778727334585e-08,5.769853355465936e-08,6.72760661167254e-06,2.910677449562444e-07,2.6489304091600695e-07,0.999999743951148,3.3743200695672746,swept,69.6,0.286,1.0,10000.0,0.09138859615988501,0.013161125939396542,0.015208865717206269,0.9999999954979363,10000,668559939
GRB140206B,EX0,BAND_BB,4.288,11.072,1.0,10000.0,observer,58.51131820678711,4.043655872344971,0.05777521297971431,0.007955084767526724,0.008940198987501126,3.881045842307049e-07,5.314778727334585e-08,5.769853355465936e-08,6.72760661167254e-06,2.910677449562444e-07,2.6489304091600695e-07,0.999999743951148,3.6593057100229713,swept,69.6,0.286,1.0,10000.0,0.09464238771628028,0.013665384871406991,0.015712023308214612,0.9999999960241633,10000,668559939
GRB140206B,EX0,BAND_BB,4.288,11.072,1.0,10000.0,observer,58.51131820678711,4.043655872344971,0.05777521297971431,0.007955084767526724,0.008940198987501126,3.881045842307049e-07,5.314778727334585e-08,5.769853355465936e-08,6.72760661167254e-06,2.910677449562444e-07,2.6489304091600695e-07,0.999999743951148,3.968360441018843,swept,69.6,0.286,1.0,10000.0,0.09814893703212724,0.014165103141094149,0.016238041767438524,0.9999999964604189,10000,668559939
GRB140206B,EX0,BAND_BB,4.288,11.072,1.0,10000.0,observer,58.51131820678711,4.043655872344971,0.05777521297971431,0.007955084767526724,0.008940198987501126,3.881045842307049e-07,5.314778727334585e-08,5.769853355465936e-08,6.72760661167254e-06,2.910677449562444e-07,2.6489304091600695e-07,0.999999743951148,4.30351707065885,swept,69.6,0.286,1.0,10000.0,0.1019459157100825,0.01469191324334343,0.016860847772837362,0.9999999967820054,10000,668559939
GRB140206B,EX0,BAND_BB,4.288,11.072,1.0,10000.0,observer,58.51131820678711,4.043655872344971,0.05777521297971431,0.007955084767526724,0.008940198987501126,3.881045842307049e-07,5.314778727334585e-08,5.769853355465936e-08,6.72760661167254e-06,2.910677449562444e-07,2.6489304091600695e-07,0.999999743951148,4.666980092336878,swept,69.6,0.286,1.0,10000.0,0.10606944661019808,0.015278347940789638,0.01747585211025264,0.9999999967752752,10000,668559939
GRB140206B,EX0,BAND_BB,4.288,11.072,1.0,10000.0,observer,58.51131820678711,4.043655872344971,0.05777521297971431,0.007955084767526724,0.008940198987501126,3.881045842307049e-07,5.314778727334585e-08,5.769853355465936e-08,6.72760661167254e-06,2.910677449562444e-07,2.6489304091600695e-07,0.999999743951148,5.0,swept,69.6,0.286,1.0,10000.0,0.10982284217778275,0.015799237712651168,0.018073631278272953,0.9999999956825582,10000,668559939
GRB140206B,EX0,BAND_BB,4.288,11.072,1.0,10000.0,observer,58.51131820678711,4.043655872344971,0.05777521297971431,0.007955084767526724,0.008940198987501126,3.881045842307049e-07,5.314778727334585e-08,5.769853355465936e-08,6.72760661167254e-06,2.910677449562444e-07,2.6489304091600695e-07,0.999999743951148,5.061140184796385,swept,69.6,0.286,1.0,10000.0,0.11051800270464451,0.015906492108024098,0.018172254039725,0.9999999952213617,10000,668559939
GRB140206B,EX0,BAND_BB,4.288,11.072,1.0,10000.0,observer,58.51131820678711,4.043655872344971,0.05777521297971431,0.007955084767526724,0.008940198987501126,3.881045842307049e-07,5.314778727334585e-08,5.769853355465936e-08,6.72760661167254e-06,2.910677449562444e-07,2.6489304091600695e-07,0.999999743951148,5.488589936824571,swept,69.6,0.286,1.0,10000.0,0.11532246349474551,0.016596821081792376,0.01888272279947209,0.999999986122011,10000,668559939
GRB140206B,EX0,BAND_BB,4.288,11.072,1.0,10000.0,observer,58.51131820678711,4.043655872344971,0.05777521297971431,0.007955084767526724,0.008940198987501126,3.881045842307049e-07,5.314778727334585e-08,5.769853355465936e-08,6.72760661167254e-06,2.910677449562444e-07,2.6489304091600695e-07,0.999999743951148,5.95214090001024,swept,69.6,0.286,1.0,10000.0,0.12051461799562671,0.01728577508480654,0.01964415613807452,0.9999999432156232,10000,668559939
GRB140206B,EX0,BAND_BB,4.288,11.072,1.0,10000.0,observer,58.51131820678711,4.043655872344971,0.05777521297971431,0.007955084767526724,0.008940198987501126,3.881045842307049e-07,5.314778727334585e-08,5.769853355465936e-08,6.72760661167254e-06,2.910677449562444e-07,2.6489304091600695e-07,0.999999743951148,6.454842081729937,swept,69.6,0.286,1.0,10000.0,0.12609166874279154,0.01801550214138896,0.020470202650129166,0.9999997635369209,10000,668559939
GRB140206B,EX0,BAND_BB,4.288,11.072,1.0,10000.0,observer,58.51131820678711,4.043655872344971,0.05777521297971431,0.007955084767526724,0.008940198987501126,3.881045842307049e-07,5.314778727334585e-08,5.769853355465936e-08,6.72760661167254e-06,2.910677449562444e-07,2.6489304091600695e-07,0.999999743951148,7.0,swept,69.6,0.286,1.0,10000.0,0.13207836187424138,0.01883423129779556,0.021303708857394327,0.9999990843724791,10000,668559939
GRB140206B,TR1,BAND_BB,7.488,11.072,1.0,10000.0,observer,55.84280014038086,3.7928547859191895,0.06375868773789645,0.008916095412682436,0.009401341991877976,5.883343595772918e-07,8.269767415466099e-08,8.398379048010788e-08,9.250291345082558e-06,4.36456692828063e-07,3.805656155887782e-07,0.9999997057693512,1.0,swept,69.6,0.286,1.0,10000.0,0.07240242601361316,0.010289909327169527,0.010954544846896203,0.9999999618334844,10000,668559939
GRB140206B,TR1,BAND_BB,7.488,11.072,1.0,10000.0,observer,55.84280014038086,3.7928547859191895,0.06375868773789645,0.008916095412682436,0.009401341991877976,5.883343595772918e-07,8.269767415466099e-08,8.398379048010788e-08,9.250291345082558e-06,4.36456692828063e-07,3.805656155887782e-07,0.9999997057693512,1.0844572045864764,swept,69.6,0.286,1.0,10000.0,0.0731738189250217,0.010418417622790985,0.011075148941737334,0.9999999661142531,10000,668559939
GRB140206B,TR1,BAND_BB,7.488,11.072,1.0,10000.0,observer,55.84280014038086,3.7928547859191895,0.06375868773789645,0.008916095412682436,0.009401341991877976,5.883343595772918e-07,8.269767415466099e-08,8.398379048010788e-08,9.250291345082558e-06,4.36456692828063e-07,3.805656155887782e-07,0.9999997057693512,1.1760474285795146,swept,69.6,0.286,1.0,10000.0,0.07403982398244999,0.010593466481217478,0.011241886735297246,0.9999999700366922,10000,668559939
GRB140206B,TR1,BAND_BB,7.488,11.072,1.0,10000.0,observer,55.84280014038086,3.7928547859191895,0.06375868773789645,0.008916095412682436,0.009401341991877976,5.883343595772918e-07,8.269767415466099e-08,8.398379048010788e-08,9.250291345082558e-06,4.36456692828063e-07,3.805656155887782e-07,0.9999997057693512,1.2753731068584542,swept,69.6,0.286,1.0,10000.0,0.07499267702113638,0.010744989609730984,0.011442267606815104,0.9999999736073517,10000,668559939
GRB140206B,TR1,BAND_BB,7.488,11.072,1.0,10000.0,observer,55.84280014038086,3.7928547859191895,0.06375868773789645,0.008916095412682436,0.009401341991877976,5.883343595772918e-07,8.269767415466099e-08,8.398379048010788e-08,9.250291345082558e-06,4.36456692828063e-07,3.805656155887782e-07,0.9999997057693512,1.3830875542684884,swept,69.6,0.286,1.0,10000.0,0.07603954312697332,0.01094785610171041,0.011633560852090316,0.9999999768367124,10000,668559939
GRB140206B,TR1,BAND_BB,7.488,11.072,1.0,10000.0,observer,55.84280014038086,3.7928547859191895,0.06375868773789645,0.008916095412682436,0.009401341991877976,5.883343595772918e-07,8.269767415466099e-08,8.398379048010788e-08,9.250291345082558e-06,4.36456692828063e-07,3.805656155887782e-07,0.9999997057693512,1.4998992628003514,swept,69.6,0.286,1.0,10000.0,0.07720555462207458,0.011143335522903489,0.011792514591454292,0.9999999797386484,10000,668559939
GRB140206B,TR1,BAND_BB,7.488,11.072,1.0,10000.0,observer,55.84280014038086,3.7928547859191895,0.06375868773789645,0.008916095412682436,0.009401341991877976,5.883343595772918e-07,8.269767415466099e-08,8.398379048010788e-08,9.250291345082558e-06,4.36456692828063e-07,3.805656155887782e-07,0.9999997057693512,1.6265765616977856,swept,69.6,0.286,1.0,10000.0,0.07846429470869319,0.011351062831530909,0.0120394675365922,0.9999999823298309,10000,668559939
GRB140206B,TR1,BAND_BB,7.488,11.072,1.0,10000.0,observer,55.84280014038086,3.7928547859191895,0.06375868773789645,0.008916095412682436,0.009401341991877976,5.883343595772918e-07,8.269767415466099e-08,8.398379048010788e-08,9.250291345082558e-06,4.36456692828063e-07,3.805656155887782e-07,0.9999997057693512,1.763952671144663,swept,69.6,0.286,1.0,10000.0,0.07982897708535786,0.011586106384237668,0.01232884177339677,0.9999999846291071,10000,668559939
GRB140206B,TR1,BAND_BB,7.488,11.072,1.0,10000.0,observer,55.84280014038086,3.7928547859191895,0.06375868773789645,0.008916095412682436,0.009401341991877976,5.883343595772918e-07,8.269767415466099e-08,8.398379048010788e-08,9.250291345082558e-06,4.36456692828063e-07,3.805656155887782e-07,0.9999997057693512,1.9129311827723892,swept,69.6,0.286,1.0,10000.0,0.08135038012589578,0.011799506785621014,0.012631669135555273,0.9999999866568777,10000,668559939
GRB140206B,TR1,BAND_BB,7.488,11.072,1.0,10000.0,observer,55.84280014038086,3.7928547859191895,0.06375868773789645,0.008916095412682436,0.009401341991877976,5.883343595772918e-07,8.269767415466099e-08,8.398379048010788e-08,9.250291345082558e-06,4.36456692828063e-07,3.805656155887782e-07,0.9999997057693512,2.0,swept,69.6,0.286,1.0,10000.0,0.08222966188899322,0.01193183403837228,0.012805889997043962,0.9999999876623245,10000,668559939
GRB140206B,TR1,BAND_BB,7.488,11.072,1.0,10000.0,observer,55.84280014038086,3.7928547859191895,0.06375868773789645,0.008916095412682436,0.009401341991877976,5.883343595772918e-07,8.269767415466099e-08,8.398379048010788e-08,9.250291345082558e-06,4.36456692828063e-07,3.805656155887782e-07,0.9999997057693512,2.0744920030356466,swept,69.6,0.286,1.0,10000.0,0.08300204933174125,0.012061298941976356,0.01292312486975844,0.9999999884345008,10000,668559939
GRB140206B,TR1,BAND_BB,7.488,11.072,1.0,10000.0,observer,55.84280014038086,3.7928547859191895,0.06375868773789645,0.008916095412682436,0.009401341991877976,5.883343595772918e-07,8.269767415466099e-08,8.398379048010788e-08,9.250291345082558e-06,4.36456692828063e-07,3.805656155887782e-07,0.9999997057693512,2.2496977985490374,swept,69.6,0.286,1.0,10000.0,0.08483663743712404,0.012333524188650719,0.013289622508792731,0.9999999899837405,10000,668559939
GRB140206B,TR1,BAND_BB,7.488,11.072,1.0,10000.0,observer,55.84280014038086,3.7928547859191895,0.06375868773789645,0.008916095412682436,0.009401341991877976,5.883343595772918e-07,8.269767415466099e-08,8.398379048010788e-08,9.250291345082558e-06,4.36456692828063e-07,3.805656155887782e-07,0.9999997057693512,2.439700985778839,swept,69.6,0.286,1.0,10000.0,0.08689112755849429,0.01266925530092737,0.013639912796749767,0.9999999913262779,10000,668559939
GRB140206B,TR1,BAND_BB,7.488,11.072,1.0,10000.0,observer,55.84280014038086,3.7928547859191895,0.06375868773789645,0.008916095412682436,0.009401341991877976,5.883343595772918e-07,8.269767415466099e-08,8.398379048010788e-08,9.250291345082558e-06,4.36456692828063e-07,3.805656155887782e-07,0.9999997057693512,2.6457513110645907,swept,69.6,0.286,1.0,10000.0,0.08913448652245665,0.013056172387744452,0.014034105586721385,0.999999992483291,10000,668559939
GRB140206B,TR1,BAND_BB,7.488,11.072,1.0,10000.0,observer,55.84280014038086,3.7928547859191895,0.06375868773789645,0.008916095412682436,0.009401341991877976,5.883343595772918e-07,8.269767415466099e-08,8.398379048010788e-08,9.250291345082558e-06,4.36456692828063e-07,3.805656155887782e-07,0.9999997057693512,2.8692040708281104,swept,69.6,0.286,1.0,10000.0,0.09157093513364067,0.013427113076118963,0.014539768151650173,0.9999999934751128,10000,668559939
GRB140206B,TR1,BAND_BB,7.488,11.072,1.0,10000.0,observer,55.84280014038086,3.7928547859191895,0.06375868773789645,0.008916095412682436,0.009401341991877976,5.883343595772918e-07,8.269767415466099e-08,8.398379048010788e-08,9.250291345082558e-06,4.36456692828063e-07,3.805656155887782e-07,0.9999997057693512,3.0,swept,69.6,0.286,1.0,10000.0,0.09299330188897709,0.013666566975716457,0.01478590641329186,0.9999999939570516,10000,668559939
GRB140206B,TR1,BAND_BB,7.488,11.072,1.0,10000.0,observer,55.84280014038086,3.7928547859191895,0.06375868773789645,0.008916095412682436,0.009401341991877976,5.883343595772918e-07,8.269767415466099e-08,8.398379048010788e-08,9.250291345082558e-06,4.36456692828063e-07,3.805656155887782e-07,0.9999997057693512,3.1115290260383914,swept,69.6,0.286,1.0,10000.0,0.09423493106292072,0.013890132004393693,0.014958674883594716,0.9999999943209668,10000,668559939
GRB140206B,TR1,BAND_BB,7.488,11.072,1.0,10000.0,observer,55.84280014038086,3.7928547859191895,0.06375868773789645,0.008916095412682436,0.009401341991877976,5.883343595772918e-07,8.269767415466099e-08,8.398379048010788e-08,9.250291345082558e-06,4.36456692828063e-07,3.805656155887782e-07,0.9999997057693512,3.3743200695672746,swept,69.6,0.286,1.0,10000.0,0.09715320995982446,0.01432896751072342,0.015386761876429664,0.9999999950387607,10000,668559939
GRB140206B,TR1,BAND_BB,7.488,11.072,1.0,10000.0,observer,55.84280014038086,3.7928547859191895,0.06375868773789645,0.008916095412682436,0.009401341991877976,5.883343595772918e-07,8.269767415466099e-08,8.398379048010788e-08,9.250291345082558e-06,4.36456692828063e-07,3.805656155887782e-07,0.9999997057693512,3.6593057100229713,swept,69.6,0.286,1.0,10000.0,0.10031235137164424,0.014847245711067505,0.01589253277569648,0.9999999956448532,10000,668559939
GRB140206B,TR1,BAND_BB,7.488,11.072,1.0,10000.0,observer,55.84280014038086,3.7928547859191895,0.06375868773789645,0.008916095412682436,0.009401341991877976,5.883343595772918e-07,8.269767415466099e-08,8.398379048010788e-08,9.250291345082558e-06,4.36456692828063e-07,3.805656155887782e-07,0.9999997057693512,3.968360441018843,swept,69.6,0.286,1.0,10000.0,0.10373167096088748,0.015371543634302418,0.01645404995379475,0.9999999961530369,10000,668559939
GRB140206B,TR1,BAND_BB,7.488,11.072,1.0,10000.0,observer,55.84280014038086,3.7928547859191895,0.06375868773789645,0.008916095412682436,0.009401341991877976,5.883343595772918e-07,8.269767415466099e-08,8.398379048010788e-08,9.250291345082558e-06,4.36456692828063e-07,3.805656155887782e-07,0.9999997057693512,4.30351707065885,swept,69.6,0.286,1.0,10000.0,0.10745439563109846,0.015969198982284924,0.016995668300439984,0.9999999965674345,10000,668559939
GRB140206B,TR1,BAND_BB,7.488,11.072,1.0,10000.0,observer,55.84280014038086,3.7928547859191895,0.06375868773789645,0.008916095412682436,0.009401341991877976,5.883343595772918e-07,8.269767415466099e-08,8.398379048010788e-08,9.250291345082558e-06,4.36456692828063e-07,3.805656155887782e-07,0.9999997057693512,4.666980092336878,swept,69.6,0.286,1.0,10000.0,0.11147320562175296,0.016521127764300023,0.01761988878967731,0.9999999968360973,10000,668559939
GRB140206B,TR1,BAND_BB,7.488,11.072,1.0,10000.0,observer,55.84280014038086,3.7928547859191895,0.06375868773789645,0.008916095412682436,0.009401341991877976,5.883343595772918e-07,8.269767415466099e-08,8.398379048010788e-08,9.250291345082558e-06,4.36456692828063e-07,3.805656155887782e-07,0.9999997057693512,5.0,swept,69.6,0.286,1.0,10000.0,0.11514686472234165,0.017042649763698375,0.018184632910926646,0.999999996696691,10000,668559939
GRB140206B,TR1,BAND_BB,7.488,11.072,1.0,10000.0,observer,55.84280014038086,3.7928547859191895,0.06375868773789645,0.008916095412682436,0.009401341991877976,5.883343595772918e-07,8.269767415466099e-08,8.398379048010788e-08,9.250291345082558e-06,4.36456692828063e-07,3.805656155887782e-07,0.9999997057693512,5.061140184796385,swept,69.6,0.286,1.0,10000.0,0.11582374186458452,0.01714024941274564,0.018282611746452487,0.999999996582932,10000,668559939
GRB140206B,TR1,BAND_BB,7.488,11.072,1.0,10000.0,observer,55.84280014038086,3.7928547859191895,0.06375868773789645,0.008916095412682436,0.009401341991877976,5.883343595772918e-07,8.269767415466099e-08,8.398379048010788e-08,9.250291345082558e-06,4.36456692828063e-07,3.805656155887782e-07,0.9999997057693512,5.488589936824571,swept,69.6,0.286,1.0,10000.0,0.12047877342463853,0.017791828034685597,0.019089276033871533,0.9999999937410698,10000,668559939
GRB140206B,TR1,BAND_BB,7.488,11.072,1.0,10000.0,observer,55.84280014038086,3.7928547859191895,0.06375868773789645,0.008916095412682436,0.009401341991877976,5.883343595772918e-07,8.269767415466099e-08,8.398379048010788e-08,9.250291345082558e-06,4.36456692828063e-07,3.805656155887782e-07,0.9999997057693512,5.95214090001024,swept,69.6,0.286,1.0,10000.0,0.12559111830734476,0.018559268819023547,0.0197938452527939,0.9999999783965561,10000,668559939
GRB140206B,TR1,BAND_BB,7.488,11.072,1.0,10000.0,observer,55.84280014038086,3.7928547859191895,0.06375868773789645,0.008916095412682436,0.009401341991877976,5.883343595772918e-07,8.269767415466099e-08,8.398379048010788e-08,9.250291345082558e-06,4.36456692828063e-07,3.805656155887782e-07,0.9999997057693512,6.454842081729937,swept,69.6,0.286,1.0,10000.0,0.13101983147221297,0.019320850267853865,0.02053346186706731,0.9999999082434239,10000,668559939
GRB140206B,TR1,BAND_BB,7.488,11.072,1.0,10000.0,observer,55.84280014038086,3.7928547859191895,0.06375868773789645,0.008916095412682436,0.009401341991877976,5.883343595772918e-07,8.269767415466099e-08,8.398379048010788e-08,9.250291345082558e-06,4.36456692828063e-07,3.805656155887782e-07,0.9999997057693512,7.0,swept,69.6,0.286,1.0,10000.0,0.13687384015061616,0.020182724851669012,0.021326719032849883,0.9999996218251106,10000,668559939
GRB231129C,T90,SBPL_BB,0.384,7.296,1.0,10000.0,observer,29.893070220947266,0.6548749804496765,0.22769072010782787,0.014520414554501426,0.014989571594506534,2.6037658747713248e-06,1.5554701485971383e-07,1.6039676914776062e-07,1.1421461899120641e-05,9.310916247465116e-08,1.1648397166364536e-07,0.9999981009710237,1.0,swept,69.6,0.286,1.0,10000.0,0.22773955198293092,0.014464845268193971,0.014961405520368759,0.9999997598604364,10000,668559939
GRB231129C,T90,SBPL_BB,0.384,7.296,1.0,10000.0,observer,29.893070220947266,0.6548749804496765,0.22769072010782787,0.014520414554501426,0.014989571594506534,2.6037658747713248e-06,1.5554701485971383e-07,1.6039676914776062e-07,1.1421461899120641e-05,9.310916247465116e-08,1.1648397166364536e-07,0.9999981009710237,1.0844572045864764,swept,69.6,0.286,1.0,10000.0,0.2277527831308343,0.014462379726557006,0.014956708343598385,0.9999997876610388,10000,668559939
GRB231129C,T90,SBPL_BB,0.384,7.296,1.0,10000.0,observer,29.893070220947266,0.6548749804496765,0.22769072010782787,0.014520414554501426,0.014989571594506534,2.6037658747713248e-06,1.5554701485971383e-07,1.6039676914776062e-07,1.1421461899120641e-05,9.310916247465116e-08,1.1648397166364536e-07,0.9999981009710237,1.1760474285795146,swept,69.6,0.286,1.0,10000.0,0.22776678876831138,0.01445280454092493,0.01495070728103709,0.9999998131385623,10000,668559939
GRB231129C,T90,SBPL_BB,0.384,7.296,1.0,10000.0,observer,29.893070220947266,0.6548749804496765,0.22769072010782787,0.014520414554501426,0.014989571594506534,2.6037658747713248e-06,1.5554701485971383e-07,1.6039676914776062e-07,1.1421461899120641e-05,9.310916247465116e-08,1.1648397166364536e-07,0.9999981009710237,1.2753731068584542,swept,69.6,0.286,1.0,10000.0,0.2277880665211699,0.014452391243273188,0.014940140893708626,0.9999998363348026,10000,668559939
GRB231129C,T90,SBPL_BB,0.384,7.296,1.0,10000.0,observer,29.893070220947266,0.6548749804496765,0.22769072010782787,0.014520414554501426,0.014989571594506534,2.6037658747713248e-06,1.5554701485971383e-07,1.6039676914776062e-07,1.1421461899120641e-05,9.310916247465116e-08,1.1648397166364536e-07,0.9999981009710237,1.3830875542684884,swept,69.6,0.286,1.0,10000.0,0.2278105828529483,0.014446058288930114,0.014941961588285868,0.9999998573171156,10000,668559939
GRB231129C,T90,SBPL_BB,0.384,7.296,1.0,10000.0,observer,29.893070220947266,0.6548749804496765,0.22769072010782787,0.014520414554501426,0.014989571594506534,2.6037658747713248e-06,1.5554701485971383e-07,1.6039676914776062e-07,1.1421461899120641e-05,9.310916247465116e-08,1.1648397166364536e-07,0.9999981009710237,1.4998992628003514,swept,69.6,0.286,1.0,10000.0,0.22783637006207977,0.014446314397125959,0.014944588672540532,0.9999998761749355,10000,668559939
GRB231129C,T90,SBPL_BB,0.384,7.296,1.0,10000.0,observer,29.893070220947266,0.6548749804496765,0.22769072010782787,0.014520414554501426,0.014989571594506534,2.6037658747713248e-06,1.5554701485971383e-07,1.6039676914776062e-07,1.1421461899120641e-05,9.310916247465116e-08,1.1648397166364536e-07,0.9999981009710237,1.6265765616977856,swept,69.6,0.286,1.0,10000.0,0.22787200827257476,0.014447158716113628,0.0149374361551817,0.9999998930159231,10000,668559939
GRB231129C,T90,SBPL_BB,0.384,7.296,1.0,10000.0,observer,29.893070220947266,0.6548749804496765,0.22769072010782787,0.014520414554501426,0.014989571594506534,2.6037658747713248e-06,1.5554701485971383e-07,1.6039676914776062e-07,1.1421461899120641e-05,9.310916247465116e-08,1.1648397166364536e-07,0.9999981009710237,1.763952671144663,swept,69.6,0.286,1.0,10000.0,0.22790148464894353,0.014422713192268344,0.014944395741716854,0.999999907961937,10000,668559939
GRB231129C,T90,SBPL_BB,0.384,7.296,1.0,10000.0,observer,29.893070220947266,0.6548749804496765,0.22769072010782787,0.014520414554501426,0.014989571594506534,2.6037658747713248e-06,1.5554701485971383e-07,1.6039676914776062e-07,1.1421461899120641e-05,9.310916247465116e-08,1.1648397166364536e-07,0.9999981009710237,1.9129311827723892,swept,69.6,0.286,1.0,10000.0,0.22795082525598248,0.01440931532209147,0.014923581570313621,0.9999999211450026,10000,668559939
GRB231129C,T90,SBPL_BB,0.384,7.296,1.0,10000.0,observer,29.893070220947266,0.6548749804496765,0.22769072010782787,0.014520414554501426,0.014989571594506534,2.6037658747713248e-06,1.5554701485971383e-07,1.6039676914776062e-07,1.1421461899120641e-05,9.310916247465116e-08,1.1648397166364536e-07,0.9999981009710237,2.0,swept,69.6,0.286,1.0,10000.0,0.2279725825567691,0.014393469907350048,0.01492565661566872,0.9999999276824051,10000,668559939
GRB231129C,T90,SBPL_BB,0.384,7.296,1.0,10000.0,observer,29.893070220947266,0.6548749804496765,0.22769072010782787,0.014520414554501426,0.014989571594506534,2.6037658747713248e-06,1.5554701485971383e-07,1.6039676914776062e-07,1.1421461899120641e-05,9.310916247465116e-08,1.1648397166364536e-07,0.9999981009710237,2.0744920030356466,swept,69.6,0.286,1.0,10000.0,0.22799420680952492,0.014378360394923295,0.014921778517839629,0.9999999327034397,10000,668559939
GRB231129C,T90,SBPL_BB,0.384,7.296,1.0,10000.0,observer,29.893070220947266,0.6548749804496765,0.22769072010782787,0.014520414554501426,0.014989571594506534,2.6037658747713248e-06,1.5554701485971383e-07,1.6039676914776062e-07,1.1421461899120641e-05,9.310916247465116e-08,1.1648397166364536e-07,0.9999981009710237,2.2496977985490374,swept,69.6,0.286,1.0,10000.0,0.22805542902642345,0.014382295874072276,0.014904929805823447,0.9999999427782831,10000,668559939
GRB231129C,T90,SBPL_BB,0.384,7.296,1.0,10000.0,observer,29.893070220947266,0.6548749804496765,0.22769072010782787,0.014520414554501426,0.014989571594506534,2.6037658747713248e-06,1.5554701485971383e-07,1.6039676914776062e-07,1.1421461899120641e-05,9.310916247465116e-08,1.1648397166364536e-07,0.9999981009710237,2.439700985778839,swept,69.6,0.286,1.0,10000.0,0.22811710699158957,0.014372474630360982,0.014898856509349578,0.9999999515100971,10000,668559939
GRB231129C,T90,SBPL_BB,0.384,7.296,1.0,10000.0,observer,29.893070220947266,0.6548749804496765,0.22769072010782787,0.014520414554501426,0.014989571594506534,2.6037658747713248e-06,1.5554701485971383e-07,1.6039676914776062e-07,1.1421461899120641e-05,9.310916247465116e-08,1.1648397166364536e-07,0.9999981009710237,2.6457513110645907,swept,69.6,0.286,1.0,10000.0,0.22819916136348903,0.014351161552225489,0.014887244433247349,0.9999999590362485,10000,668559939
GRB231129C,T90,SBPL_BB,0.384,7.296,1.0,10000.0,observer,29.893070220947266,0.6548749804496765,0.22769072010782787,0.014520414554501426,0.014989571594506534,2.6037658747713248e-06,1.5554701485971383e-07,1.6039676914776062e-07,1.1421461899120641e-05,9.310916247465116e-08,1.1648397166364536e-07,0.9999981009710237,2.8692040708281104,swept,69.6,0.286,1.0,10000.0,0.22829604637066203,0.014312978782176328,0.014872513780315899,0.9999999654886761,10000,668559939
GRB231129C,T90,SBPL_BB,0.384,7.296,1.0,10000.0,observer,29.893070220947266,0.6548749804496765,0.22769072010782787,0.014520414554501426,0.014989571594506534,2.6037658747713248e-06,1.5554701485971383e-07,1.6039676914776062e-07,1.1421461899120641e-05,9.310916247465116e-08,1.1648397166364536e-07,0.9999981009710237,3.0,swept,69.6,0.286,1.0,10000.0,0.22836209620482323,0.014302324949623718,0.014851714761505458,0.9999999686242915,10000,668559939
GRB231129C,T90,SBPL_BB,0.384,7.296,1.0,10000.0,observer,29.893070220947266,0.6548749804496765,0.22769072010782787,0.014520414554501426,0.014989571594506534,2.6037658747713248e-06,1.5554701485971383e-07,1.6039676914776062e-07,1.1421461899120641e-05,9.310916247465116e-08,1.1648397166364536e-07,0.9999981009710237,3.1115290260383914,swept,69.6,0.286,1.0,10000.0,0.22842181038504977,0.014281183127462127,0.014835949769826495,0.9999999709921624,10000,668559939
GRB231129C,T90,SBPL_BB,0.384,7.296,1.0,10000.0,observer,29.893070220947266,0.6548749804496765,0.22769072010782787,0.014520414554501426,0.014989571594506534,2.6037658747713248e-06,1.5554701485971383e-07,1.6039676914776062e-07,1.1421461899120641e-05,9.310916247465116e-08,1.1648397166364536e-07,0.9999981009710237,3.3743200695672746,swept,69.6,0.286,1.0,10000.0,0.22855350565502303,0.014256720545670398,0.014805746965080857,0.9999999756630832,10000,668559939
GRB231129C,T90,SBPL_BB,0.384,7.296,1.0,10000.0,observer,29.893070220947266,0.6548749804496765,0.22769072010782787,0.014520414554501426,0.014989571594506534,2.6037658747713248e-06,1.5554701485971383e-07,1.6039676914776062e-07,1.1421461899120641e-05,9.310916247465116e-08,1.1648397166364536e-07,0.9999981009710237,3.6593057100229713,swept,69.6,0.286,1.0,10000.0,0.22870262679255943,0.0142265454825381,0.014798286358193302,0.9999999796086031,10000,668559939
GRB231129C,T90,SBPL_BB,0.384,7.296,1.0,10000.0,observer,29.893070220947266,0.6548749804496765,0.22769072010782787,0.014520414554501426,0.014989571594506534,2.6037658747713248e-06,1.5554701485971383e-07,1.6039676914776062e-07,1.1421461899120641e-05,9.310916247465116e-08,1.1648397166364536e-07,0.9999981009710237,3.968360441018843,swept,69.6,0.286,1.0,10000.0,0.2288828304714423,0.014188747134924656,0.014785422033419343,0.9999999829262596,10000,668559939
GRB231129C,T90,SBPL_BB,0.384,7.296,1.0,10000.0,observer,29.893070220947266,0.6548749804496765,0.22769072010782787,0.014520414554501426,0.014989571594506534,2.6037658747713248e-06,1.5554701485971383e-07,1.6039676914776062e-07,1.1421461899120641e-05,9.310916247465116e-08,1.1648397166364536e-07,0.9999981009710237,4.30351707065885,swept,69.6,0.286,1.0,10000.0,0.22912379878765704,0.014159887306703589,0.014741863743289646,0.9999999857038803,10000,668559939
GRB231129C,T90,SBPL_BB,0.384,7.296,1.0,10000.0,observer,29.893070220947266,0.6548749804496765,0.22769072010782787,0.014520414554501426,0.014989571594506534,2.6037658747713248e-06,1.5554701485971383e-07,1.6039676914776062e-07,1.1421461899120641e-05,9.310916247465116e-08,1.1648397166364536e-07,0.9999981009710237,4.666980092336878,swept,69.6,0.286,1.0,10000.0,0.2294010794002945,0.014138905616343372,0.014715596647212503,0.9999999880197682,10000,668559939
GRB231129C,T90,SBPL_BB,0.384,7.296,1.0,10000.0,observer,29.893070220947266,0.6548749804496765,0.22769072010782787,0.014520414554501426,0.014989571594506534,2.6037658747713248e-06,1.5554701485971383e-07,1.6039676914776062e-07,1.1421461899120641e-05,9.310916247465116e-08,1.1648397166364536e-07,0.9999981009710237,5.0,swept,69.6,0.286,1.0,10000.0,0.22964840240415407,0.014099614544304778,0.014711509931241207,0.9999999896773268,10000,668559939
GRB231129C,T90,SBPL_BB,0.384,7.296,1.0,10000.0,observer,29.893070220947266,0.6548749804496765,0.22769072010782787,0.014520414554501426,0.014989571594506534,2.6037658747713248e-06,1.5554701485971383e-07,1.6039676914776062e-07,1.1421461899120641e-05,9.310916247465116e-08,1.1648397166364536e-07,0.9999981009710237,5.061140184796385,swept,69.6,0.286,1.0,10000.0,0.22969534801452612,0.014097440323648347,0.014720228093335508,0.9999999899430967,10000,668559939
GRB231129C,T90,SBPL_BB,0.384,7.296,1.0,10000.0,observer,29.893070220947266,0.6548749804496765,0.22769072010782787,0.014520414554501426,0.014989571594506534,2.6037658747713248e-06,1.5554701485971383e-07,1.6039676914776062e-07,1.1421461899120641e-05,9.310916247465116e-08,1.1648397166364536e-07,0.9999981009710237,5.488589936824571,swept,69.6,0.286,1.0,10000.0,0.23005537490178052,0.014030980644497842,0.01472661925552704,0.9999999915344535,10000,668559939
GRB231129C,T90,SBPL_BB,0.384,7.296,1.0,10000.0,observer,29.893070220947266,0.6548749804496765,0.22769072010782787,0.014520414554501426,0.014989571594506534,2.6037658747713248e-06,1.5554701485971383e-07,1.6039676914776062e-07,1.1421461899120641e-05,9.310916247465116e-08,1.1648397166364536e-07,0.9999981009710237,5.95214090001024,swept,69.6,0.286,1.0,10000.0,0.23051963243678097,0.013990356354632472,0.014678989237903839,0.9999999928464886,10000,668559939
GRB231129C,T90,SBPL_BB,0.384,7.296,1.0,10000.0,observer,29.893070220947266,0.6548749804496765,0.22769072010782787,0.014520414554501426,0.014989571594506534,2.6037658747713248e-06,1.5554701485971383e-07,1.6039676914776062e-07,1.1421461899120641e-05,9.310916247465116e-08,1.1648397166364536e-07,0.9999981009710237,6.454842081729937,swept,69.6,0.286,1.0,10000.0,0.23101970579598277,0.01391383447207084,0.014686109512431267,0.9999999939246165,10000,668559939
GRB231129C,T90,SBPL_BB,0.384,7.296,1.0,10000.0,observer,29.893070220947266,0.6548749804496765,0.22769072010782787,0.014520414554501426,0.014989571594506534,2.6037658747713248e-06,1.5554701485971383e-07,1.6039676914776062e-07,1.1421461899120641e-05,9.310916247465116e-08,1.1648397166364536e-07,0.9999981009710237,7.0,swept,69.6,0.286,1.0,10000.0,0.2316574698245784,0.013923120424137153,0.014652319538608571,0.9999999948077376,10000,668559939
GRB231129C,EX0,SBPL_BB,-0.192,3.136,1.0,10000.0,observer,31.2021541595459,0.8845780491828918,0.20558234036660913,0.014931164410404929,0.016691499959073763,3.969817250259189e-06,2.771880592735593e-07,2.8828592080739654e-07,1.9255601948045572e-05,2.4787345753692646e-07,2.683209223076695e-07,0.9999983290480884,1.0,swept,69.6,0.286,1.0,10000.0,0.2067789436454361,0.014808819199189194,0.016508961925358584,0.9999997886054919,10000,668559939
GRB231129C,EX0,SBPL_BB,-0.192,3.136,1.0,10000.0,observer,31.2021541595459,0.8845780491828918,0.20558234036660913,0.014931164410404929,0.016691499959073763,3.969817250259189e-06,2.771880592735593e-07,2.8828592080739654e-07,1.9255601948045572e-05,2.4787345753692646e-07,2.683209223076695e-07,0.9999983290480884,1.0844572045864764,swept,69.6,0.286,1.0,10000.0,0.20690050688492787,0.01479624606568497,0.016485120352422028,0.9999998130601603,10000,668559939
GRB231129C,EX0,SBPL_BB,-0.192,3.136,1.0,10000.0,observer,31.2021541595459,0.8845780491828918,0.20558234036660913,0.014931164410404929,0.016691499959073763,3.969817250259189e-06,2.771880592735593e-07,2.8828592080739654e-07,1.9255601948045572e-05,2.4787345753692646e-07,2.683209223076695e-07,0.9999983290480884,1.1760474285795146,swept,69.6,0.286,1.0,10000.0,0.20704077281438288,0.014782074414360608,0.016457419317761818,0.9999998354710237,10000,668559939
GRB231129C,EX0,SBPL_BB,-0.192,3.136,1.0,10000.0,observer,31.2021541595459,0.8845780491828918,0.20558234036660913,0.014931164410404929,0.016691499959073763,3.969817250259189e-06,2.771880592735593e-07,2.8828592080739654e-07,1.9255601948045572e-05,2.4787345753692646e-07,2.683209223076695e-07,0.9999983290480884,1.2753731068584542,swept,69.6,0.286,1.0,10000.0,0.20718792203142244,0.014782756007833048,0.016437113647869955,0.9999998558749058,10000,668559939
GRB231129C,EX0,SBPL_BB,-0.192,3.136,1.0,10000.0,observer,31.2021541595459,0.8845780491828918,0.20558234036660913,0.014931164410404929,0.016691499959073763,3.969817250259189e-06,2.771880592735593e-07,2.8828592080739654e-07,1.9255601948045572e-05,2.4787345753692646e-07,2.683209223076695e-07,0.9999983290480884,1.3830875542684884,swept,69.6,0.286,1.0,10000.0,0.20734456887536556,0.014760295907675497,0.016423106632330126,0.9999998743311133,10000,668559939
GRB231129C,EX0,SBPL_BB,-0.192,3.136,1.0,10000.0,observer,31.2021541595459,0.8845780491828918,0.20558234036660913,0.014931164410404929,0.016691499959073763,3.969817250259189e-06,2.771880592735593e-07,2.8828592080739654e-07,1.9255601948045572e-05,2.4787345753692646e-07,2.683209223076695e-07,0.9999983290480884,1.4998992628003514,swept,69.6,0.286,1.0,10000.0,0.2075114931452332,0.014719689037503147,0.016411846725731066,0.999999890918369,10000,668559939
GRB231129C,EX0,SBPL_BB,-0.192,3.136,1.0,10000.0,observer,31.2021541595459,0.8845780491828918,0.20558234036660913,0.014931164410404929,0.016691499959073763,3.969817250259189e-06,2.771880592735593e-07,2.8828592080739654e-07,1.9255601948045572e-05,2.4787345753692646e-07,2.683209223076695e-07,0.9999983290480884,1.6265765616977856,swept,69.6,0.286,1.0,10000.0,0.20770546373772686,0.014706795885359863,0.016405883104810587,0.999999905731425,10000,668559939
GRB231129C,EX0,SBPL_BB,-0.192,3.136,1.0,10000.0,observer,31.2021541595459,0.8845780491828918,0.20558234036660913,0.014931164410404929,0.016691499959073763,3.969817250259189e-06,2.771880592735593e-07,2.8828592080739654e-07,1.9255601948045572e-05,2.4787345753692646e-07,2.683209223076695e-07,0.9999983290480884,1.763952671144663,swept,69.6,0.286,1.0,10000.0,0.20792436719732868,0.014699902084277766,0.016397996105403295,0.9999999188775163,10000,668559939
GRB231129C,EX0,SBPL_BB,-0.192,3.136,1.0,10000.0,observer,31.2021541595459,0.8845780491828918,0.20558234036660913,0.014931164410404929,0.016691499959073763,3.969817250259189e-06,2.771880592735593e-07,2.8828592080739654e-07,1.9255601948045572e-05,2.4787345753692646e-07,2.683209223076695e-07,0.9999983290480884,1.9129311827723892,swept,69.6,0.286,1.0,10000.0,0.2081561185392205,0.014673828621804247,0.01641210851839217,0.9999999304728151,10000,668559939
GRB231129C,EX0,SBPL_BB,-0.192,3.136,1.0,10000.0,observer,31.2021541595459,0.8845780491828918,0.20558234036660913,0.014931164410404929,0.016691499959073763,3.969817250259189e-06,2.771880592735593e-07,2.8828592080739654e-07,1.9255601948045572e-05,2.4787345753692646e-07,2.683209223076695e-07,0.9999983290480884,2.0,swept,69.6,0.286,1.0,10000.0,0.20829974350997926,0.014667403328021189,0.016388592538262026,0.9999999362227954,10000,668559939
GRB231129C,EX0,SBPL_BB,-0.192,3.136,1.0,10000.0,observer,31.2021541595459,0.8845780491828918,0.20558234036660913,0.014931164410404929,0.016691499959073763,3.969817250259189e-06,2.771880592735593e-07,2.8828592080739654e-07,1.9255601948045572e-05,2.4787345753692646e-07,2.683209223076695e-07,0.9999983290480884,2.0744920030356466,swept,69.6,0.286,1.0,10000.0,0.20841852860002896,0.01465091136678423,0.016381354789604813,0.9999999406390246,10000,668559939
GRB231129C,EX0,SBPL_BB,-0.192,3.136,1.0,10000.0,observer,31.2021541595459,0.8845780491828918,0.20558234036660913,0.014931164410404929,0.016691499959073763,3.969817250259189e-06,2.771880592735593e-07,2.8828592080739654e-07,1.9255601948045572e-05,2.4787345753692646e-07,2.683209223076695e-07,0.9999983290480884,2.2496977985490374,swept,69.6,0.286,1.0,10000.0,0.20873449899958743,0.014640889454768935,0.016380893228340382,0.9999999495002303,10000,668559939
GRB231129C,EX0,SBPL_BB,-0.192,3.136,1.0,10000.0,observer,31.2021541595459,0.8845780491828918,0.20558234036660913,0.014931164410404929,0.016691499959073763,3.969817250259189e-06,2.771880592735593e-07,2.8828592080739654e-07,1.9255601948045572e-05,2.4787345753692646e-07,2.683209223076695e-07,0.9999983290480884,2.439700985778839,swept,69.6,0.286,1.0,10000.0,0.20907877142337739,0.014612184092927666,0.016362750549890503,0.9999999571800972,10000,668559939
GRB231129C,EX0,SBPL_BB,-0.192,3.136,1.0,10000.0,observer,31.2021541595459,0.8845780491828918,0.20558234036660913,0.014931164410404929,0.016691499959073763,3.969817250259189e-06,2.771880592735593e-07,2.8828592080739654e-07,1.9255601948045572e-05,2.4787345753692646e-07,2.683209223076695e-07,0.9999983290480884,2.6457513110645907,swept,69.6,0.286,1.0,10000.0,0.2094808901982848,0.014613147864308867,0.016317251023705848,0.9999999637994733,10000,668559939
GRB231129C,EX0,SBPL_BB,-0.192,3.136,1.0,10000.0,observer,31.2021541595459,0.8845780491828918,0.20558234036660913,0.014931164410404929,0.016691499959073763,3.969817250259189e-06,2.771880592735593e-07,2.8828592080739654e-07,1.9255601948045572e-05,2.4787345753692646e-07,2.683209223076695e-07,0.9999983290480884,2.8692040708281104,swept,69.6,0.286,1.0,10000.0,0.20991894835224298,0.014609066552676908,0.016282201448085343,0.9999999694744269,10000,668559939
GRB231129C,EX0,SBPL_BB,-0.192,3.136,1.0,10000.0,observer,31.2021541595459,0.8845780491828918,0.20558234036660913,0.014931164410404929,0.016691499959073763,3.969817250259189e-06,2.771880592735593e-07,2.8828592080739654e-07,1.9255601948045572e-05,2.4787345753692646e-07,2.683209223076695e-07,0.9999983290480884,3.0,swept,69.6,0.286,1.0,10000.0,0.21018166068207594,0.014607011255070884,0.016287179945692648,0.999999972232198,10000,668559939
GRB231129C,EX0,SBPL_BB,-0.192,3.136,1.0,10000.0,observer,31.2021541595459,0.8845780491828918,0.20558234036660913,0.014931164410404929,0.016691499959073763,3.969817250259189e-06,2.771880592735593e-07,2.8828592080739654e-07,1.9255601948045572e-05,2.4787345753692646e-07,2.683209223076695e-07,0.9999983290480884,3.1115290260383914,swept,69.6,0.286,1.0,10000.0,0.2104157970368615,0.014620532370725026,0.01627805170049379,0.9999999743147274,10000,668559939
GRB231129C,EX0,SBPL_BB,-0.192,3.136,1.0,10000.0,observer,31.2021541595459,0.8845780491828918,0.20558234036660913,0.014931164410404929,0.016691499959073763,3.969817250259189e-06,2.771880592735593e-07,2.8828592080739654e-07,1.9255601948045572e-05,2.4787345753692646e-07,2.683209223076695e-07,0.9999983290480884,3.3743200695672746,swept,69.6,0.286,1.0,10000.0,0.210947966049714,0.01461516771532037,0.016308378177021493,0.9999999784227459,10000,668559939
GRB231129C,EX0,SBPL_BB,-0.192,3.136,1.0,10000.0,observer,31.2021541595459,0.8845780491828918,0.20558234036660913,0.014931164410404929,0.016691499959073763,3.969817250259189e-06,2.771880592735593e-07,2.8828592080739654e-07,1.9255601948045572e-05,2.4787345753692646e-07,2.683209223076695e-07,0.9999983290480884,3.6593057100229713,swept,69.6,0.286,1.0,10000.0,0.2115554945416435,0.014613576878077239,0.016317048793651645,0.999999981892748,10000,668559939
GRB231129C,EX0,SBPL_BB,-0.192,3.136,1.0,10000.0,observer,31.2021541595459,0.8845780491828918,0.20558234036660913,0.014931164410404929,0.016691499959073763,3.969817250259189e-06,2.771880592735593e-07,2.8828592080739654e-07,1.9255601948045572e-05,2.4787345753692646e-07,2.683209223076695e-07,0.9999983290480884,3.968360441018843,swept,69.6,0.286,1.0,10000.0,0.21221231552572847,0.014593762482017214,0.016320435518623083,0.9999999848105291,10000,668559939
GRB231129C,EX0,SBPL_BB,-0.192,3.136,1.0,10000.0,observer,31.2021541595459,0.8845780491828918,0.20558234036660913,0.014931164410404929,0.016691499959073763,3.969817250259189e-06,2.771880592735593e-07,2.8828592080739654e-07,1.9255601948045572e-05,2.4787345753692646e-07,2.683209223076695e-07,0.9999983290480884,4.30351707065885,swept,69.6,0.286,1.0,10000.0,0.212979792962012,0.014591740119898639,0.01634229526492953,0.9999999872533425,10000,668559939
GRB231129C,EX0,SBPL_BB,-0.192,3.136,1.0,10000.0,observer,31.2021541595459,0.8845780491828918,0.20558234036660913,0.014931164410404929,0.016691499959073763,3.969817250259189e-06,2.771880592735593e-07,2.8828592080739654e-07,1.9255601948045572e-05,2.4787345753692646e-07,2.683209223076695e-07,0.9999983290480884,4.666980092336878,swept,69.6,0.286,1.0,10000.0,0.2138473878405233,0.014566756073824488,0.016334454791603364,0.9999999892900614,10000,668559939
GRB231129C,EX0,SBPL_BB,-0.192,3.136,1.0,10000.0,observer,31.2021541595459,0.8845780491828918,0.20558234036660913,0.014931164410404929,0.016691499959073763,3.969817250259189e-06,2.771880592735593e-07,2.8828592080739654e-07,1.9255601948045572e-05,2.4787345753692646e-07,2.683209223076695e-07,0.9999983290480884,5.0,swept,69.6,0.286,1.0,10000.0,0.214650152582207,0.014550575143754352,0.016363686429810648,0.9999999907477982,10000,668559939
GRB231129C,EX0,SBPL_BB,-0.192,3.136,1.0,10000.0,observer,31.2021541595459,0.8845780491828918,0.20558234036660913,0.014931164410404929,0.016691499959073763,3.969817250259189e-06,2.771880592735593e-07,2.8828592080739654e-07,1.9255601948045572e-05,2.4787345753692646e-07,2.683209223076695e-07,0.9999983290480884,5.061140184796385,swept,69.6,0.286,1.0,10000.0,0.21480460413074282,0.014557479097559667,0.016372624964682725,0.9999999909815278,10000,668559939
GRB231129C,EX0,SBPL_BB,-0.192,3.136,1.0,10000.0,observer,31.2021541595459,0.8845780491828918,0.20558234036660913,0.014931164410404929,0.016691499959073763,3.969817250259189e-06,2.771880592735593e-07,2.8828592080739654e-07,1.9255601948045572e-05,2.4787345753692646e-07,2.683209223076695e-07,0.9999983290480884,5.488589936824571,swept,69.6,0.286,1.0,10000.0,0.21588309116623705,0.014577179902408421,0.01641935032117095,0.9999999923810318,10000,668559939
GRB231129C,EX0,SBPL_BB,-0.192,3.136,1.0,10000.0,observer,31.2021541595459,0.8845780491828918,0.20558234036660913,0.014931164410404929,0.016691499959073763,3.969817250259189e-06,2.771880592735593e-07,2.8828592080739654e-07,1.9255601948045572e-05,2.4787345753692646e-07,2.683209223076695e-07,0.9999983290480884,5.95214090001024,swept,69.6,0.286,1.0,10000.0,0.21713624653190639,0.014624937065487037,0.01643940598193175,0.9999999935348799,10000,668559939
GRB231129C,EX0,SBPL_BB,-0.192,3.136,1.0,10000.0,observer,31.2021541595459,0.8845780491828918,0.20558234036660913,0.014931164410404929,0.016691499959073763,3.969817250259189e-06,2.771880592735593e-07,2.8828592080739654e-07,1.9255601948045572e-05,2.4787345753692646e-07,2.683209223076695e-07,0.9999983290480884,6.454842081729937,swept,69.6,0.286,1.0,10000.0,0.21854781704691992,0.014673082403555415,0.016494866177348633,0.9999999944830137,10000,668559939
GRB231129C,EX0,SBPL_BB,-0.192,3.136,1.0,10000.0,observer,31.2021541595459,0.8845780491828918,0.20558234036660913,0.014931164410404929,0.016691499959073763,3.969817250259189e-06,2.771880592735593e-07,2.8828592080739654e-07,1.9255601948045572e-05,2.4787345753692646e-07,2.683209223076695e-07,0.9999983290480884,7.0,swept,69.6,0.286,1.0,10000.0,0.22012954363239173,0.014697498397851144,0.016567165401981443,0.9999999952596168,10000,668559939
GRB231129C,TR1,SBPL_BB,0.384,3.136,1.0,10000.0,observer,31.04477310180664,0.8503799438476562,0.24617927705044193,0.017191680338269455,0.018841134728426218,4.761749767666534e-06,3.270238418172702e-07,3.285009371703067e-07,1.9281511033761946e-05,2.024947603978633e-07,2.2505351153563375e-07,0.9999983036321539,1.0,swept,69.6,0.286,1.0,10000.0,0.24641852684451881,0.01708141881867281,0.01874307795691227,0.9999997854027746,10000,668559939
GRB231129C,TR1,SBPL_BB,0.384,3.136,1.0,10000.0,observer,31.04477310180664,0.8503799438476562,0.24617927705044193,0.017191680338269455,0.018841134728426218,4.761749767666534e-06,3.270238418172702e-07,3.285009371703067e-07,1.9281511033761946e-05,2.024947603978633e-07,2.2505351153563375e-07,0.9999983036321539,1.0844572045864764,swept,69.6,0.286,1.0,10000.0,0.2464530674892143,0.01708236324520221,0.018719698854750333,0.9999998102302585,10000,668559939
GRB231129C,TR1,SBPL_BB,0.384,3.136,1.0,10000.0,observer,31.04477310180664,0.8503799438476562,0.24617927705044193,0.017191680338269455,0.018841134728426218,4.761749767666534e-06,3.270238418172702e-07,3.285009371703067e-07,1.9281511033761946e-05,2.024947603978633e-07,2.2505351153563375e-07,0.9999983036321539,1.1760474285795146,swept,69.6,0.286,1.0,10000.0,0.24649178857162424,0.017063082745761626,0.018700506960469432,0.9999998329828167,10000,668559939
GRB231129C,TR1,SBPL_BB,0.384,3.136,1.0,10000.0,observer,31.04477310180664,0.8503799438476562,0.24617927705044193,0.017191680338269455,0.018841134728426218,4.761749767666534e-06,3.270238418172702e-07,3.285009371703067e-07,1.9281511033761946e-05,2.024947603978633e-07,2.2505351153563375e-07,0.9999983036321539,1.2753731068584542,swept,69.6,0.286,1.0,10000.0,0.2465334399984624,0.01706176389072056,0.01869403244171508,0.9999998536978276,10000,668559939
GRB231129C,TR1,SBPL_BB,0.384,3.136,1.0,10000.0,observer,31.04477310180664,0.8503799438476562,0.24617927705044193,0.017191680338269455,0.018841134728426218,4.761749767666534e-06,3.270238418172702e-07,3.285009371703067e-07,1.9281511033761946e-05,2.024947603978633e-07,2.2505351153563375e-07,0.9999983036321539,1.3830875542684884,swept,69.6,0.286,1.0,10000.0,0.24656773225037615,0.017038701977345777,0.01870027285019421,0.9999998724354956,10000,668559939
GRB231129C,TR1,SBPL_BB,0.384,3.136,1.0,10000.0,observer,31.04477310180664,0.8503799438476562,0.24617927705044193,0.017191680338269455,0.018841134728426218,4.761749767666534e-06,3.270238418172702e-07,3.285009371703067e-07,1.9281511033761946e-05,2.024947603978633e-07,2.2505351153563375e-07,0.9999983036321539,1.4998992628003514,swept,69.6,0.286,1.0,10000.0,0.2466257794762528,0.017035055659210457,0.018689012721005593,0.9999998892757368,10000,668559939
GRB231129C,TR1,SBPL_BB,0.384,3.136,1.0,10000.0,observer,31.04477310180664,0.8503799438476562,0.24617927705044193,0.017191680338269455,0.018841134728426218,4.761749767666534e-06,3.270238418172702e-07,3.285009371703067e-07,1.9281511033761946e-05,2.024947603978633e-07,2.2505351153563375e-07,0.9999983036321539,1.6265765616977856,swept,69.6,0.286,1.0,10000.0,0.2466824881988901,0.01703230671406386,0.018683530835521378,0.9999999043147424,10000,668559939
GRB231129C,TR1,SBPL_BB,0.384,3.136,1.0,10000.0,observer,31.04477310180664,0.8503799438476562,0.24617927705044193,0.017191680338269455,0.018841134728426218,4.761749767666534e-06,3.270238418172702e-07,3.285009371703067e-07,1.9281511033761946e-05,2.024947603978633e-07,2.2505351153563375e-07,0.9999983036321539,1.763952671144663,swept,69.6,0.286,1.0,10000.0,0.24675740324710987,0.01704637592354688,0.018662784007139332,0.9999999176613773,10000,668559939
GRB231129C,TR1,SBPL_BB,0.384,3.136,1.0,10000.0,observer,31.04477310180664,0.8503799438476562,0.24617927705044193,0.017191680338269455,0.018841134728426218,4.761749767666534e-06,3.270238418172702e-07,3.285009371703067e-07,1.9281511033761946e-05,2.024947603978633e-07,2.2505351153563375e-07,0.9999983036321539,1.9129311827723892,swept,69.6,0.286,1.0,10000.0,0.24683898097907847,0.017037492910994823,0.01864434488592559,0.9999999294335803,10000,668559939
GRB231129C,TR1,SBPL_BB,0.384,3.136,1.0,10000.0,observer,31.04477310180664,0.8503799438476562,0.24617927705044193,0.017191680338269455,0.018841134728426218,4.761749767666534e-06,3.270238418172702e-07,3.285009371703067e-07,1.9281511033761946e-05,2.024947603978633e-07,2.2505351153563375e-07,0.9999983036321539,2.0,swept,69.6,0.286,1.0,10000.0,0.2468835764979478,0.017025247129908855,0.018639783023631173,0.9999999352712923,10000,668559939
GRB231129C,TR1,SBPL_BB,0.384,3.136,1.0,10000.0,observer,31.04477310180664,0.8503799438476562,0.24617927705044193,0.017191680338269455,0.018841134728426218,4.761749767666534e-06,3.270238418172702e-07,3.285009371703067e-07,1.9281511033761946e-05,2.024947603978633e-07,2.2505351153563375e-07,0.9999983036321539,2.0744920030356466,swept,69.6,0.286,1.0,10000.0,0.24692178083334482,0.017015410494698985,0.018637807203560453,0.9999999397549063,10000,668559939
GRB231129C,TR1,SBPL_BB,0.384,3.136,1.0,10000.0,observer,31.04477310180664,0.8503799438476562,0.24617927705044193,0.017191680338269455,0.018841134728426218,4.761749767666534e-06,3.270238418172702e-07,3.285009371703067e-07,1.9281511033761946e-05,2.024947603978633e-07,2.2505351153563375e-07,0.9999983036321539,2.2496977985490374,swept,69.6,0.286,1.0,10000.0,0.24701380302643028,0.01698963351267116,0.01864367497306718,0.9999999487513296,10000,668559939
GRB231129C,TR1,SBPL_BB,0.384,3.136,1.0,10000.0,observer,31.04477310180664,0.8503799438476562,0.24617927705044193,0.017191680338269455,0.018841134728426218,4.761749767666534e-06,3.270238418172702e-07,3.285009371703067e-07,1.9281511033761946e-05,2.024947603978633e-07,2.2505351153563375e-07,0.9999983036321539,2.439700985778839,swept,69.6,0.286,1.0,10000.0,0.24713867475734955,0.016954332772226716,0.01862972796526477,0.9999999565483986,10000,668559939
GRB231129C,TR1,SBPL_BB,0.384,3.136,1.0,10000.0,observer,31.04477310180664,0.8503799438476562,0.24617927705044193,0.017191680338269455,0.018841134728426218,4.761749767666534e-06,3.270238418172702e-07,3.285009371703067e-07,1.9281511033761946e-05,2.024947603978633e-07,2.2505351153563375e-07,0.9999983036321539,2.6457513110645907,swept,69.6,0.286,1.0,10000.0,0.24728142096497713,0.01694527288996267,0.018588910890186994,0.9999999632688018,10000,668559939
GRB231129C,TR1,SBPL_BB,0.384,3.136,1.0,10000.0,observer,31.04477310180664,0.8503799438476562,0.24617927705044193,0.017191680338269455,0.018841134728426218,4.761749767666534e-06,3.270238418172702e-07,3.285009371703067e-07,1.9281511033761946e-05,2.024947603978633e-07,2.2505351153563375e-07,0.9999983036321539,2.8692040708281104,swept,69.6,0.286,1.0,10000.0,0.2474659627377886,0.016982227344445155,0.018531590549412058,0.9999999690303764,10000,668559939
GRB231129C,TR1,SBPL_BB,0.384,3.136,1.0,10000.0,observer,31.04477310180664,0.8503799438476562,0.24617927705044193,0.017191680338269455,0.018841134728426218,4.761749767666534e-06,3.270238418172702e-07,3.285009371703067e-07,1.9281511033761946e-05,2.024947603978633e-07,2.2505351153563375e-07,0.9999983036321539,3.0,swept,69.6,0.286,1.0,10000.0,0.2475805438823891,0.016963694587859374,0.018501517230053444,0.999999971830244,10000,668559939
GRB231129C,TR1,SBPL_BB,0.384,3.136,1.0,10000.0,observer,31.04477310180664,0.8503799438476562,0.24617927705044193,0.017191680338269455,0.018841134728426218,4.761749767666534e-06,3.270238418172702e-07,3.285009371703067e-07,1.9281511033761946e-05,2.024947603978633e-07,2.2505351153563375e-07,0.9999983036321539,3.1115290260383914,swept,69.6,0.286,1.0,10000.0,0.2476626811693199,0.016947154739544446,0.018501836981354713,0.9999999739445636,10000,668559939
GRB231129C,TR1,SBPL_BB,0.384,3.136,1.0,10000.0,observer,31.04477310180664,0.8503799438476562,0.24617927705044193,0.017191680338269455,0.018841134728426218,4.761749767666534e-06,3.270238418172702e-07,3.285009371703067e-07,1.9281511033761946e-05,2.024947603978633e-07,2.2505351153563375e-07,0.9999983036321539,3.3743200695672746,swept,69.6,0.286,1.0,10000.0,0.24789761980920644,0.016936309078192185,0.01845199231536565,0.9999999781152961,10000,668559939
GRB231129C,TR1,SBPL_BB,0.384,3.136,1.0,10000.0,observer,31.04477310180664,0.8503799438476562,0.24617927705044193,0.017191680338269455,0.018841134728426218,4.761749767666534e-06,3.270238418172702e-07,3.285009371703067e-07,1.9281511033761946e-05,2.024947603978633e-07,2.2505351153563375e-07,0.9999983036321539,3.6593057100229713,swept,69.6,0.286,1.0,10000.0,0.2481333713532838,0.01686760158779857,0.01845150379188934,0.9999999816382757,10000,668559939
GRB231129C,TR1,SBPL_BB,0.384,3.136,1.0,10000.0,observer,31.04477310180664,0.8503799438476562,0.24617927705044193,0.017191680338269455,0.018841134728426218,4.761749767666534e-06,3.270238418172702e-07,3.285009371703067e-07,1.9281511033761946e-05,2.024947603978633e-07,2.2505351153563375e-07,0.9999983036321539,3.968360441018843,swept,69.6,0.286,1.0,10000.0,0.2484278416648816,0.01680743737768786,0.01842780232171029,0.9999999846006072,10000,668559939
GRB231129C,TR1,SBPL_BB,0.384,3.136,1.0,10000.0,observer,31.04477310180664,0.8503799438476562,0.24617927705044193,0.017191680338269455,0.018841134728426218,4.761749767666534e-06,3.270238418172702e-07,3.285009371703067e-07,1.9281511033761946e-05,2.024947603978633e-07,2.2505351153563375e-07,0.9999983036321539,4.30351707065885,swept,69.6,0.286,1.0,10000.0,0.24878273607389467,0.016766124026416113,0.018383246725337976,0.9999999870807214,10000,668559939
GRB231129C,TR1,SBPL_BB,0.384,3.136,1.0,10000.0,observer,31.04477310180664,0.8503799438476562,0.24617927705044193,0.017191680338269455,0.018841134728426218,4.761749767666534e-06,3.270238418172702e-07,3.285009371703067e-07,1.9281511033761946e-05,2.024947603978633e-07,2.2505351153563375e-07,0.9999983036321539,4.666980092336878,swept,69.6,0.286,1.0,10000.0,0.24920177026330387,0.016737852657149915,0.01836047331063051,0.9999999891485422,10000,668559939
GRB231129C,TR1,SBPL_BB,0.384,3.136,1.0,10000.0,observer,31.04477310180664,0.8503799438476562,0.24617927705044193,0.017191680338269455,0.018841134728426218,4.761749767666534e-06,3.270238418172702e-07,3.285009371703067e-07,1.9281511033761946e-05,2.024947603978633e-07,2.2505351153563375e-07,0.9999983036321539,5.0,swept,69.6,0.286,1.0,10000.0,0.24963196089480397,0.016758324752487425,0.018318702493095834,0.999999990628541,10000,668559939
GRB231129C,TR1,SBPL_BB,0.384,3.136,1.0,10000.0,observer,31.04477310180664,0.8503799438476562,0.24617927705044193,0.017191680338269455,0.018841134728426218,4.761749767666534e-06,3.270238418172702e-07,3.285009371703067e-07,1.9281511033761946e-05,2.024947603978633e-07,2.2505351153563375e-07,0.9999983036321539,5.061140184796385,swept,69.6,0.286,1.0,10000.0,0.24970202235959693,0.01671802722144211,0.01831881945717395,0.9999999908658401,10000,668559939
GRB231129C,TR1,SBPL_BB,0.384,3.136,1.0,10000.0,observer,31.04477310180664,0.8503799438476562,0.24617927705044193,0.017191680338269455,0.018841134728426218,4.761749767666534e-06,3.270238418172702e-07,3.285009371703067e-07,1.9281511033761946e-05,2.024947603978633e-07,2.2505351153563375e-07,0.9999983036321539,5.488589936824571,swept,69.6,0.286,1.0,10000.0,0.2502816197623501,0.016692091194518477,0.01827144642427364,0.9999999922867181,10000,668559939
GRB231129C,TR1,SBPL_BB,0.384,3.136,1.0,10000.0,observer,31.04477310180664,0.8503799438476562,0.24617927705044193,0.017191680338269455,0.018841134728426218,4.761749767666534e-06,3.270238418172702e-07,3.285009371703067e-07,1.9281511033761946e-05,2.024947603978633e-07,2.2505351153563375e-07,0.9999983036321539,5.95214090001024,swept,69.6,0.286,1.0,10000.0,0.25095952685021483,0.016679517850733128,0.018238921836971123,0.9999999934581892,10000,668559939
GRB231129C,TR1,SBPL_BB,0.384,3.136,1.0,10000.0,observer,31.04477310180664,0.8503799438476562,0.24617927705044193,0.017191680338269455,0.018841134728426218,4.761749767666534e-06,3.270238418172702e-07,3.285009371703067e-07,1.9281511033761946e-05,2.024947603978633e-07,2.2505351153563375e-07,0.9999983036321539,6.454842081729937,swept,69.6,0.286,1.0,10000.0,0.25177606765578636,0.016662304511794263,0.018199943062224055,0.9999999944208056,10000,668559939
GRB231129C,TR1,SBPL_BB,0.384,3.136,1.0,10000.0,observer,31.04477310180664,0.8503799438476562,0.24617927705044193,0.017191680338269455,0.018841134728426218,4.761749767666534e-06,3.270238418172702e-07,3.285009371703067e-07,1.9281511033761946e-05,2.024947603978633e-07,2.2505351153563375e-07,0.9999983036321539,7.0,swept,69.6,0.286,1.0,10000.0,0.25272091109720946,0.016682471718464348,0.01822223367929704,0.9999999952092786,10000,668559939
